timestamp=17853468378003, VA=0000800100003000-0000800100013000, binding_type=bind, object_type=VK_OBJECT_TYPE_DEVICE, object_handle=0x611dcbe31490
timestamp=17853468418139, VA=0000800100027000-0000800100027380, binding_type=bind, object_type=VK_OBJECT_TYPE_DEVICE, object_handle=0x611dcbe31490
timestamp=17853468742580, VA=0000800100200000-0000800102200000, binding_type=bind, object_type=VK_OBJECT_TYPE_DEVICE_MEMORY, object_handle=0x611dcbbe9910
timestamp=17853468768830, VA=0000800100200000-0000800100280010, binding_type=bind, object_type=VK_OBJECT_TYPE_BUFFER, object_handle=0x611dcbc3dba0
timestamp=17853468852397, VA=0000800102200000-0000800104200000, binding_type=bind, object_type=VK_OBJECT_TYPE_DEVICE_MEMORY, object_handle=0x611dcbbe9a30
timestamp=17853468853649, VA=0000800102200000-0000800102208000, binding_type=bind, object_type=VK_OBJECT_TYPE_BUFFER, object_handle=0x611dcbbfd3a0
timestamp=17853470083797, VA=0000800100040000-0000800100041000, binding_type=bind, object_type=VK_OBJECT_TYPE_DEVICE_MEMORY, object_handle=0x611dcbe2eb10
timestamp=17853470101670, VA=0000800100040000-0000800100041000, binding_type=unbind, object_type=VK_OBJECT_TYPE_DEVICE_MEMORY, object_handle=0x611dcbe2eb10
timestamp=17853470156794, VA=0000800104200000-00008001054e0000, binding_type=bind, object_type=VK_OBJECT_TYPE_DEVICE_MEMORY, object_handle=0x611dcbe2eb10
timestamp=17853470164078, VA=0000800104200000-00008001054e0000, binding_type=bind, object_type=VK_OBJECT_TYPE_IMAGE, object_handle=0x611dcbe2b4d0
timestamp=17853470189836, VA=0000800105600000-00008001068e0000, binding_type=bind, object_type=VK_OBJECT_TYPE_DEVICE_MEMORY, object_handle=0x611dcbe2dab0
timestamp=17853470193553, VA=0000800105600000-00008001068e0000, binding_type=bind, object_type=VK_OBJECT_TYPE_IMAGE, object_handle=0x611dcbe2bad0
timestamp=17853470212269, VA=0000800106a00000-0000800107ce0000, binding_type=bind, object_type=VK_OBJECT_TYPE_DEVICE_MEMORY, object_handle=0x611dcbe2db40
timestamp=17853470216346, VA=0000800106a00000-0000800107ce0000, binding_type=bind, object_type=VK_OBJECT_TYPE_IMAGE, object_handle=0x611dcbe2c0d0
timestamp=17853471119247, VA=0000800107e00000-00008001090e0000, binding_type=bind, object_type=VK_OBJECT_TYPE_DEVICE_MEMORY, object_handle=0x611dcbe2ac80
timestamp=17853471125709, VA=0000800107e00000-00008001090e0000, binding_type=bind, object_type=VK_OBJECT_TYPE_IMAGE, object_handle=0x611dcbe2ad80
timestamp=17853471440953, VA=0000800109200000-000080010a4e0000, binding_type=bind, object_type=VK_OBJECT_TYPE_DEVICE_MEMORY, object_handle=0x611dcbd2ba60
timestamp=17853471447265, VA=0000800109200000-000080010a4e0000, binding_type=bind, object_type=VK_OBJECT_TYPE_IMAGE, object_handle=0x611dcbd2b400
timestamp=17853471584273, VA=000080010a600000-000080010b8e0000, binding_type=bind, object_type=VK_OBJECT_TYPE_DEVICE_MEMORY, object_handle=0x611dcbd2c230
timestamp=17853471589172, VA=000080010a600000-000080010b8e0000, binding_type=bind, object_type=VK_OBJECT_TYPE_IMAGE, object_handle=0x611dcbd2bbd0
timestamp=17853471757649, VA=000080010ba00000-000080010cce0000, binding_type=bind, object_type=VK_OBJECT_TYPE_DEVICE_MEMORY, object_handle=0x611dcbd2cae0
timestamp=17853471762288, VA=000080010ba00000-000080010cce0000, binding_type=bind, object_type=VK_OBJECT_TYPE_IMAGE, object_handle=0x611dcbd2c480
timestamp=17853472447479, VA=0000800100013000-0000800100013020, binding_type=bind, object_type=VK_OBJECT_TYPE_QUERY_POOL, object_handle=0x611dcbd2e0f0
timestamp=17853472466064, VA=0000800100014000-0000800100014020, binding_type=bind, object_type=VK_OBJECT_TYPE_QUERY_POOL, object_handle=0x611dcbd31b30
timestamp=17853472479299, VA=0000800100015000-0000800100015010, binding_type=bind, object_type=VK_OBJECT_TYPE_QUERY_POOL, object_handle=0x611dcbd32140
timestamp=17853472494768, VA=0000800100016000-0000800100016010, binding_type=bind, object_type=VK_OBJECT_TYPE_QUERY_POOL, object_handle=0x611dcbd32670
timestamp=17853488339223, VA=000080010ce00000-000080011ce00000, binding_type=bind, object_type=VK_OBJECT_TYPE_DEVICE_MEMORY, object_handle=0x611dcc94eed0
timestamp=17853488354541, VA=000080010ce00000-000080011ce00000, binding_type=bind, object_type=VK_OBJECT_TYPE_BUFFER, object_handle=0x611dcc918a70
timestamp=17853488472814, VA=0000800000000000-000080000003c280, binding_type=bind, object_type=VK_OBJECT_TYPE_DESCRIPTOR_POOL, object_handle=0x611dcc8f4cd0
timestamp=17853488800842, VA=000080011ce00000-000080011ee00000, binding_type=bind, object_type=VK_OBJECT_TYPE_DEVICE_MEMORY, object_handle=0x611dcc982740
timestamp=17853488812003, VA=000080011ce00000-000080011ce30100, binding_type=bind, object_type=VK_OBJECT_TYPE_BUFFER, object_handle=0x611dcc93c210
timestamp=17853488842971, VA=0000800102208000-0000800102210000, binding_type=bind, object_type=VK_OBJECT_TYPE_BUFFER, object_handle=0x611dcc984060
timestamp=17853488851427, VA=000080011ce30100-000080011ce60200, binding_type=bind, object_type=VK_OBJECT_TYPE_BUFFER, object_handle=0x611dcc985890
timestamp=17853488872968, VA=0000800102210000-0000800102218000, binding_type=bind, object_type=VK_OBJECT_TYPE_BUFFER, object_handle=0x611dcc985970
timestamp=17853488885471, VA=000080011ce60200-000080011ce90300, binding_type=bind, object_type=VK_OBJECT_TYPE_BUFFER, object_handle=0x611dcc987190
timestamp=17853488906321, VA=0000800102218000-0000800102220000, binding_type=bind, object_type=VK_OBJECT_TYPE_BUFFER, object_handle=0x611dcc987270
timestamp=17853488912582, VA=000080011ce90300-000080011cec0400, binding_type=bind, object_type=VK_OBJECT_TYPE_BUFFER, object_handle=0x611dcc988af0
timestamp=17853488934624, VA=0000800102220000-0000800102228000, binding_type=bind, object_type=VK_OBJECT_TYPE_BUFFER, object_handle=0x611dcc988bd0
timestamp=17853488944573, VA=000080011cec0400-000080011cef0500, binding_type=bind, object_type=VK_OBJECT_TYPE_BUFFER, object_handle=0x611dcc98a490
timestamp=17853488965462, VA=0000800102228000-0000800102230000, binding_type=bind, object_type=VK_OBJECT_TYPE_BUFFER, object_handle=0x611dcc98a570
timestamp=17853488971533, VA=000080011cef0500-000080011cf20600, binding_type=bind, object_type=VK_OBJECT_TYPE_BUFFER, object_handle=0x611dcc98bda0
timestamp=17853488992122, VA=0000800102230000-0000800102238000, binding_type=bind, object_type=VK_OBJECT_TYPE_BUFFER, object_handle=0x611dcc98be80
timestamp=17853489011338, VA=000080011cf20600-000080011cf50700, binding_type=bind, object_type=VK_OBJECT_TYPE_BUFFER, object_handle=0x611dcc98d6b0
timestamp=17853489034452, VA=0000800102238000-0000800102240000, binding_type=bind, object_type=VK_OBJECT_TYPE_BUFFER, object_handle=0x611dcbd2ccb0
timestamp=17853489041085, VA=000080011cf50700-000080011cf80800, binding_type=bind, object_type=VK_OBJECT_TYPE_BUFFER, object_handle=0x611dcc98f850
timestamp=17853489062204, VA=0000800102240000-0000800102248000, binding_type=bind, object_type=VK_OBJECT_TYPE_BUFFER, object_handle=0x611dcc98f930
timestamp=17853489072003, VA=000080011cf80800-000080011cfb0900, binding_type=bind, object_type=VK_OBJECT_TYPE_BUFFER, object_handle=0x611dcc991120
timestamp=17853489092822, VA=0000800102248000-0000800102250000, binding_type=bind, object_type=VK_OBJECT_TYPE_BUFFER, object_handle=0x611dcc991200
timestamp=17853489098863, VA=000080011cfb0900-000080011cfe0a00, binding_type=bind, object_type=VK_OBJECT_TYPE_BUFFER, object_handle=0x611dcc992ac0
timestamp=17853489119222, VA=0000800102250000-0000800102258000, binding_type=bind, object_type=VK_OBJECT_TYPE_BUFFER, object_handle=0x611dcc992ba0
timestamp=17853489131234, VA=000080011cfe0a00-000080011d010b00, binding_type=bind, object_type=VK_OBJECT_TYPE_BUFFER, object_handle=0x611dcc994390
timestamp=17853489152685, VA=0000800102258000-0000800102260000, binding_type=bind, object_type=VK_OBJECT_TYPE_BUFFER, object_handle=0x611dcc994470
timestamp=17853489159908, VA=000080011d010b00-000080011d040c00, binding_type=bind, object_type=VK_OBJECT_TYPE_BUFFER, object_handle=0x611dcc995c60
timestamp=17853489179656, VA=0000800102260000-0000800102268000, binding_type=bind, object_type=VK_OBJECT_TYPE_BUFFER, object_handle=0x611dcbd2d3b0
timestamp=17853489421892, VA=000080011d040c00-000080011d070d00, binding_type=bind, object_type=VK_OBJECT_TYPE_BUFFER, object_handle=0x611dcc9e4450
timestamp=17853489443943, VA=0000800102268000-0000800102270000, binding_type=bind, object_type=VK_OBJECT_TYPE_BUFFER, object_handle=0x611dcc9e44d0
timestamp=17853489450676, VA=000080011d070d00-000080011d0a0e00, binding_type=bind, object_type=VK_OBJECT_TYPE_BUFFER, object_handle=0x611dcc9e5cc0
timestamp=17853489471355, VA=0000800102270000-0000800102278000, binding_type=bind, object_type=VK_OBJECT_TYPE_BUFFER, object_handle=0x611dcc9e5da0
timestamp=17853489481725, VA=000080011d0a0e00-000080011d0d0f00, binding_type=bind, object_type=VK_OBJECT_TYPE_BUFFER, object_handle=0x611dcc9e7590
timestamp=17853489503966, VA=0000800102278000-0000800102280000, binding_type=bind, object_type=VK_OBJECT_TYPE_BUFFER, object_handle=0x611dcc9e7670
timestamp=17853489511521, VA=000080011d0d0f00-000080011d101000, binding_type=bind, object_type=VK_OBJECT_TYPE_BUFFER, object_handle=0x611dcc9e92f0
timestamp=17853489532881, VA=0000800102280000-0000800102288000, binding_type=bind, object_type=VK_OBJECT_TYPE_BUFFER, object_handle=0x611dcc9e9860
timestamp=17853489543030, VA=000080011d101000-000080011d131100, binding_type=bind, object_type=VK_OBJECT_TYPE_BUFFER, object_handle=0x611dcc9eb050
timestamp=17853489564971, VA=0000800102288000-0000800102290000, binding_type=bind, object_type=VK_OBJECT_TYPE_BUFFER, object_handle=0x611dcc9eb130
timestamp=17853489571043, VA=000080011d131100-000080011d161200, binding_type=bind, object_type=VK_OBJECT_TYPE_BUFFER, object_handle=0x611dcc9ecd70
timestamp=17853489593104, VA=0000800102290000-0000800102298000, binding_type=bind, object_type=VK_OBJECT_TYPE_BUFFER, object_handle=0x611dcc9ece50
timestamp=17853489603223, VA=000080011d161200-000080011d191300, binding_type=bind, object_type=VK_OBJECT_TYPE_BUFFER, object_handle=0x611dcc9ee640
timestamp=17853489624614, VA=0000800102298000-00008001022a0000, binding_type=bind, object_type=VK_OBJECT_TYPE_BUFFER, object_handle=0x611dcc9ee720
timestamp=17853489631797, VA=000080011d191300-000080011d1c1400, binding_type=bind, object_type=VK_OBJECT_TYPE_BUFFER, object_handle=0x611dcc9f0060
timestamp=17853489653278, VA=00008001022a0000-00008001022a8000, binding_type=bind, object_type=VK_OBJECT_TYPE_BUFFER, object_handle=0x611dcc9f0140
timestamp=17853489662355, VA=000080011d1c1400-000080011d1f1500, binding_type=bind, object_type=VK_OBJECT_TYPE_BUFFER, object_handle=0x611dcc9f1960
timestamp=17853489684567, VA=00008001022a8000-00008001022b0000, binding_type=bind, object_type=VK_OBJECT_TYPE_BUFFER, object_handle=0x611dcc9f1a40
timestamp=17853489691620, VA=000080011d1f1500-000080011d221600, binding_type=bind, object_type=VK_OBJECT_TYPE_BUFFER, object_handle=0x611dcc9f3230
timestamp=17853489712058, VA=00008001022b0000-00008001022b8000, binding_type=bind, object_type=VK_OBJECT_TYPE_BUFFER, object_handle=0x611dcc9f3310
timestamp=17853489721576, VA=000080011d221600-000080011d251700, binding_type=bind, object_type=VK_OBJECT_TYPE_BUFFER, object_handle=0x611dcc9f4f50
timestamp=17853489742466, VA=00008001022b8000-00008001022c0000, binding_type=bind, object_type=VK_OBJECT_TYPE_BUFFER, object_handle=0x611dcc9f5030
timestamp=17853489748637, VA=000080011d251700-000080011d281800, binding_type=bind, object_type=VK_OBJECT_TYPE_BUFFER, object_handle=0x611dcc9f6820
timestamp=17853489768475, VA=00008001022c0000-00008001022c8000, binding_type=bind, object_type=VK_OBJECT_TYPE_BUFFER, object_handle=0x611dcc9f6900
timestamp=17853489934738, VA=000080000003d000-0000800000041000, binding_type=bind, object_type=VK_OBJECT_TYPE_COMMAND_BUFFER, object_handle=0x611dcbe6b7f0
timestamp=17853490250843, VA=0000800100017000-0000800100017020, binding_type=bind, object_type=VK_OBJECT_TYPE_QUERY_POOL, object_handle=0x611dcca0a830
timestamp=17853490268787, VA=0000800100018000-0000800100018020, binding_type=bind, object_type=VK_OBJECT_TYPE_QUERY_POOL, object_handle=0x611dcca0a8b0
timestamp=17853506107451, VA=000080011ee00000-000080012ee00000, binding_type=bind, object_type=VK_OBJECT_TYPE_DEVICE_MEMORY, object_handle=0x611dcd611ea0
timestamp=17853506117630, VA=000080011ee00000-000080012ee00000, binding_type=bind, object_type=VK_OBJECT_TYPE_BUFFER, object_handle=0x611dcd621520
timestamp=17853506213941, VA=0000800000041000-000080000007d280, binding_type=bind, object_type=VK_OBJECT_TYPE_DESCRIPTOR_POOL, object_handle=0x611dcd661610
timestamp=17853506463642, VA=000080011d281800-000080011d2b1900, binding_type=bind, object_type=VK_OBJECT_TYPE_BUFFER, object_handle=0x611dcd638c70
timestamp=17853506487968, VA=00008001022c8000-00008001022d0000, binding_type=bind, object_type=VK_OBJECT_TYPE_BUFFER, object_handle=0x611dcd5ed2a0
timestamp=17853506497345, VA=000080011d2b1900-000080011d2e1a00, binding_type=bind, object_type=VK_OBJECT_TYPE_BUFFER, object_handle=0x611dcd5efb30
timestamp=17853506515680, VA=00008001022d0000-00008001022d8000, binding_type=bind, object_type=VK_OBJECT_TYPE_BUFFER, object_handle=0x611dcd5efc10
timestamp=17853506529235, VA=000080011d2e1a00-000080011d311b00, binding_type=bind, object_type=VK_OBJECT_TYPE_BUFFER, object_handle=0x611dcd5f1400
timestamp=17853506548762, VA=00008001022d8000-00008001022e0000, binding_type=bind, object_type=VK_OBJECT_TYPE_BUFFER, object_handle=0x611dcd5f14e0
timestamp=17853506555224, VA=000080011d311b00-000080011d341c00, binding_type=bind, object_type=VK_OBJECT_TYPE_BUFFER, object_handle=0x611dcd5f2cd0
timestamp=17853506576063, VA=00008001022e0000-00008001022e8000, binding_type=bind, object_type=VK_OBJECT_TYPE_BUFFER, object_handle=0x611dcd5f2db0
timestamp=17853506586784, VA=000080011d341c00-000080011d371d00, binding_type=bind, object_type=VK_OBJECT_TYPE_BUFFER, object_handle=0x611dcd5f4670
timestamp=17853506608895, VA=00008001022e8000-00008001022f0000, binding_type=bind, object_type=VK_OBJECT_TYPE_BUFFER, object_handle=0x611dcd5f4750
timestamp=17853506615017, VA=000080011d371d00-000080011d3a1e00, binding_type=bind, object_type=VK_OBJECT_TYPE_BUFFER, object_handle=0x611dcd5f5f40
timestamp=17853506642799, VA=00008001022f0000-00008001022f8000, binding_type=bind, object_type=VK_OBJECT_TYPE_BUFFER, object_handle=0x611dcd5f6020
timestamp=17853506652618, VA=000080011d3a1e00-000080011d3d1f00, binding_type=bind, object_type=VK_OBJECT_TYPE_BUFFER, object_handle=0x611dcd5f7810
timestamp=17853506677154, VA=00008001022f8000-0000800102300000, binding_type=bind, object_type=VK_OBJECT_TYPE_BUFFER, object_handle=0x611dcd5f78f0
timestamp=17853506684357, VA=000080011d3d1f00-000080011d402000, binding_type=bind, object_type=VK_OBJECT_TYPE_BUFFER, object_handle=0x611dcd5f90e0
timestamp=17853506707010, VA=0000800102300000-0000800102308000, binding_type=bind, object_type=VK_OBJECT_TYPE_BUFFER, object_handle=0x611dcd5f91c0
timestamp=17853506716548, VA=000080011d402000-000080011d432100, binding_type=bind, object_type=VK_OBJECT_TYPE_BUFFER, object_handle=0x611dcd5facd0
timestamp=17853506736886, VA=0000800102308000-0000800102310000, binding_type=bind, object_type=VK_OBJECT_TYPE_BUFFER, object_handle=0x611dcd5fadb0
timestamp=17853506744070, VA=000080011d432100-000080011d462200, binding_type=bind, object_type=VK_OBJECT_TYPE_BUFFER, object_handle=0x611dcd5fc5a0
timestamp=17853506765370, VA=0000800102310000-0000800102318000, binding_type=bind, object_type=VK_OBJECT_TYPE_BUFFER, object_handle=0x611dcd5fc680
timestamp=17853506774678, VA=000080011d462200-000080011d492300, binding_type=bind, object_type=VK_OBJECT_TYPE_BUFFER, object_handle=0x611dcd5fdf40
timestamp=17853506796198, VA=0000800102318000-0000800102320000, binding_type=bind, object_type=VK_OBJECT_TYPE_BUFFER, object_handle=0x611dcd5fe020
timestamp=17853506802540, VA=000080011d492300-000080011d4c2400, binding_type=bind, object_type=VK_OBJECT_TYPE_BUFFER, object_handle=0x611dcd5ff810
timestamp=17853506822748, VA=0000800102320000-0000800102328000, binding_type=bind, object_type=VK_OBJECT_TYPE_BUFFER, object_handle=0x611dcd5ff8f0
timestamp=17853507058051, VA=000080011d4c2400-000080011d4f2500, binding_type=bind, object_type=VK_OBJECT_TYPE_BUFFER, object_handle=0x611dcd45e430
timestamp=17853507076716, VA=0000800102328000-0000800102330000, binding_type=bind, object_type=VK_OBJECT_TYPE_BUFFER, object_handle=0x611dcd45e4b0
timestamp=17853507083319, VA=000080011d4f2500-000080011d522600, binding_type=bind, object_type=VK_OBJECT_TYPE_BUFFER, object_handle=0x611dcd45fcf0
timestamp=17853507101553, VA=0000800102330000-0000800102338000, binding_type=bind, object_type=VK_OBJECT_TYPE_BUFFER, object_handle=0x611dcd45fdd0
timestamp=17853507112594, VA=000080011d522600-000080011d552700, binding_type=bind, object_type=VK_OBJECT_TYPE_BUFFER, object_handle=0x611dcd4615c0
timestamp=17853507132592, VA=0000800102338000-0000800102340000, binding_type=bind, object_type=VK_OBJECT_TYPE_BUFFER, object_handle=0x611dcd4616a0
timestamp=17853507141779, VA=000080011d552700-000080011d582800, binding_type=bind, object_type=VK_OBJECT_TYPE_BUFFER, object_handle=0x611dcd4635f0
timestamp=17853507161917, VA=0000800102340000-0000800102348000, binding_type=bind, object_type=VK_OBJECT_TYPE_BUFFER, object_handle=0x611dcd463da0
timestamp=17853507171475, VA=000080011d582800-000080011d5b2900, binding_type=bind, object_type=VK_OBJECT_TYPE_BUFFER, object_handle=0x611dcd465590
timestamp=17853507190701, VA=0000800102348000-0000800102350000, binding_type=bind, object_type=VK_OBJECT_TYPE_BUFFER, object_handle=0x611dcd465670
timestamp=17853507198346, VA=000080011d5b2900-000080011d5e2a00, binding_type=bind, object_type=VK_OBJECT_TYPE_BUFFER, object_handle=0x611dcd467180
timestamp=17853507217532, VA=0000800102350000-0000800102358000, binding_type=bind, object_type=VK_OBJECT_TYPE_BUFFER, object_handle=0x611dcd467260
timestamp=17853507227270, VA=000080011d5e2a00-000080011d612b00, binding_type=bind, object_type=VK_OBJECT_TYPE_BUFFER, object_handle=0x611dcd468a50
timestamp=17853507249241, VA=0000800102358000-0000800102360000, binding_type=bind, object_type=VK_OBJECT_TYPE_BUFFER, object_handle=0x611dcd468b30
timestamp=17853507256265, VA=000080011d612b00-000080011d642c00, binding_type=bind, object_type=VK_OBJECT_TYPE_BUFFER, object_handle=0x611dcd46a440
timestamp=17853507277414, VA=0000800102360000-0000800102368000, binding_type=bind, object_type=VK_OBJECT_TYPE_BUFFER, object_handle=0x611dcd46a520
timestamp=17853507286532, VA=000080011d642c00-000080011d672d00, binding_type=bind, object_type=VK_OBJECT_TYPE_BUFFER, object_handle=0x611dcd46bd10
timestamp=17853507308082, VA=0000800102368000-0000800102370000, binding_type=bind, object_type=VK_OBJECT_TYPE_BUFFER, object_handle=0x611dcd46bdf0
timestamp=17853507314985, VA=000080011d672d00-000080011d6a2e00, binding_type=bind, object_type=VK_OBJECT_TYPE_BUFFER, object_handle=0x611dcd46d5e0
timestamp=17853507335564, VA=0000800102370000-0000800102378000, binding_type=bind, object_type=VK_OBJECT_TYPE_BUFFER, object_handle=0x611dcd46d6c0
timestamp=17853507344591, VA=000080011d6a2e00-000080011d6d2f00, binding_type=bind, object_type=VK_OBJECT_TYPE_BUFFER, object_handle=0x611dcd46eeb0
timestamp=17853507366021, VA=0000800102378000-0000800102380000, binding_type=bind, object_type=VK_OBJECT_TYPE_BUFFER, object_handle=0x611dcd46ef90
timestamp=17853507371582, VA=000080011d6d2f00-000080011d703000, binding_type=bind, object_type=VK_OBJECT_TYPE_BUFFER, object_handle=0x611dcd470780
timestamp=17853507395557, VA=0000800102380000-0000800102388000, binding_type=bind, object_type=VK_OBJECT_TYPE_BUFFER, object_handle=0x611dcd470860
timestamp=17853507508229, VA=000080000007e000-0000800000082000, binding_type=bind, object_type=VK_OBJECT_TYPE_COMMAND_BUFFER, object_handle=0x611dcca324e0
timestamp=17853507825567, VA=00008001069c0000-00008001069c7000, binding_type=bind, object_type=VK_OBJECT_TYPE_DEVICE_MEMORY, object_handle=0x611dcd47f250
timestamp=17853507831087, VA=00008001069c0000-00008001069c6910, binding_type=bind, object_type=VK_OBJECT_TYPE_BUFFER, object_handle=0x611dcd4782a0
timestamp=17853507885941, VA=0000800000082000-000080000008a000, binding_type=bind, object_type=VK_OBJECT_TYPE_COMMAND_BUFFER, object_handle=0x611dcca324e0
timestamp=17853524711974, VA=000080000008a000-00008000000ca000, binding_type=bind, object_type=VK_OBJECT_TYPE_DEVICE, object_handle=0x611dcbe31490
timestamp=17853524834535, VA=0000800107d00000-0000800107d05000, binding_type=bind, object_type=VK_OBJECT_TYPE_DEVICE_MEMORY, object_handle=0x611dcd4cb190
timestamp=17853524844324, VA=0000800107d00000-0000800107d04b00, binding_type=bind, object_type=VK_OBJECT_TYPE_BUFFER, object_handle=0x611dcd4f4740
timestamp=17853524865113, VA=00008000000ca000-00008000000da000, binding_type=bind, object_type=VK_OBJECT_TYPE_COMMAND_BUFFER, object_handle=0x611dcca324e0
timestamp=17853524897153, VA=0000800107d40000-0000800107d41000, binding_type=bind, object_type=VK_OBJECT_TYPE_DEVICE_MEMORY, object_handle=0x611dcd515130
timestamp=17853524899768, VA=0000800107d40000-0000800107d40330, binding_type=bind, object_type=VK_OBJECT_TYPE_BUFFER, object_handle=0x611dcd4caf30
timestamp=17853541877808, VA=000080012ee00000-000080012f200000, binding_type=bind, object_type=VK_OBJECT_TYPE_DEVICE_MEMORY, object_handle=0x611dcd479550
timestamp=17853541890572, VA=000080012ee00000-000080012f200000, binding_type=bind, object_type=VK_OBJECT_TYPE_IMAGE, object_handle=0x611dcd478990
timestamp=17853551804666, VA=000080012f200000-000080012f600000, binding_type=bind, object_type=VK_OBJECT_TYPE_DEVICE_MEMORY, object_handle=0x611dcd47be60
timestamp=17853551814174, VA=000080012f200000-000080012f600000, binding_type=bind, object_type=VK_OBJECT_TYPE_IMAGE, object_handle=0x611dcd559d40
timestamp=17853557346475, VA=000080012f600000-000080012fa00000, binding_type=bind, object_type=VK_OBJECT_TYPE_DEVICE_MEMORY, object_handle=0x611dcd4fc760
timestamp=17853557351825, VA=000080012f600000-000080012fa00000, binding_type=bind, object_type=VK_OBJECT_TYPE_IMAGE, object_handle=0x611dcd4ca360
timestamp=17853558916883, VA=000080012fa00000-000080012fe00000, binding_type=bind, object_type=VK_OBJECT_TYPE_DEVICE_MEMORY, object_handle=0x611dcd54f540
timestamp=17853558920399, VA=000080012fa00000-000080012fe00000, binding_type=bind, object_type=VK_OBJECT_TYPE_IMAGE, object_handle=0x611dcd54eb50
timestamp=17853559466518, VA=0000800100019000-00008001000190f0, binding_type=bind, object_type=VK_OBJECT_TYPE_QUERY_POOL, object_handle=0x611dcd47b740
timestamp=17853559496274, VA=000080010001a000-000080010001a0f0, binding_type=bind, object_type=VK_OBJECT_TYPE_QUERY_POOL, object_handle=0x611dcd47c9d0
timestamp=17853559567097, VA=000080012fe00000-0000800137e80000, binding_type=bind, object_type=VK_OBJECT_TYPE_DEVICE_MEMORY, object_handle=0x611dcd479ea0
timestamp=17853559570905, VA=000080012fe00000-0000800137e80000, binding_type=bind, object_type=VK_OBJECT_TYPE_IMAGE, object_handle=0x611dcd54db40
timestamp=17853559601703, VA=0000800138000000-0000800139000000, binding_type=bind, object_type=VK_OBJECT_TYPE_DEVICE_MEMORY, object_handle=0x611dcd551640
timestamp=17853559603957, VA=0000800138000000-0000800139000000, binding_type=bind, object_type=VK_OBJECT_TYPE_IMAGE, object_handle=0x611dcd705f20
timestamp=17853585636842, VA=000080011d703000-000080011d704000, binding_type=bind, object_type=VK_OBJECT_TYPE_BUFFER, object_handle=0x611dcd48e1a0
timestamp=17853585639157, VA=000080011d704000-000080011d704040, binding_type=bind, object_type=VK_OBJECT_TYPE_BUFFER, object_handle=0x611dcd48e220
timestamp=17853585687638, VA=0000800139000000-000080013b000000, binding_type=bind, object_type=VK_OBJECT_TYPE_DEVICE_MEMORY, object_handle=0x611dcd50dd80
timestamp=17853585690233, VA=0000800139000000-0000800139001000, binding_type=bind, object_type=VK_OBJECT_TYPE_BUFFER, object_handle=0x611dcd71cc10
timestamp=17853585806111, VA=00008000000da000-00008000000ee000, binding_type=bind, object_type=VK_OBJECT_TYPE_DESCRIPTOR_POOL, object_handle=0x611dcd7902b0
timestamp=17853588473015, VA=000080011d704040-000080011d705040, binding_type=bind, object_type=VK_OBJECT_TYPE_BUFFER, object_handle=0x611dcd77d420
timestamp=17853588823936, VA=000080010001b000-000080010001b008, binding_type=bind, object_type=VK_OBJECT_TYPE_EVENT, object_handle=0x611dcd4832e0
timestamp=17853597332643, VA=00008000000ee000-00008000000f2000, binding_type=bind, object_type=VK_OBJECT_TYPE_COMMAND_BUFFER, object_handle=0x611dcd763900
timestamp=17853597359984, VA=0000800139001000-0000800139002000, binding_type=bind, object_type=VK_OBJECT_TYPE_BUFFER, object_handle=0x611dcd50ed20
timestamp=17853597370845, VA=000080011d705040-000080011d706040, binding_type=bind, object_type=VK_OBJECT_TYPE_BUFFER, object_handle=0x611dcd493940
timestamp=17853597377157, VA=000080011d706040-000080011d707040, binding_type=bind, object_type=VK_OBJECT_TYPE_BUFFER, object_handle=0x611dcd50a040
timestamp=17853597421069, VA=0000800000200000-0000800000620000, binding_type=bind, object_type=VK_OBJECT_TYPE_DEVICE, object_handle=0x611dcbe31490
timestamp=17853597429114, VA=000080010001c000-000080010001c130, binding_type=bind, object_type=VK_OBJECT_TYPE_DEVICE, object_handle=0x611dcbe31490
timestamp=17853622160589, VA=00008000000f2000-00008000000f6000, binding_type=bind, object_type=VK_OBJECT_TYPE_COMMAND_BUFFER, object_handle=0x611dcd82d160
timestamp=17853623960329, VA=00008000000f6000-00008000000fa000, binding_type=bind, object_type=VK_OBJECT_TYPE_COMMAND_BUFFER, object_handle=0x611dce2b2d30
timestamp=17853624094531, VA=00008000000fa000-00008000000fe000, binding_type=bind, object_type=VK_OBJECT_TYPE_COMMAND_BUFFER, object_handle=0x611dcca37560
timestamp=17853624145467, VA=0000800100019000-00008001000190f0, binding_type=unbind, object_type=VK_OBJECT_TYPE_QUERY_POOL, object_handle=0x611dcd47b740
timestamp=17853624180984, VA=000080010001a000-000080010001a0f0, binding_type=unbind, object_type=VK_OBJECT_TYPE_QUERY_POOL, object_handle=0x611dcd47c9d0
timestamp=17853624211782, VA=0000800100019000-00008001000190f0, binding_type=bind, object_type=VK_OBJECT_TYPE_QUERY_POOL, object_handle=0x611dcd47c9d0
timestamp=17853624228193, VA=000080010001a000-000080010001a0f0, binding_type=bind, object_type=VK_OBJECT_TYPE_QUERY_POOL, object_handle=0x611dcd47b740
timestamp=17853624322431, VA=000080011d707040-000080011d708040, binding_type=bind, object_type=VK_OBJECT_TYPE_BUFFER, object_handle=0x611dcd6fe730
timestamp=17853624326108, VA=0000800139002000-0000800139003000, binding_type=bind, object_type=VK_OBJECT_TYPE_BUFFER, object_handle=0x611dcd6f5c00
timestamp=17853624800411, VA=000080011d708040-000080011d709040, binding_type=bind, object_type=VK_OBJECT_TYPE_BUFFER, object_handle=0x611dcd85e690
timestamp=17853625153206, VA=000080010001d000-000080010001d008, binding_type=bind, object_type=VK_OBJECT_TYPE_EVENT, object_handle=0x611dce2c4d00
timestamp=17853625217887, VA=00008000000fe000-0000800000102000, binding_type=bind, object_type=VK_OBJECT_TYPE_COMMAND_BUFFER, object_handle=0x611dcd49ba20
timestamp=17853625232795, VA=0000800139003000-0000800139004000, binding_type=bind, object_type=VK_OBJECT_TYPE_BUFFER, object_handle=0x611dcd85ce10
timestamp=17853625236182, VA=000080011d709040-000080011d70a040, binding_type=bind, object_type=VK_OBJECT_TYPE_BUFFER, object_handle=0x611dce2c5220
timestamp=17853625240159, VA=000080011d70a040-000080011d70b040, binding_type=bind, object_type=VK_OBJECT_TYPE_BUFFER, object_handle=0x611dce2c53d0
timestamp=17853648931254, VA=0000800000102000-0000800000106000, binding_type=bind, object_type=VK_OBJECT_TYPE_COMMAND_BUFFER, object_handle=0x611dcd8562b0
timestamp=17853649995348, VA=0000800000106000-000080000010a000, binding_type=bind, object_type=VK_OBJECT_TYPE_COMMAND_BUFFER, object_handle=0x611dcd90e640
timestamp=17853650183272, VA=000080000010a000-000080000010e000, binding_type=bind, object_type=VK_OBJECT_TYPE_COMMAND_BUFFER, object_handle=0x611dcca3d2a0
timestamp=17853650227245, VA=0000800100019000-00008001000190f0, binding_type=unbind, object_type=VK_OBJECT_TYPE_QUERY_POOL, object_handle=0x611dcd47c9d0
timestamp=17853650256911, VA=000080010001a000-000080010001a0f0, binding_type=unbind, object_type=VK_OBJECT_TYPE_QUERY_POOL, object_handle=0x611dcd47b740
timestamp=17853650285605, VA=0000800100019000-00008001000190f0, binding_type=bind, object_type=VK_OBJECT_TYPE_QUERY_POOL, object_handle=0x611dcd47b740
timestamp=17853650301495, VA=000080010001a000-000080010001a0f0, binding_type=bind, object_type=VK_OBJECT_TYPE_QUERY_POOL, object_handle=0x611dcd47c9d0
timestamp=17853650399970, VA=000080011d70b040-000080011d70c040, binding_type=bind, object_type=VK_OBJECT_TYPE_BUFFER, object_handle=0x611dcd54cbd0
timestamp=17853650403527, VA=0000800139004000-0000800139005000, binding_type=bind, object_type=VK_OBJECT_TYPE_BUFFER, object_handle=0x611dcd553b90
timestamp=17853650883611, VA=000080011d70c040-000080011d70d040, binding_type=bind, object_type=VK_OBJECT_TYPE_BUFFER, object_handle=0x611dce2c57a0
timestamp=17853651245794, VA=000080010001e000-000080010001e008, binding_type=bind, object_type=VK_OBJECT_TYPE_EVENT, object_handle=0x611dce2d15f0
timestamp=17853651327397, VA=000080000010e000-0000800000112000, binding_type=bind, object_type=VK_OBJECT_TYPE_COMMAND_BUFFER, object_handle=0x611dcd7f6050
timestamp=17853651348687, VA=0000800139005000-0000800139006000, binding_type=bind, object_type=VK_OBJECT_TYPE_BUFFER, object_handle=0x611dcd71cd00
timestamp=17853651352555, VA=000080011d70d040-000080011d70e040, binding_type=bind, object_type=VK_OBJECT_TYPE_BUFFER, object_handle=0x611dce2c7490
timestamp=17853651356432, VA=000080011d70e040-000080011d70f040, binding_type=bind, object_type=VK_OBJECT_TYPE_BUFFER, object_handle=0x611dce2d1d60
timestamp=17853674995308, VA=0000800000112000-0000800000116000, binding_type=bind, object_type=VK_OBJECT_TYPE_COMMAND_BUFFER, object_handle=0x611dcd7fa010
timestamp=17853675967680, VA=0000800000116000-000080000011a000, binding_type=bind, object_type=VK_OBJECT_TYPE_COMMAND_BUFFER, object_handle=0x611dcd73d2d0
timestamp=17853676037301, VA=000080000011a000-000080000011e000, binding_type=bind, object_type=VK_OBJECT_TYPE_COMMAND_BUFFER, object_handle=0x611dcd741290
timestamp=17853676193656, VA=000080000011e000-0000800000122000, binding_type=bind, object_type=VK_OBJECT_TYPE_COMMAND_BUFFER, object_handle=0x611dcca43050
timestamp=17853676234392, VA=0000800100019000-00008001000190f0, binding_type=unbind, object_type=VK_OBJECT_TYPE_QUERY_POOL, object_handle=0x611dcd47b740
timestamp=17853676268296, VA=000080010001a000-000080010001a0f0, binding_type=unbind, object_type=VK_OBJECT_TYPE_QUERY_POOL, object_handle=0x611dcd47c9d0
timestamp=17853676297651, VA=0000800100019000-00008001000190f0, binding_type=bind, object_type=VK_OBJECT_TYPE_QUERY_POOL, object_handle=0x611dcd47c9d0
timestamp=17853676312419, VA=000080010001a000-000080010001a0f0, binding_type=bind, object_type=VK_OBJECT_TYPE_QUERY_POOL, object_handle=0x611dcd47b740
timestamp=17853676409402, VA=000080011d70f040-000080011d710040, binding_type=bind, object_type=VK_OBJECT_TYPE_BUFFER, object_handle=0x611dcd6f6b00
timestamp=17853676412608, VA=0000800139006000-0000800139007000, binding_type=bind, object_type=VK_OBJECT_TYPE_BUFFER, object_handle=0x611dcd481b50
timestamp=17853676890989, VA=000080011d710040-000080011d711040, binding_type=bind, object_type=VK_OBJECT_TYPE_BUFFER, object_handle=0x611dce2d2130
timestamp=17853677238924, VA=000080010001f000-000080010001f008, binding_type=bind, object_type=VK_OBJECT_TYPE_EVENT, object_handle=0x611dce2dfb30
timestamp=17853677295852, VA=0000800000122000-0000800000126000, binding_type=bind, object_type=VK_OBJECT_TYPE_COMMAND_BUFFER, object_handle=0x611dcd7679a0
timestamp=17853677308956, VA=0000800139007000-0000800139008000, binding_type=bind, object_type=VK_OBJECT_TYPE_BUFFER, object_handle=0x611dcd4fb2e0
timestamp=17853677312553, VA=000080011d711040-000080011d712040, binding_type=bind, object_type=VK_OBJECT_TYPE_BUFFER, object_handle=0x611dcd485930
timestamp=17853677316520, VA=000080011d712040-000080011d713040, binding_type=bind, object_type=VK_OBJECT_TYPE_BUFFER, object_handle=0x611dcd485840
timestamp=17853700421551, VA=0000800000126000-000080000012a000, binding_type=bind, object_type=VK_OBJECT_TYPE_COMMAND_BUFFER, object_handle=0x611dcd76b960
timestamp=17853701421004, VA=000080000012a000-000080000012e000, binding_type=bind, object_type=VK_OBJECT_TYPE_COMMAND_BUFFER, object_handle=0x611dcd7fe2b0
timestamp=17853701492759, VA=000080000012e000-0000800000132000, binding_type=bind, object_type=VK_OBJECT_TYPE_COMMAND_BUFFER, object_handle=0x611dcd802270
timestamp=17853701557992, VA=0000800000132000-0000800000136000, binding_type=bind, object_type=VK_OBJECT_TYPE_COMMAND_BUFFER, object_handle=0x611dcd806230
timestamp=17853701714406, VA=0000800000136000-000080000013a000, binding_type=bind, object_type=VK_OBJECT_TYPE_COMMAND_BUFFER, object_handle=0x611dcca48ea0
timestamp=17853701764140, VA=0000800100019000-00008001000190f0, binding_type=unbind, object_type=VK_OBJECT_TYPE_QUERY_POOL, object_handle=0x611dcd47c9d0
timestamp=17853701799677, VA=000080010001a000-000080010001a0f0, binding_type=unbind, object_type=VK_OBJECT_TYPE_QUERY_POOL, object_handle=0x611dcd47b740
timestamp=17853701847377, VA=0000800100019000-00008001000190f0, binding_type=bind, object_type=VK_OBJECT_TYPE_QUERY_POOL, object_handle=0x611dcd47b740
timestamp=17853701867024, VA=000080010001a000-000080010001a0f0, binding_type=bind, object_type=VK_OBJECT_TYPE_QUERY_POOL, object_handle=0x611dcd47c9d0
timestamp=17853701976430, VA=000080011d713040-000080011d714040, binding_type=bind, object_type=VK_OBJECT_TYPE_BUFFER, object_handle=0x611dcd6f6900
timestamp=17853701980678, VA=0000800139008000-0000800139009000, binding_type=bind, object_type=VK_OBJECT_TYPE_BUFFER, object_handle=0x611dce2e3550
timestamp=17853702474378, VA=000080011d714040-000080011d715040, binding_type=bind, object_type=VK_OBJECT_TYPE_BUFFER, object_handle=0x611dce2e35d0
timestamp=17853703138569, VA=0000800100020000-0000800100020008, binding_type=bind, object_type=VK_OBJECT_TYPE_EVENT, object_handle=0x611dce2ede10
timestamp=17853703202139, VA=000080000013a000-000080000013e000, binding_type=bind, object_type=VK_OBJECT_TYPE_COMMAND_BUFFER, object_handle=0x611dcd820130
timestamp=17853703216045, VA=0000800139009000-000080013900a000, binding_type=bind, object_type=VK_OBJECT_TYPE_BUFFER, object_handle=0x611dce2e36e0
timestamp=17853703219551, VA=000080011d715040-000080011d716040, binding_type=bind, object_type=VK_OBJECT_TYPE_BUFFER, object_handle=0x611dce2ee770
timestamp=17853703223519, VA=000080011d716040-000080011d717040, binding_type=bind, object_type=VK_OBJECT_TYPE_BUFFER, object_handle=0x611dce2ee960
timestamp=17853725262001, VA=000080000013e000-0000800000142000, binding_type=bind, object_type=VK_OBJECT_TYPE_COMMAND_BUFFER, object_handle=0x611dcd8240f0
timestamp=17853726155914, VA=0000800000142000-0000800000146000, binding_type=bind, object_type=VK_OBJECT_TYPE_COMMAND_BUFFER, object_handle=0x611dcd8280b0
timestamp=17853726262976, VA=0000800000146000-000080000014a000, binding_type=bind, object_type=VK_OBJECT_TYPE_COMMAND_BUFFER, object_handle=0x611dcd755810
timestamp=17853726325955, VA=000080000014a000-000080000014e000, binding_type=bind, object_type=VK_OBJECT_TYPE_COMMAND_BUFFER, object_handle=0x611dcd7597d0
timestamp=17853726387020, VA=000080000014e000-0000800000152000, binding_type=bind, object_type=VK_OBJECT_TYPE_COMMAND_BUFFER, object_handle=0x611dcd75d790
timestamp=17853726541731, VA=0000800000152000-0000800000156000, binding_type=bind, object_type=VK_OBJECT_TYPE_COMMAND_BUFFER, object_handle=0x611dcd5c44e0
timestamp=17853726587898, VA=0000800100019000-00008001000190f0, binding_type=unbind, object_type=VK_OBJECT_TYPE_QUERY_POOL, object_handle=0x611dcd47b740
timestamp=17853726618145, VA=000080010001a000-000080010001a0f0, binding_type=unbind, object_type=VK_OBJECT_TYPE_QUERY_POOL, object_handle=0x611dcd47c9d0
timestamp=17853726653532, VA=0000800100019000-00008001000190f0, binding_type=bind, object_type=VK_OBJECT_TYPE_QUERY_POOL, object_handle=0x611dcd47c9d0
timestamp=17853726671105, VA=000080010001a000-000080010001a0f0, binding_type=bind, object_type=VK_OBJECT_TYPE_QUERY_POOL, object_handle=0x611dcd47b740
timestamp=17853726781302, VA=000080011d717040-000080011d718040, binding_type=bind, object_type=VK_OBJECT_TYPE_BUFFER, object_handle=0x611dce2eed30
timestamp=17853726784719, VA=000080013900a000-000080013900b000, binding_type=bind, object_type=VK_OBJECT_TYPE_BUFFER, object_handle=0x611dce2f1e70
timestamp=17853727263220, VA=000080011d718040-000080011d719040, binding_type=bind, object_type=VK_OBJECT_TYPE_BUFFER, object_handle=0x611dce2f1ef0
timestamp=17853727603110, VA=0000800100021000-0000800100021008, binding_type=bind, object_type=VK_OBJECT_TYPE_EVENT, object_handle=0x611dce2fc9a0
timestamp=17853727660148, VA=0000800000156000-000080000015a000, binding_type=bind, object_type=VK_OBJECT_TYPE_COMMAND_BUFFER, object_handle=0x611dcd771eb0
timestamp=17853727684484, VA=000080013900b000-000080013900c000, binding_type=bind, object_type=VK_OBJECT_TYPE_BUFFER, object_handle=0x611dce2f2000
timestamp=17853727688842, VA=000080011d719040-000080011d71a040, binding_type=bind, object_type=VK_OBJECT_TYPE_BUFFER, object_handle=0x611dce2fd310
timestamp=17853727693851, VA=000080011d71a040-000080011d71b040, binding_type=bind, object_type=VK_OBJECT_TYPE_BUFFER, object_handle=0x611dce2fd500
timestamp=17853748358465, VA=000080000015a000-000080000015e000, binding_type=bind, object_type=VK_OBJECT_TYPE_COMMAND_BUFFER, object_handle=0x611dcd776f30
timestamp=17853749240216, VA=000080000015e000-0000800000162000, binding_type=bind, object_type=VK_OBJECT_TYPE_COMMAND_BUFFER, object_handle=0x611dcd77d650
timestamp=17853749307453, VA=0000800000162000-0000800000166000, binding_type=bind, object_type=VK_OBJECT_TYPE_COMMAND_BUFFER, object_handle=0x611dcd781610
timestamp=17853749366484, VA=0000800000166000-000080000016a000, binding_type=bind, object_type=VK_OBJECT_TYPE_COMMAND_BUFFER, object_handle=0x611dcd8e0520
timestamp=17853749429563, VA=000080000016a000-000080000016e000, binding_type=bind, object_type=VK_OBJECT_TYPE_COMMAND_BUFFER, object_handle=0x611dcd8e44e0
timestamp=17853749486700, VA=000080000016e000-0000800000172000, binding_type=bind, object_type=VK_OBJECT_TYPE_COMMAND_BUFFER, object_handle=0x611dcd8e84a0
timestamp=17853749692127, VA=0000800000172000-0000800000176000, binding_type=bind, object_type=VK_OBJECT_TYPE_COMMAND_BUFFER, object_handle=0x611dcd5c84a0
timestamp=17853749737052, VA=0000800100019000-00008001000190f0, binding_type=unbind, object_type=VK_OBJECT_TYPE_QUERY_POOL, object_handle=0x611dcd47c9d0
timestamp=17853749763291, VA=000080010001a000-000080010001a0f0, binding_type=unbind, object_type=VK_OBJECT_TYPE_QUERY_POOL, object_handle=0x611dcd47b740
timestamp=17853749797115, VA=0000800100019000-00008001000190f0, binding_type=bind, object_type=VK_OBJECT_TYPE_QUERY_POOL, object_handle=0x611dcd47b740
timestamp=17853749811582, VA=000080010001a000-000080010001a0f0, binding_type=bind, object_type=VK_OBJECT_TYPE_QUERY_POOL, object_handle=0x611dcd47c9d0
timestamp=17853749907443, VA=000080011d71b040-000080011d71c040, binding_type=bind, object_type=VK_OBJECT_TYPE_BUFFER, object_handle=0x611dce2fd8b0
timestamp=17853749910849, VA=000080013900c000-000080013900d000, binding_type=bind, object_type=VK_OBJECT_TYPE_BUFFER, object_handle=0x611dce300f50
timestamp=17853750378210, VA=000080011d71c040-000080011d71d040, binding_type=bind, object_type=VK_OBJECT_TYPE_BUFFER, object_handle=0x611dce300fd0
timestamp=17853750721416, VA=0000800100022000-0000800100022008, binding_type=bind, object_type=VK_OBJECT_TYPE_EVENT, object_handle=0x611dce30b780
timestamp=17853750776309, VA=0000800000176000-000080000017a000, binding_type=bind, object_type=VK_OBJECT_TYPE_COMMAND_BUFFER, object_handle=0x611dcd8f5000
timestamp=17853750790166, VA=000080013900d000-000080013900e000, binding_type=bind, object_type=VK_OBJECT_TYPE_BUFFER, object_handle=0x611dce3010e0
timestamp=17853750793903, VA=000080011d71d040-000080011d71e040, binding_type=bind, object_type=VK_OBJECT_TYPE_BUFFER, object_handle=0x611dce30c0e0
timestamp=17853750798611, VA=000080011d71e040-000080011d71f040, binding_type=bind, object_type=VK_OBJECT_TYPE_BUFFER, object_handle=0x611dce30cd00
timestamp=17853770441160, VA=000080000017a000-000080000017e000, binding_type=bind, object_type=VK_OBJECT_TYPE_COMMAND_BUFFER, object_handle=0x611dcd8fab80
timestamp=17853771231419, VA=000080000017e000-0000800000182000, binding_type=bind, object_type=VK_OBJECT_TYPE_COMMAND_BUFFER, object_handle=0x611dcd746320
timestamp=17853771300649, VA=0000800000182000-0000800000186000, binding_type=bind, object_type=VK_OBJECT_TYPE_COMMAND_BUFFER, object_handle=0x611dcd74b3a0
timestamp=17853771364339, VA=0000800000186000-000080000018a000, binding_type=bind, object_type=VK_OBJECT_TYPE_COMMAND_BUFFER, object_handle=0x611dcd750420
timestamp=17853771422569, VA=000080000018a000-000080000018e000, binding_type=bind, object_type=VK_OBJECT_TYPE_COMMAND_BUFFER, object_handle=0x611dcd80b4b0
timestamp=17853771478915, VA=000080000018e000-0000800000192000, binding_type=bind, object_type=VK_OBJECT_TYPE_COMMAND_BUFFER, object_handle=0x611dcd811030
timestamp=17853771532636, VA=0000800000192000-0000800000196000, binding_type=bind, object_type=VK_OBJECT_TYPE_COMMAND_BUFFER, object_handle=0x611dcd816bb0
timestamp=17853771687117, VA=0000800000196000-000080000019a000, binding_type=bind, object_type=VK_OBJECT_TYPE_COMMAND_BUFFER, object_handle=0x611dcd5cd520
timestamp=17853771728345, VA=0000800100019000-00008001000190f0, binding_type=unbind, object_type=VK_OBJECT_TYPE_QUERY_POOL, object_handle=0x611dcd47b740
timestamp=17853771769532, VA=000080010001a000-000080010001a0f0, binding_type=unbind, object_type=VK_OBJECT_TYPE_QUERY_POOL, object_handle=0x611dcd47c9d0
timestamp=17853771814567, VA=0000800100019000-00008001000190f0, binding_type=bind, object_type=VK_OBJECT_TYPE_QUERY_POOL, object_handle=0x611dcd47c9d0
timestamp=17853771833132, VA=000080010001a000-000080010001a0f0, binding_type=bind, object_type=VK_OBJECT_TYPE_QUERY_POOL, object_handle=0x611dcd47b740
timestamp=17853771931397, VA=000080011d71f040-000080011d720040, binding_type=bind, object_type=VK_OBJECT_TYPE_BUFFER, object_handle=0x611dce30d0d0
timestamp=17853771934724, VA=000080013900e000-000080013900f000, binding_type=bind, object_type=VK_OBJECT_TYPE_BUFFER, object_handle=0x611dce310a80
timestamp=17853772405681, VA=000080011d720040-000080011d721040, binding_type=bind, object_type=VK_OBJECT_TYPE_BUFFER, object_handle=0x611dce310b00
timestamp=17853772812727, VA=0000800100023000-0000800100023008, binding_type=bind, object_type=VK_OBJECT_TYPE_EVENT, object_handle=0x611dce31b420
timestamp=17853772886306, VA=000080000019a000-000080000019e000, binding_type=bind, object_type=VK_OBJECT_TYPE_COMMAND_BUFFER, object_handle=0x611dcd721d60
timestamp=17853772903879, VA=000080013900f000-0000800139010000, binding_type=bind, object_type=VK_OBJECT_TYPE_BUFFER, object_handle=0x611dce310c10
timestamp=17853772907806, VA=000080011d721040-000080011d722040, binding_type=bind, object_type=VK_OBJECT_TYPE_BUFFER, object_handle=0x611dce31c220
timestamp=17853772911954, VA=000080011d722040-000080011d723040, binding_type=bind, object_type=VK_OBJECT_TYPE_BUFFER, object_handle=0x611dce31c410
timestamp=17853791563326, VA=000080000019e000-00008000001a2000, binding_type=bind, object_type=VK_OBJECT_TYPE_COMMAND_BUFFER, object_handle=0x611dcd725d20
timestamp=17853792311505, VA=00008000001a2000-00008000001a6000, binding_type=bind, object_type=VK_OBJECT_TYPE_COMMAND_BUFFER, object_handle=0x611dcd72ada0
timestamp=17853792417214, VA=00008000001a6000-00008000001aa000, binding_type=bind, object_type=VK_OBJECT_TYPE_COMMAND_BUFFER, object_handle=0x611dcd730920
timestamp=17853792475735, VA=00008000001aa000-00008000001ae000, binding_type=bind, object_type=VK_OBJECT_TYPE_COMMAND_BUFFER, object_handle=0x611dcd7364a0
timestamp=17853792532331, VA=00008000001ae000-00008000001b2000, binding_type=bind, object_type=VK_OBJECT_TYPE_COMMAND_BUFFER, object_handle=0x611dcd91fa70
timestamp=17853792586263, VA=00008000001b2000-00008000001b6000, binding_type=bind, object_type=VK_OBJECT_TYPE_COMMAND_BUFFER, object_handle=0x611dcd924af0
timestamp=17853792640415, VA=00008000001b6000-00008000001ba000, binding_type=bind, object_type=VK_OBJECT_TYPE_COMMAND_BUFFER, object_handle=0x611dcd92a670
timestamp=17853792695388, VA=00008000001ba000-00008000001be000, binding_type=bind, object_type=VK_OBJECT_TYPE_COMMAND_BUFFER, object_handle=0x611dcd9301f0
timestamp=17853792828529, VA=00008000001be000-00008000001c2000, binding_type=bind, object_type=VK_OBJECT_TYPE_COMMAND_BUFFER, object_handle=0x611dcd5d2890
timestamp=17853792867032, VA=0000800100019000-00008001000190f0, binding_type=unbind, object_type=VK_OBJECT_TYPE_QUERY_POOL, object_handle=0x611dcd47c9d0
timestamp=17853792893872, VA=000080010001a000-000080010001a0f0, binding_type=unbind, object_type=VK_OBJECT_TYPE_QUERY_POOL, object_handle=0x611dcd47b740
timestamp=17853792921885, VA=0000800100019000-00008001000190f0, binding_type=bind, object_type=VK_OBJECT_TYPE_QUERY_POOL, object_handle=0x611dcd47b740
timestamp=17853792936092, VA=000080010001a000-000080010001a0f0, binding_type=bind, object_type=VK_OBJECT_TYPE_QUERY_POOL, object_handle=0x611dcd47c9d0
timestamp=17853793039026, VA=000080011d723040-000080011d724040, binding_type=bind, object_type=VK_OBJECT_TYPE_BUFFER, object_handle=0x611dce31c7c0
timestamp=17853793042252, VA=0000800139010000-0000800139011000, binding_type=bind, object_type=VK_OBJECT_TYPE_BUFFER, object_handle=0x611dce320480
timestamp=17853793493251, VA=000080011d724040-000080011d725040, binding_type=bind, object_type=VK_OBJECT_TYPE_BUFFER, object_handle=0x611dce320500
timestamp=17853793832190, VA=0000800100024000-0000800100024008, binding_type=bind, object_type=VK_OBJECT_TYPE_EVENT, object_handle=0x611dce32b0d0
timestamp=17853793885350, VA=00008000001c2000-00008000001c6000, binding_type=bind, object_type=VK_OBJECT_TYPE_COMMAND_BUFFER, object_handle=0x611dcd935d70
timestamp=17853793898424, VA=0000800139011000-0000800139012000, binding_type=bind, object_type=VK_OBJECT_TYPE_BUFFER, object_handle=0x611dce320610
timestamp=17853793901771, VA=000080011d725040-000080011d726040, binding_type=bind, object_type=VK_OBJECT_TYPE_BUFFER, object_handle=0x611dce32b9f0
timestamp=17853793905698, VA=000080011d726040-000080011d727040, binding_type=bind, object_type=VK_OBJECT_TYPE_BUFFER, object_handle=0x611dce32bbe0
timestamp=17853811693663, VA=00008000001c6000-00008000001ca000, binding_type=bind, object_type=VK_OBJECT_TYPE_COMMAND_BUFFER, object_handle=0x611dcd835310
timestamp=17853812425913, VA=00008000001ca000-00008000001ce000, binding_type=bind, object_type=VK_OBJECT_TYPE_COMMAND_BUFFER, object_handle=0x611dcd8392d0
timestamp=17853812494412, VA=00008000001ce000-00008000001d2000, binding_type=bind, object_type=VK_OBJECT_TYPE_COMMAND_BUFFER, object_handle=0x611dcd83d290
timestamp=17853812556659, VA=00008000001d2000-00008000001d6000, binding_type=bind, object_type=VK_OBJECT_TYPE_COMMAND_BUFFER, object_handle=0x611dcd842e10
timestamp=17853812614919, VA=00008000001d6000-00008000001da000, binding_type=bind, object_type=VK_OBJECT_TYPE_COMMAND_BUFFER, object_handle=0x611dcd848990
timestamp=17853812672387, VA=00008000001da000-00008000001de000, binding_type=bind, object_type=VK_OBJECT_TYPE_COMMAND_BUFFER, object_handle=0x611dcd84e510
timestamp=17853812733382, VA=00008000001de000-00008000001e2000, binding_type=bind, object_type=VK_OBJECT_TYPE_COMMAND_BUFFER, object_handle=0x611dcd51f110
timestamp=17853812793185, VA=00008000001e2000-00008000001e6000, binding_type=bind, object_type=VK_OBJECT_TYPE_COMMAND_BUFFER, object_handle=0x611dcd524190
timestamp=17853812859189, VA=00008000001e6000-00008000001ea000, binding_type=bind, object_type=VK_OBJECT_TYPE_COMMAND_BUFFER, object_handle=0x611dcd529210
timestamp=17853813048876, VA=00008000001ea000-00008000001ee000, binding_type=bind, object_type=VK_OBJECT_TYPE_COMMAND_BUFFER, object_handle=0x611dcd5d8740
timestamp=17853813103038, VA=0000800100019000-00008001000190f0, binding_type=unbind, object_type=VK_OBJECT_TYPE_QUERY_POOL, object_handle=0x611dcd47b740
timestamp=17853813135008, VA=000080010001a000-000080010001a0f0, binding_type=unbind, object_type=VK_OBJECT_TYPE_QUERY_POOL, object_handle=0x611dcd47c9d0
timestamp=17853813175645, VA=0000800100019000-00008001000190f0, binding_type=bind, object_type=VK_OBJECT_TYPE_QUERY_POOL, object_handle=0x611dcd47c9d0
timestamp=17853813197446, VA=000080010001a000-000080010001a0f0, binding_type=bind, object_type=VK_OBJECT_TYPE_QUERY_POOL, object_handle=0x611dcd47b740
timestamp=17853813307964, VA=000080011d727040-000080011d728040, binding_type=bind, object_type=VK_OBJECT_TYPE_BUFFER, object_handle=0x611dce32bfb0
timestamp=17853813312643, VA=0000800139012000-0000800139013000, binding_type=bind, object_type=VK_OBJECT_TYPE_BUFFER, object_handle=0x611dce3301a0
timestamp=17853813965653, VA=000080011d728040-000080011d729040, binding_type=bind, object_type=VK_OBJECT_TYPE_BUFFER, object_handle=0x611dce330220
timestamp=17853814314901, VA=0000800100025000-0000800100025008, binding_type=bind, object_type=VK_OBJECT_TYPE_EVENT, object_handle=0x611dce33adf0
timestamp=17853814373341, VA=00008000001ee000-00008000001f2000, binding_type=bind, object_type=VK_OBJECT_TYPE_COMMAND_BUFFER, object_handle=0x611dcd52ed90
timestamp=17853814387578, VA=0000800139013000-0000800139014000, binding_type=bind, object_type=VK_OBJECT_TYPE_BUFFER, object_handle=0x611dce330330
timestamp=17853814391024, VA=000080011d729040-000080011d72a040, binding_type=bind, object_type=VK_OBJECT_TYPE_BUFFER, object_handle=0x611dce33b720
timestamp=17853814395322, VA=000080011d72a040-000080011d72b040, binding_type=bind, object_type=VK_OBJECT_TYPE_BUFFER, object_handle=0x611dce33b910
timestamp=17853831480274, VA=00008000001f2000-00008000001f6000, binding_type=bind, object_type=VK_OBJECT_TYPE_COMMAND_BUFFER, object_handle=0x611dcd534910
timestamp=17853832244072, VA=00008000001f6000-00008000001fa000, binding_type=bind, object_type=VK_OBJECT_TYPE_COMMAND_BUFFER, object_handle=0x611dcd53a490
timestamp=17853832305548, VA=00008000001fa000-00008000001fe000, binding_type=bind, object_type=VK_OBJECT_TYPE_COMMAND_BUFFER, object_handle=0x611dcd4cba90
timestamp=17853832364469, VA=0000800000620000-0000800000624000, binding_type=bind, object_type=VK_OBJECT_TYPE_COMMAND_BUFFER, object_handle=0x611dcd4d0b10
timestamp=17853832433199, VA=0000800000624000-0000800000628000, binding_type=bind, object_type=VK_OBJECT_TYPE_COMMAND_BUFFER, object_handle=0x611dcd4d5b90
timestamp=17853832493482, VA=0000800000628000-000080000062c000, binding_type=bind, object_type=VK_OBJECT_TYPE_COMMAND_BUFFER, object_handle=0x611dcd4db710
timestamp=17853832549878, VA=000080000062c000-0000800000630000, binding_type=bind, object_type=VK_OBJECT_TYPE_COMMAND_BUFFER, object_handle=0x611dcd4e1290
timestamp=17853832617456, VA=0000800000630000-0000800000634000, binding_type=bind, object_type=VK_OBJECT_TYPE_COMMAND_BUFFER, object_handle=0x611dcd4e6e10
timestamp=17853832673922, VA=0000800000634000-0000800000638000, binding_type=bind, object_type=VK_OBJECT_TYPE_COMMAND_BUFFER, object_handle=0x611dcd4ec990
timestamp=17853832730168, VA=0000800000638000-000080000063c000, binding_type=bind, object_type=VK_OBJECT_TYPE_COMMAND_BUFFER, object_handle=0x611dcd6b17c0
timestamp=17853832881252, VA=000080000063c000-0000800000640000, binding_type=bind, object_type=VK_OBJECT_TYPE_COMMAND_BUFFER, object_handle=0x611dcd5de5f0
timestamp=17853832924835, VA=0000800100019000-00008001000190f0, binding_type=unbind, object_type=VK_OBJECT_TYPE_QUERY_POOL, object_handle=0x611dcd47c9d0
timestamp=17853832952036, VA=000080010001a000-000080010001a0f0, binding_type=unbind, object_type=VK_OBJECT_TYPE_QUERY_POOL, object_handle=0x611dcd47b740
timestamp=17853832979277, VA=0000800100019000-00008001000190f0, binding_type=bind, object_type=VK_OBJECT_TYPE_QUERY_POOL, object_handle=0x611dcd47b740
timestamp=17853832994907, VA=000080010001a000-000080010001a0f0, binding_type=bind, object_type=VK_OBJECT_TYPE_QUERY_POOL, object_handle=0x611dcd47c9d0
timestamp=17853833091408, VA=000080011d72b040-000080011d72c040, binding_type=bind, object_type=VK_OBJECT_TYPE_BUFFER, object_handle=0x611dce33bc70
timestamp=17853833094705, VA=0000800139014000-0000800139015000, binding_type=bind, object_type=VK_OBJECT_TYPE_BUFFER, object_handle=0x611dce2ba0b0
timestamp=17853833549221, VA=000080011d72c040-000080011d72d040, binding_type=bind, object_type=VK_OBJECT_TYPE_BUFFER, object_handle=0x611dce2ba130
timestamp=17853833900833, VA=0000800100026000-0000800100026008, binding_type=bind, object_type=VK_OBJECT_TYPE_EVENT, object_handle=0x611dce34ef30
timestamp=17853833956909, VA=0000800000640000-0000800000644000, binding_type=bind, object_type=VK_OBJECT_TYPE_COMMAND_BUFFER, object_handle=0x611dcd6b6840
timestamp=17853833970905, VA=0000800139015000-0000800139016000, binding_type=bind, object_type=VK_OBJECT_TYPE_BUFFER, object_handle=0x611dce2ba240
timestamp=17853833975684, VA=000080011d72d040-000080011d72e040, binding_type=bind, object_type=VK_OBJECT_TYPE_BUFFER, object_handle=0x611dce34f830
timestamp=17853833979722, VA=000080011d72e040-000080011d72f040, binding_type=bind, object_type=VK_OBJECT_TYPE_BUFFER, object_handle=0x611dce34fa20
timestamp=17853850565442, VA=0000800000644000-0000800000648000, binding_type=bind, object_type=VK_OBJECT_TYPE_COMMAND_BUFFER, object_handle=0x611dcd6bc3c0
timestamp=17853851235795, VA=0000800000648000-000080000064c000, binding_type=bind, object_type=VK_OBJECT_TYPE_COMMAND_BUFFER, object_handle=0x611dcd6c1f40
timestamp=17853851292662, VA=000080000064c000-0000800000650000, binding_type=bind, object_type=VK_OBJECT_TYPE_COMMAND_BUFFER, object_handle=0x611dcd6c7ac0
timestamp=17853851392610, VA=0000800000650000-0000800000654000, binding_type=bind, object_type=VK_OBJECT_TYPE_COMMAND_BUFFER, object_handle=0x611dcd6cd640
timestamp=17853851444478, VA=0000800000654000-0000800000658000, binding_type=bind, object_type=VK_OBJECT_TYPE_COMMAND_BUFFER, object_handle=0x611dcd6d31c0
timestamp=17853851497849, VA=0000800000658000-000080000065c000, binding_type=bind, object_type=VK_OBJECT_TYPE_COMMAND_BUFFER, object_handle=0x611dcd6d8d40
timestamp=17853851548775, VA=000080000065c000-0000800000660000, binding_type=bind, object_type=VK_OBJECT_TYPE_COMMAND_BUFFER, object_handle=0x611dcd6de8c0
timestamp=17853851600412, VA=0000800000660000-0000800000664000, binding_type=bind, object_type=VK_OBJECT_TYPE_COMMAND_BUFFER, object_handle=0x611dcd6e4440
timestamp=17853851651799, VA=0000800000664000-0000800000668000, binding_type=bind, object_type=VK_OBJECT_TYPE_COMMAND_BUFFER, object_handle=0x611dcd6e9fc0
timestamp=17853851706311, VA=0000800000668000-000080000066c000, binding_type=bind, object_type=VK_OBJECT_TYPE_COMMAND_BUFFER, object_handle=0x611dcd790720
timestamp=17853851763750, VA=000080000066c000-0000800000670000, binding_type=bind, object_type=VK_OBJECT_TYPE_COMMAND_BUFFER, object_handle=0x611dcd7946e0
timestamp=17853851896279, VA=0000800000670000-0000800000674000, binding_type=bind, object_type=VK_OBJECT_TYPE_COMMAND_BUFFER, object_handle=0x611dcd5e44a0
timestamp=17853851938689, VA=0000800100019000-00008001000190f0, binding_type=unbind, object_type=VK_OBJECT_TYPE_QUERY_POOL, object_handle=0x611dcd47b740
timestamp=17853851965470, VA=000080010001a000-000080010001a0f0, binding_type=unbind, object_type=VK_OBJECT_TYPE_QUERY_POOL, object_handle=0x611dcd47c9d0
timestamp=17853851992861, VA=0000800100019000-00008001000190f0, binding_type=bind, object_type=VK_OBJECT_TYPE_QUERY_POOL, object_handle=0x611dcd47c9d0
timestamp=17853852017277, VA=000080010001a000-000080010001a0f0, binding_type=bind, object_type=VK_OBJECT_TYPE_QUERY_POOL, object_handle=0x611dcd47b740
timestamp=17853852108890, VA=000080011d72f040-000080011d730040, binding_type=bind, object_type=VK_OBJECT_TYPE_BUFFER, object_handle=0x611dce34fdf0
timestamp=17853852112266, VA=0000800139016000-0000800139017000, binding_type=bind, object_type=VK_OBJECT_TYPE_BUFFER, object_handle=0x611dce3547a0
timestamp=17853852576941, VA=000080011d730040-000080011d731040, binding_type=bind, object_type=VK_OBJECT_TYPE_BUFFER, object_handle=0x611dce354820
timestamp=17853852912293, VA=00008001001f4000-00008001001f4008, binding_type=bind, object_type=VK_OBJECT_TYPE_EVENT, object_handle=0x611dce35f480
timestamp=17853852969240, VA=0000800000674000-0000800000678000, binding_type=bind, object_type=VK_OBJECT_TYPE_COMMAND_BUFFER, object_handle=0x611dcd79a260
timestamp=17853852982916, VA=0000800139017000-0000800139018000, binding_type=bind, object_type=VK_OBJECT_TYPE_BUFFER, object_handle=0x611dce354930
timestamp=17853852986353, VA=000080011d731040-000080011d732040, binding_type=bind, object_type=VK_OBJECT_TYPE_BUFFER, object_handle=0x611dce35fd10
timestamp=17853852990320, VA=000080011d732040-000080011d733040, binding_type=bind, object_type=VK_OBJECT_TYPE_BUFFER, object_handle=0x611dce35ff00
timestamp=17853869039120, VA=0000800000678000-000080000067c000, binding_type=bind, object_type=VK_OBJECT_TYPE_COMMAND_BUFFER, object_handle=0x611dcd79fde0
timestamp=17853869741663, VA=000080000067c000-0000800000680000, binding_type=bind, object_type=VK_OBJECT_TYPE_COMMAND_BUFFER, object_handle=0x611dcd7a5960
timestamp=17853869798800, VA=0000800000680000-0000800000684000, binding_type=bind, object_type=VK_OBJECT_TYPE_COMMAND_BUFFER, object_handle=0x611dcd7ab4e0
timestamp=17853869856168, VA=0000800000684000-0000800000688000, binding_type=bind, object_type=VK_OBJECT_TYPE_COMMAND_BUFFER, object_handle=0x611dcd7b1060
timestamp=17853869909309, VA=0000800000688000-000080000068c000, binding_type=bind, object_type=VK_OBJECT_TYPE_COMMAND_BUFFER, object_handle=0x611dcd7b6be0
timestamp=17853869960725, VA=000080000068c000-0000800000690000, binding_type=bind, object_type=VK_OBJECT_TYPE_COMMAND_BUFFER, object_handle=0x611dcd7bc760
timestamp=17853870019386, VA=0000800000690000-0000800000694000, binding_type=bind, object_type=VK_OBJECT_TYPE_COMMAND_BUFFER, object_handle=0x611dcd7c22e0
timestamp=17853870226145, VA=0000800000694000-0000800000698000, binding_type=bind, object_type=VK_OBJECT_TYPE_COMMAND_BUFFER, object_handle=0x611dcd7c7e60
timestamp=17853870283784, VA=0000800000698000-000080000069c000, binding_type=bind, object_type=VK_OBJECT_TYPE_COMMAND_BUFFER, object_handle=0x611dcd7cd9e0
timestamp=17853870345721, VA=000080000069c000-00008000006a0000, binding_type=bind, object_type=VK_OBJECT_TYPE_COMMAND_BUFFER, object_handle=0x611dcd7d3560
timestamp=17853870397288, VA=00008000006a0000-00008000006a4000, binding_type=bind, object_type=VK_OBJECT_TYPE_COMMAND_BUFFER, object_handle=0x611dcd7d90e0
timestamp=17853870447913, VA=00008000006a4000-00008000006a8000, binding_type=bind, object_type=VK_OBJECT_TYPE_COMMAND_BUFFER, object_handle=0x611dcd7dec60
timestamp=17853872387356, VA=0000800000082000-000080000008a000, binding_type=unbind, object_type=VK_OBJECT_TYPE_COMMAND_BUFFER, object_handle=0x611dcca324e0
timestamp=17853872464361, VA=000080000007e000-0000800000082000, binding_type=unbind, object_type=VK_OBJECT_TYPE_COMMAND_BUFFER, object_handle=0x611dcca324e0
timestamp=17853872576112, VA=0000800100019000-00008001000190f0, binding_type=unbind, object_type=VK_OBJECT_TYPE_QUERY_POOL, object_handle=0x611dcd47c9d0
timestamp=17853872615716, VA=000080010001a000-000080010001a0f0, binding_type=unbind, object_type=VK_OBJECT_TYPE_QUERY_POOL, object_handle=0x611dcd47b740
timestamp=17853872666712, VA=0000800100019000-00008001000190f0, binding_type=bind, object_type=VK_OBJECT_TYPE_QUERY_POOL, object_handle=0x611dcd47b740
timestamp=17853872694435, VA=000080010001a000-000080010001a0f0, binding_type=bind, object_type=VK_OBJECT_TYPE_QUERY_POOL, object_handle=0x611dcd47c9d0
timestamp=17853873758529, VA=00008001001f5000-00008001001f5008, binding_type=bind, object_type=VK_OBJECT_TYPE_EVENT, object_handle=0x611dcd47c0d0
timestamp=17853873835133, VA=000080000007e000-0000800000082000, binding_type=bind, object_type=VK_OBJECT_TYPE_COMMAND_BUFFER, object_handle=0x611dcd7e47e0
timestamp=17853889813590, VA=0000800000082000-0000800000086000, binding_type=bind, object_type=VK_OBJECT_TYPE_COMMAND_BUFFER, object_handle=0x611dcd7ea360
timestamp=17853890469476, VA=0000800000086000-000080000008a000, binding_type=bind, object_type=VK_OBJECT_TYPE_COMMAND_BUFFER, object_handle=0x611dcd7efee0
timestamp=17853890530972, VA=00008000006a8000-00008000006ac000, binding_type=bind, object_type=VK_OBJECT_TYPE_COMMAND_BUFFER, object_handle=0x611dcd85f7d0
timestamp=17853890589842, VA=00008000006ac000-00008000006b0000, binding_type=bind, object_type=VK_OBJECT_TYPE_COMMAND_BUFFER, object_handle=0x611dcd865350
timestamp=17853890641891, VA=00008000006b0000-00008000006b4000, binding_type=bind, object_type=VK_OBJECT_TYPE_COMMAND_BUFFER, object_handle=0x611dcd86aed0
timestamp=17853890699529, VA=00008000006b4000-00008000006b8000, binding_type=bind, object_type=VK_OBJECT_TYPE_COMMAND_BUFFER, object_handle=0x611dcd870a50
timestamp=17853890752068, VA=00008000006b8000-00008000006bc000, binding_type=bind, object_type=VK_OBJECT_TYPE_COMMAND_BUFFER, object_handle=0x611dcd8765d0
timestamp=17853890810588, VA=00008000006bc000-00008000006c0000, binding_type=bind, object_type=VK_OBJECT_TYPE_COMMAND_BUFFER, object_handle=0x611dcd87c150
timestamp=17853890860232, VA=00008000006c0000-00008000006c4000, binding_type=bind, object_type=VK_OBJECT_TYPE_COMMAND_BUFFER, object_handle=0x611dcd881cd0
timestamp=17853890909384, VA=00008000006c4000-00008000006c8000, binding_type=bind, object_type=VK_OBJECT_TYPE_COMMAND_BUFFER, object_handle=0x611dcd887850
timestamp=17853890957455, VA=00008000006c8000-00008000006cc000, binding_type=bind, object_type=VK_OBJECT_TYPE_COMMAND_BUFFER, object_handle=0x611dcd88d3d0
timestamp=17853891019321, VA=00008000006cc000-00008000006d0000, binding_type=bind, object_type=VK_OBJECT_TYPE_COMMAND_BUFFER, object_handle=0x611dcd892f50
timestamp=17853891110994, VA=000080010001b000-000080010001b008, binding_type=unbind, object_type=VK_OBJECT_TYPE_EVENT, object_handle=0x611dcd4832e0
timestamp=17853891291133, VA=0000800100019000-00008001000190f0, binding_type=unbind, object_type=VK_OBJECT_TYPE_QUERY_POOL, object_handle=0x611dcd47b740
timestamp=17853891309538, VA=000080010001a000-000080010001a0f0, binding_type=unbind, object_type=VK_OBJECT_TYPE_QUERY_POOL, object_handle=0x611dcd47c9d0
timestamp=17853891335667, VA=0000800100019000-00008001000190f0, binding_type=bind, object_type=VK_OBJECT_TYPE_QUERY_POOL, object_handle=0x611dcd47c9d0
timestamp=17853891350716, VA=000080010001a000-000080010001a0f0, binding_type=bind, object_type=VK_OBJECT_TYPE_QUERY_POOL, object_handle=0x611dcd47b740
timestamp=17853892165340, VA=000080010001b000-000080010001b008, binding_type=bind, object_type=VK_OBJECT_TYPE_EVENT, object_handle=0x611dce2bf0e0
timestamp=17853892214332, VA=00008000006d0000-00008000006d4000, binding_type=bind, object_type=VK_OBJECT_TYPE_COMMAND_BUFFER, object_handle=0x611dcd898ad0
timestamp=17853907539609, VA=00008000006d4000-00008000006d8000, binding_type=bind, object_type=VK_OBJECT_TYPE_COMMAND_BUFFER, object_handle=0x611dcd89e650
timestamp=17853908219019, VA=00008000006d8000-00008000006dc000, binding_type=bind, object_type=VK_OBJECT_TYPE_COMMAND_BUFFER, object_handle=0x611dcd8a41d0
timestamp=17853908274263, VA=00008000006dc000-00008000006e0000, binding_type=bind, object_type=VK_OBJECT_TYPE_COMMAND_BUFFER, object_handle=0x611dcd8a9d50
timestamp=17853908326992, VA=00008000006e0000-00008000006e4000, binding_type=bind, object_type=VK_OBJECT_TYPE_COMMAND_BUFFER, object_handle=0x611dcd8af8d0
timestamp=17853908378139, VA=00008000006e4000-00008000006e8000, binding_type=bind, object_type=VK_OBJECT_TYPE_COMMAND_BUFFER, object_handle=0x611dcd8b5450
timestamp=17853908434675, VA=00008000006e8000-00008000006ec000, binding_type=bind, object_type=VK_OBJECT_TYPE_COMMAND_BUFFER, object_handle=0x611dcd8bafd0
timestamp=17853908491713, VA=00008000006ec000-00008000006f0000, binding_type=bind, object_type=VK_OBJECT_TYPE_COMMAND_BUFFER, object_handle=0x611dcd8c0b50
timestamp=17853908543240, VA=00008000006f0000-00008000006f4000, binding_type=bind, object_type=VK_OBJECT_TYPE_COMMAND_BUFFER, object_handle=0x611dcd9560a0
timestamp=17853908596891, VA=00008000006f4000-00008000006f8000, binding_type=bind, object_type=VK_OBJECT_TYPE_COMMAND_BUFFER, object_handle=0x611dcd95bc20
timestamp=17853908646714, VA=00008000006f8000-00008000006fc000, binding_type=bind, object_type=VK_OBJECT_TYPE_COMMAND_BUFFER, object_handle=0x611dcd9617a0
timestamp=17853908700706, VA=00008000006fc000-0000800000700000, binding_type=bind, object_type=VK_OBJECT_TYPE_COMMAND_BUFFER, object_handle=0x611dcd967320
timestamp=17853908750861, VA=0000800000700000-0000800000704000, binding_type=bind, object_type=VK_OBJECT_TYPE_COMMAND_BUFFER, object_handle=0x611dcd96cea0
timestamp=17853908839548, VA=000080010001d000-000080010001d008, binding_type=unbind, object_type=VK_OBJECT_TYPE_EVENT, object_handle=0x611dce2c4d00
timestamp=17853909026931, VA=0000800100019000-00008001000190f0, binding_type=unbind, object_type=VK_OBJECT_TYPE_QUERY_POOL, object_handle=0x611dcd47c9d0
timestamp=17853909045556, VA=000080010001a000-000080010001a0f0, binding_type=unbind, object_type=VK_OBJECT_TYPE_QUERY_POOL, object_handle=0x611dcd47b740
timestamp=17853909074941, VA=0000800100019000-00008001000190f0, binding_type=bind, object_type=VK_OBJECT_TYPE_QUERY_POOL, object_handle=0x611dcd47b740
timestamp=17853909089549, VA=000080010001a000-000080010001a0f0, binding_type=bind, object_type=VK_OBJECT_TYPE_QUERY_POOL, object_handle=0x611dcd47c9d0
timestamp=17853909898252, VA=000080010001d000-000080010001d008, binding_type=bind, object_type=VK_OBJECT_TYPE_EVENT, object_handle=0x611dce2d0860
timestamp=17853909948887, VA=0000800000704000-0000800000708000, binding_type=bind, object_type=VK_OBJECT_TYPE_COMMAND_BUFFER, object_handle=0x611dcd972a20
timestamp=17853924820479, VA=0000800000708000-000080000070c000, binding_type=bind, object_type=VK_OBJECT_TYPE_COMMAND_BUFFER, object_handle=0x611dcd9785a0
timestamp=17853925425970, VA=000080000070c000-0000800000710000, binding_type=bind, object_type=VK_OBJECT_TYPE_COMMAND_BUFFER, object_handle=0x611dcd97e120
timestamp=17853925497154, VA=0000800000710000-0000800000714000, binding_type=bind, object_type=VK_OBJECT_TYPE_COMMAND_BUFFER, object_handle=0x611dcd983ca0
timestamp=17853925554742, VA=0000800000714000-0000800000718000, binding_type=bind, object_type=VK_OBJECT_TYPE_COMMAND_BUFFER, object_handle=0x611dcd989820
timestamp=17853925604125, VA=0000800000718000-000080000071c000, binding_type=bind, object_type=VK_OBJECT_TYPE_COMMAND_BUFFER, object_handle=0x611dcd98f3a0
timestamp=17853925660722, VA=000080000071c000-0000800000720000, binding_type=bind, object_type=VK_OBJECT_TYPE_COMMAND_BUFFER, object_handle=0x611dcd994f20
timestamp=17853925710546, VA=0000800000720000-0000800000724000, binding_type=bind, object_type=VK_OBJECT_TYPE_COMMAND_BUFFER, object_handle=0x611dcd99aaa0
timestamp=17853925767914, VA=0000800000724000-0000800000728000, binding_type=bind, object_type=VK_OBJECT_TYPE_COMMAND_BUFFER, object_handle=0x611dcd9a0620
timestamp=17853925816175, VA=0000800000728000-000080000072c000, binding_type=bind, object_type=VK_OBJECT_TYPE_COMMAND_BUFFER, object_handle=0x611dcd9a61a0
timestamp=17853925866279, VA=000080000072c000-0000800000730000, binding_type=bind, object_type=VK_OBJECT_TYPE_COMMAND_BUFFER, object_handle=0x611dcd9abd20
timestamp=17853925914991, VA=0000800000730000-0000800000734000, binding_type=bind, object_type=VK_OBJECT_TYPE_COMMAND_BUFFER, object_handle=0x611dcd9b18a0
timestamp=17853925972089, VA=0000800000734000-0000800000738000, binding_type=bind, object_type=VK_OBJECT_TYPE_COMMAND_BUFFER, object_handle=0x611dcd9b7420
timestamp=17853926068520, VA=000080010001e000-000080010001e008, binding_type=unbind, object_type=VK_OBJECT_TYPE_EVENT, object_handle=0x611dce2d15f0
timestamp=17853926242668, VA=0000800100019000-00008001000190f0, binding_type=unbind, object_type=VK_OBJECT_TYPE_QUERY_POOL, object_handle=0x611dcd47b740
timestamp=17853926259610, VA=000080010001a000-000080010001a0f0, binding_type=unbind, object_type=VK_OBJECT_TYPE_QUERY_POOL, object_handle=0x611dcd47c9d0
timestamp=17853926286571, VA=0000800100019000-00008001000190f0, binding_type=bind, object_type=VK_OBJECT_TYPE_QUERY_POOL, object_handle=0x611dcd47c9d0
timestamp=17853926301339, VA=000080010001a000-000080010001a0f0, binding_type=bind, object_type=VK_OBJECT_TYPE_QUERY_POOL, object_handle=0x611dcd47b740
timestamp=17853927101686, VA=000080010001e000-000080010001e008, binding_type=bind, object_type=VK_OBJECT_TYPE_EVENT, object_handle=0x611dce2de350
timestamp=17853927154426, VA=0000800000738000-000080000073c000, binding_type=bind, object_type=VK_OBJECT_TYPE_COMMAND_BUFFER, object_handle=0x611dcd9bcfa0
timestamp=17853941599504, VA=000080000073c000-0000800000740000, binding_type=bind, object_type=VK_OBJECT_TYPE_COMMAND_BUFFER, object_handle=0x611dcd9c2b20
timestamp=17853942219562, VA=0000800000740000-0000800000744000, binding_type=bind, object_type=VK_OBJECT_TYPE_COMMAND_BUFFER, object_handle=0x611dcd9c86a0
timestamp=17853942277501, VA=0000800000744000-0000800000748000, binding_type=bind, object_type=VK_OBJECT_TYPE_COMMAND_BUFFER, object_handle=0x611dcd9ce220
timestamp=17853942327926, VA=0000800000748000-000080000074c000, binding_type=bind, object_type=VK_OBJECT_TYPE_COMMAND_BUFFER, object_handle=0x611dcd9d3da0
timestamp=17853942380245, VA=000080000074c000-0000800000750000, binding_type=bind, object_type=VK_OBJECT_TYPE_COMMAND_BUFFER, object_handle=0x611dcd9d9920
timestamp=17853942436291, VA=0000800000750000-0000800000754000, binding_type=bind, object_type=VK_OBJECT_TYPE_COMMAND_BUFFER, object_handle=0x611dcd9df4a0
timestamp=17853942486024, VA=0000800000754000-0000800000758000, binding_type=bind, object_type=VK_OBJECT_TYPE_COMMAND_BUFFER, object_handle=0x611dcd9e5020
timestamp=17853942535247, VA=0000800000758000-000080000075c000, binding_type=bind, object_type=VK_OBJECT_TYPE_COMMAND_BUFFER, object_handle=0x611dcd9eaba0
timestamp=17853942591182, VA=000080000075c000-0000800000760000, binding_type=bind, object_type=VK_OBJECT_TYPE_COMMAND_BUFFER, object_handle=0x611dcd9f0720
timestamp=17853942645104, VA=0000800000760000-0000800000764000, binding_type=bind, object_type=VK_OBJECT_TYPE_COMMAND_BUFFER, object_handle=0x611dcd9f62a0
timestamp=17853942695689, VA=0000800000764000-0000800000768000, binding_type=bind, object_type=VK_OBJECT_TYPE_COMMAND_BUFFER, object_handle=0x611dcd9fbe20
timestamp=17853942745613, VA=0000800000768000-000080000076c000, binding_type=bind, object_type=VK_OBJECT_TYPE_COMMAND_BUFFER, object_handle=0x611dcda019a0
timestamp=17853942839219, VA=000080010001f000-000080010001f008, binding_type=unbind, object_type=VK_OBJECT_TYPE_EVENT, object_handle=0x611dce2dfb30
timestamp=17853943028155, VA=0000800100019000-00008001000190f0, binding_type=unbind, object_type=VK_OBJECT_TYPE_QUERY_POOL, object_handle=0x611dcd47c9d0
timestamp=17853943046139, VA=000080010001a000-000080010001a0f0, binding_type=unbind, object_type=VK_OBJECT_TYPE_QUERY_POOL, object_handle=0x611dcd47b740
timestamp=17853943074292, VA=0000800100019000-00008001000190f0, binding_type=bind, object_type=VK_OBJECT_TYPE_QUERY_POOL, object_handle=0x611dcd47b740
timestamp=17853943089301, VA=000080010001a000-000080010001a0f0, binding_type=bind, object_type=VK_OBJECT_TYPE_QUERY_POOL, object_handle=0x611dcd47c9d0
timestamp=17853943891622, VA=000080010001f000-000080010001f008, binding_type=bind, object_type=VK_OBJECT_TYPE_EVENT, object_handle=0x611dce2ecab0
timestamp=17853943941756, VA=000080000076c000-0000800000770000, binding_type=bind, object_type=VK_OBJECT_TYPE_COMMAND_BUFFER, object_handle=0x611dcda07520
timestamp=17853958165288, VA=0000800000770000-0000800000774000, binding_type=bind, object_type=VK_OBJECT_TYPE_COMMAND_BUFFER, object_handle=0x611dcda0d0a0
timestamp=17853958765388, VA=0000800000774000-0000800000778000, binding_type=bind, object_type=VK_OBJECT_TYPE_COMMAND_BUFFER, object_handle=0x611dcda12c20
timestamp=17853958821854, VA=0000800000778000-000080000077c000, binding_type=bind, object_type=VK_OBJECT_TYPE_COMMAND_BUFFER, object_handle=0x611dcda18960
timestamp=17853958876567, VA=000080000077c000-0000800000780000, binding_type=bind, object_type=VK_OBJECT_TYPE_COMMAND_BUFFER, object_handle=0x611dcda1e6c0
timestamp=17853958932252, VA=0000800000780000-0000800000784000, binding_type=bind, object_type=VK_OBJECT_TYPE_COMMAND_BUFFER, object_handle=0x611dcda24590
timestamp=17853958982818, VA=0000800000784000-0000800000788000, binding_type=bind, object_type=VK_OBJECT_TYPE_COMMAND_BUFFER, object_handle=0x611dcda2a460
timestamp=17853959041027, VA=0000800000788000-000080000078c000, binding_type=bind, object_type=VK_OBJECT_TYPE_COMMAND_BUFFER, object_handle=0x611dcda30330
timestamp=17853959095961, VA=000080000078c000-0000800000790000, binding_type=bind, object_type=VK_OBJECT_TYPE_COMMAND_BUFFER, object_handle=0x611dcda36200
timestamp=17853959144272, VA=0000800000790000-0000800000794000, binding_type=bind, object_type=VK_OBJECT_TYPE_COMMAND_BUFFER, object_handle=0x611dcda3c0d0
timestamp=17853959201590, VA=0000800000794000-0000800000798000, binding_type=bind, object_type=VK_OBJECT_TYPE_COMMAND_BUFFER, object_handle=0x611dcda41fa0
timestamp=17853959254389, VA=0000800000798000-000080000079c000, binding_type=bind, object_type=VK_OBJECT_TYPE_COMMAND_BUFFER, object_handle=0x611dcda47e70
timestamp=17853959305004, VA=000080000079c000-00008000007a0000, binding_type=bind, object_type=VK_OBJECT_TYPE_COMMAND_BUFFER, object_handle=0x611dcda4dd40
timestamp=17853959425161, VA=0000800100020000-0000800100020008, binding_type=unbind, object_type=VK_OBJECT_TYPE_EVENT, object_handle=0x611dce2ede10
timestamp=17853959601503, VA=0000800100019000-00008001000190f0, binding_type=unbind, object_type=VK_OBJECT_TYPE_QUERY_POOL, object_handle=0x611dcd47b740
timestamp=17853959619276, VA=000080010001a000-000080010001a0f0, binding_type=unbind, object_type=VK_OBJECT_TYPE_QUERY_POOL, object_handle=0x611dcd47c9d0
timestamp=17853959648341, VA=0000800100019000-00008001000190f0, binding_type=bind, object_type=VK_OBJECT_TYPE_QUERY_POOL, object_handle=0x611dcd47c9d0
timestamp=17853959662758, VA=000080010001a000-000080010001a0f0, binding_type=bind, object_type=VK_OBJECT_TYPE_QUERY_POOL, object_handle=0x611dcd47b740
timestamp=17853960485278, VA=0000800100020000-0000800100020008, binding_type=bind, object_type=VK_OBJECT_TYPE_EVENT, object_handle=0x611dce2fb640
timestamp=17853960536164, VA=00008000007a0000-00008000007a4000, binding_type=bind, object_type=VK_OBJECT_TYPE_COMMAND_BUFFER, object_handle=0x611dcda53c10
timestamp=17853974508572, VA=00008000007a4000-00008000007a8000, binding_type=bind, object_type=VK_OBJECT_TYPE_COMMAND_BUFFER, object_handle=0x611dcda59ae0
timestamp=17853975086130, VA=00008000007a8000-00008000007ac000, binding_type=bind, object_type=VK_OBJECT_TYPE_COMMAND_BUFFER, object_handle=0x611dcda5f9b0
timestamp=17853975148217, VA=00008000007ac000-00008000007b0000, binding_type=bind, object_type=VK_OBJECT_TYPE_COMMAND_BUFFER, object_handle=0x611dcda65880
timestamp=17853975201718, VA=00008000007b0000-00008000007b4000, binding_type=bind, object_type=VK_OBJECT_TYPE_COMMAND_BUFFER, object_handle=0x611dcda6b750
timestamp=17853975255359, VA=00008000007b4000-00008000007b8000, binding_type=bind, object_type=VK_OBJECT_TYPE_COMMAND_BUFFER, object_handle=0x611dcda71620
timestamp=17853975306194, VA=00008000007b8000-00008000007bc000, binding_type=bind, object_type=VK_OBJECT_TYPE_COMMAND_BUFFER, object_handle=0x611dcda774f0
timestamp=17853975364113, VA=00008000007bc000-00008000007c0000, binding_type=bind, object_type=VK_OBJECT_TYPE_COMMAND_BUFFER, object_handle=0x611dcda7d3c0
timestamp=17853975412955, VA=00008000007c0000-00008000007c4000, binding_type=bind, object_type=VK_OBJECT_TYPE_COMMAND_BUFFER, object_handle=0x611dcda83290
timestamp=17853975460836, VA=00008000007c4000-00008000007c8000, binding_type=bind, object_type=VK_OBJECT_TYPE_COMMAND_BUFFER, object_handle=0x611dcda89160
timestamp=17853975511361, VA=00008000007c8000-00008000007cc000, binding_type=bind, object_type=VK_OBJECT_TYPE_COMMAND_BUFFER, object_handle=0x611dcda8f030
timestamp=17853975562327, VA=00008000007cc000-00008000007d0000, binding_type=bind, object_type=VK_OBJECT_TYPE_COMMAND_BUFFER, object_handle=0x611dcda94f00
timestamp=17853975609796, VA=00008000007d0000-00008000007d4000, binding_type=bind, object_type=VK_OBJECT_TYPE_COMMAND_BUFFER, object_handle=0x611dcda9add0
timestamp=17853975713852, VA=0000800100021000-0000800100021008, binding_type=unbind, object_type=VK_OBJECT_TYPE_EVENT, object_handle=0x611dce2fc9a0
timestamp=17853975896286, VA=0000800100019000-00008001000190f0, binding_type=unbind, object_type=VK_OBJECT_TYPE_QUERY_POOL, object_handle=0x611dcd47c9d0
timestamp=17853975913919, VA=000080010001a000-000080010001a0f0, binding_type=unbind, object_type=VK_OBJECT_TYPE_QUERY_POOL, object_handle=0x611dcd47b740
timestamp=17853975940950, VA=0000800100019000-00008001000190f0, binding_type=bind, object_type=VK_OBJECT_TYPE_QUERY_POOL, object_handle=0x611dcd47b740
timestamp=17853975956339, VA=000080010001a000-000080010001a0f0, binding_type=bind, object_type=VK_OBJECT_TYPE_QUERY_POOL, object_handle=0x611dcd47c9d0
timestamp=17853976786102, VA=0000800100021000-0000800100021008, binding_type=bind, object_type=VK_OBJECT_TYPE_EVENT, object_handle=0x611dce30a420
timestamp=17853976840004, VA=00008000007d4000-00008000007d8000, binding_type=bind, object_type=VK_OBJECT_TYPE_COMMAND_BUFFER, object_handle=0x611dcdaa0ca0
timestamp=17853990525552, VA=00008000007d8000-00008000007dc000, binding_type=bind, object_type=VK_OBJECT_TYPE_COMMAND_BUFFER, object_handle=0x611dcdaa6b70
timestamp=17853991152793, VA=00008000007dc000-00008000007e0000, binding_type=bind, object_type=VK_OBJECT_TYPE_COMMAND_BUFFER, object_handle=0x611dcdaaca40
timestamp=17853991228105, VA=00008000007e0000-00008000007e4000, binding_type=bind, object_type=VK_OBJECT_TYPE_COMMAND_BUFFER, object_handle=0x611dcdab2910
timestamp=17853991285012, VA=00008000007e4000-00008000007e8000, binding_type=bind, object_type=VK_OBJECT_TYPE_COMMAND_BUFFER, object_handle=0x611dcdab87e0
timestamp=17853991338363, VA=00008000007e8000-00008000007ec000, binding_type=bind, object_type=VK_OBJECT_TYPE_COMMAND_BUFFER, object_handle=0x611dcdabe6b0
timestamp=17853991390751, VA=00008000007ec000-00008000007f0000, binding_type=bind, object_type=VK_OBJECT_TYPE_COMMAND_BUFFER, object_handle=0x611dcdac4580
timestamp=17853991443901, VA=00008000007f0000-00008000007f4000, binding_type=bind, object_type=VK_OBJECT_TYPE_COMMAND_BUFFER, object_handle=0x611dcdaca450
timestamp=17853991500638, VA=00008000007f4000-00008000007f8000, binding_type=bind, object_type=VK_OBJECT_TYPE_COMMAND_BUFFER, object_handle=0x611dcdad0320
timestamp=17853991557435, VA=00008000007f8000-00008000007fc000, binding_type=bind, object_type=VK_OBJECT_TYPE_COMMAND_BUFFER, object_handle=0x611dcdad61f0
timestamp=17853991608722, VA=00008000007fc000-0000800000800000, binding_type=bind, object_type=VK_OBJECT_TYPE_COMMAND_BUFFER, object_handle=0x611dcdadc0c0
timestamp=17853991672191, VA=0000800000800000-0000800000804000, binding_type=bind, object_type=VK_OBJECT_TYPE_COMMAND_BUFFER, object_handle=0x611dcdae1f90
timestamp=17853991743426, VA=0000800000804000-0000800000808000, binding_type=bind, object_type=VK_OBJECT_TYPE_COMMAND_BUFFER, object_handle=0x611dcdae7e60
timestamp=17853991853212, VA=0000800100022000-0000800100022008, binding_type=unbind, object_type=VK_OBJECT_TYPE_EVENT, object_handle=0x611dce30b780
timestamp=17853992039103, VA=0000800100019000-00008001000190f0, binding_type=unbind, object_type=VK_OBJECT_TYPE_QUERY_POOL, object_handle=0x611dcd47b740
timestamp=17853992057738, VA=000080010001a000-000080010001a0f0, binding_type=unbind, object_type=VK_OBJECT_TYPE_QUERY_POOL, object_handle=0x611dcd47c9d0
timestamp=17853992087624, VA=0000800100019000-00008001000190f0, binding_type=bind, object_type=VK_OBJECT_TYPE_QUERY_POOL, object_handle=0x611dcd47c9d0
timestamp=17853992102873, VA=000080010001a000-000080010001a0f0, binding_type=bind, object_type=VK_OBJECT_TYPE_QUERY_POOL, object_handle=0x611dcd47b740
timestamp=17853992914562, VA=0000800100022000-0000800100022008, binding_type=bind, object_type=VK_OBJECT_TYPE_EVENT, object_handle=0x611dce319760
timestamp=17853992965688, VA=0000800000808000-000080000080c000, binding_type=bind, object_type=VK_OBJECT_TYPE_COMMAND_BUFFER, object_handle=0x611dcdaedd30
timestamp=17854006366880, VA=000080000080c000-0000800000810000, binding_type=bind, object_type=VK_OBJECT_TYPE_COMMAND_BUFFER, object_handle=0x611dcdaf3c00
timestamp=17854006918289, VA=0000800000810000-0000800000814000, binding_type=bind, object_type=VK_OBJECT_TYPE_COMMAND_BUFFER, object_handle=0x611dcdaf9ad0
timestamp=17854006982390, VA=0000800000814000-0000800000818000, binding_type=bind, object_type=VK_OBJECT_TYPE_COMMAND_BUFFER, object_handle=0x611dcdaff9a0
timestamp=17854007041361, VA=0000800000818000-000080000081c000, binding_type=bind, object_type=VK_OBJECT_TYPE_COMMAND_BUFFER, object_handle=0x611dcdb05870
timestamp=17854007101003, VA=000080000081c000-0000800000820000, binding_type=bind, object_type=VK_OBJECT_TYPE_COMMAND_BUFFER, object_handle=0x611dcdb0b740
timestamp=17854007181705, VA=0000800000820000-0000800000824000, binding_type=bind, object_type=VK_OBJECT_TYPE_COMMAND_BUFFER, object_handle=0x611dcdb11610
timestamp=17854007237320, VA=0000800000824000-0000800000828000, binding_type=bind, object_type=VK_OBJECT_TYPE_COMMAND_BUFFER, object_handle=0x611dcdb174e0
timestamp=17854007288076, VA=0000800000828000-000080000082c000, binding_type=bind, object_type=VK_OBJECT_TYPE_COMMAND_BUFFER, object_handle=0x611dcdb1d3b0
timestamp=17854007344492, VA=000080000082c000-0000800000830000, binding_type=bind, object_type=VK_OBJECT_TYPE_COMMAND_BUFFER, object_handle=0x611dcdb23280
timestamp=17854007400658, VA=0000800000830000-0000800000834000, binding_type=bind, object_type=VK_OBJECT_TYPE_COMMAND_BUFFER, object_handle=0x611dcdb29150
timestamp=17854007452726, VA=0000800000834000-0000800000838000, binding_type=bind, object_type=VK_OBJECT_TYPE_COMMAND_BUFFER, object_handle=0x611dcdb2f020
timestamp=17854007503662, VA=0000800000838000-000080000083c000, binding_type=bind, object_type=VK_OBJECT_TYPE_COMMAND_BUFFER, object_handle=0x611dcdb34ef0
timestamp=17854007598721, VA=0000800100023000-0000800100023008, binding_type=unbind, object_type=VK_OBJECT_TYPE_EVENT, object_handle=0x611dce31b420
timestamp=17854007779411, VA=0000800100019000-00008001000190f0, binding_type=unbind, object_type=VK_OBJECT_TYPE_QUERY_POOL, object_handle=0x611dcd47c9d0
timestamp=17854007797685, VA=000080010001a000-000080010001a0f0, binding_type=unbind, object_type=VK_OBJECT_TYPE_QUERY_POOL, object_handle=0x611dcd47b740
timestamp=17854008615225, VA=00008001001f4000-00008001001f4008, binding_type=unbind, object_type=VK_OBJECT_TYPE_EVENT, object_handle=0x611dce35f480
timestamp=17854008634912, VA=00008001001f5000-00008001001f5008, binding_type=unbind, object_type=VK_OBJECT_TYPE_EVENT, object_handle=0x611dcd47c0d0
timestamp=17854008648749, VA=000080010001b000-000080010001b008, binding_type=unbind, object_type=VK_OBJECT_TYPE_EVENT, object_handle=0x611dce2bf0e0
timestamp=17854008661142, VA=000080010001d000-000080010001d008, binding_type=unbind, object_type=VK_OBJECT_TYPE_EVENT, object_handle=0x611dce2d0860
timestamp=17854008672994, VA=000080010001e000-000080010001e008, binding_type=unbind, object_type=VK_OBJECT_TYPE_EVENT, object_handle=0x611dce2de350
timestamp=17854008686991, VA=000080010001f000-000080010001f008, binding_type=unbind, object_type=VK_OBJECT_TYPE_EVENT, object_handle=0x611dce2ecab0
timestamp=17854008698743, VA=0000800100020000-0000800100020008, binding_type=unbind, object_type=VK_OBJECT_TYPE_EVENT, object_handle=0x611dce2fb640
timestamp=17854008709493, VA=0000800100021000-0000800100021008, binding_type=unbind, object_type=VK_OBJECT_TYPE_EVENT, object_handle=0x611dce30a420
timestamp=17854008721626, VA=0000800100022000-0000800100022008, binding_type=unbind, object_type=VK_OBJECT_TYPE_EVENT, object_handle=0x611dce319760
timestamp=17854008741143, VA=00008001069c0000-00008001069c6910, binding_type=unbind, object_type=VK_OBJECT_TYPE_BUFFER, object_handle=0x611dcd4782a0
timestamp=17854008745801, VA=00008001069c0000-00008001069c7000, binding_type=unbind, object_type=VK_OBJECT_TYPE_DEVICE_MEMORY, object_handle=0x611dcd47f250
timestamp=17854008774345, VA=0000800107d00000-0000800107d04b00, binding_type=unbind, object_type=VK_OBJECT_TYPE_BUFFER, object_handle=0x611dcd4f4740
timestamp=17854008778212, VA=0000800107d00000-0000800107d05000, binding_type=unbind, object_type=VK_OBJECT_TYPE_DEVICE_MEMORY, object_handle=0x611dcd4cb190
timestamp=17854008800985, VA=0000800107d40000-0000800107d40330, binding_type=unbind, object_type=VK_OBJECT_TYPE_BUFFER, object_handle=0x611dcd4caf30
timestamp=17854008802668, VA=0000800107d40000-0000800107d41000, binding_type=unbind, object_type=VK_OBJECT_TYPE_DEVICE_MEMORY, object_handle=0x611dcd515130
timestamp=17854008863984, VA=000080012fe00000-0000800137e80000, binding_type=unbind, object_type=VK_OBJECT_TYPE_IMAGE, object_handle=0x611dcd54db40
timestamp=17854008867080, VA=000080012fe00000-0000800137e80000, binding_type=unbind, object_type=VK_OBJECT_TYPE_DEVICE_MEMORY, object_handle=0x611dcd479ea0
timestamp=17854008907085, VA=0000800138000000-0000800139000000, binding_type=unbind, object_type=VK_OBJECT_TYPE_IMAGE, object_handle=0x611dcd705f20
timestamp=17854008909420, VA=0000800138000000-0000800139000000, binding_type=unbind, object_type=VK_OBJECT_TYPE_DEVICE_MEMORY, object_handle=0x611dcd551640
timestamp=17854008931862, VA=000080012ee00000-000080012f200000, binding_type=unbind, object_type=VK_OBJECT_TYPE_IMAGE, object_handle=0x611dcd478990
timestamp=17854008933274, VA=000080012ee00000-000080012f200000, binding_type=unbind, object_type=VK_OBJECT_TYPE_DEVICE_MEMORY, object_handle=0x611dcd479550
timestamp=17854008977117, VA=000080012f200000-000080012f600000, binding_type=unbind, object_type=VK_OBJECT_TYPE_IMAGE, object_handle=0x611dcd559d40
timestamp=17854008978740, VA=000080012f200000-000080012f600000, binding_type=unbind, object_type=VK_OBJECT_TYPE_DEVICE_MEMORY, object_handle=0x611dcd47be60
timestamp=17854008991845, VA=000080012f600000-000080012fa00000, binding_type=unbind, object_type=VK_OBJECT_TYPE_IMAGE, object_handle=0x611dcd4ca360
timestamp=17854008993067, VA=000080012f600000-000080012fa00000, binding_type=unbind, object_type=VK_OBJECT_TYPE_DEVICE_MEMORY, object_handle=0x611dcd4fc760
timestamp=17854009011321, VA=000080012fa00000-000080012fe00000, binding_type=unbind, object_type=VK_OBJECT_TYPE_IMAGE, object_handle=0x611dcd54eb50
timestamp=17854009012484, VA=000080012fa00000-000080012fe00000, binding_type=unbind, object_type=VK_OBJECT_TYPE_DEVICE_MEMORY, object_handle=0x611dcd54f540
timestamp=17854010266526, VA=0000800100024000-0000800100024008, binding_type=unbind, object_type=VK_OBJECT_TYPE_EVENT, object_handle=0x611dce32b0d0
timestamp=17854010298095, VA=0000800100025000-0000800100025008, binding_type=unbind, object_type=VK_OBJECT_TYPE_EVENT, object_handle=0x611dce33adf0
timestamp=17854010311891, VA=0000800100026000-0000800100026008, binding_type=unbind, object_type=VK_OBJECT_TYPE_EVENT, object_handle=0x611dce34ef30
timestamp=17854010351696, VA=000080011d281800-000080011d2b1900, binding_type=unbind, object_type=VK_OBJECT_TYPE_BUFFER, object_handle=0x611dcd638c70
timestamp=17854010354041, VA=000080011d703000-000080011d704000, binding_type=unbind, object_type=VK_OBJECT_TYPE_BUFFER, object_handle=0x611dcd48e1a0
timestamp=17854010354642, VA=000080011d704040-000080011d705040, binding_type=unbind, object_type=VK_OBJECT_TYPE_BUFFER, object_handle=0x611dcd77d420
timestamp=17854010354982, VA=000080011d706040-000080011d707040, binding_type=unbind, object_type=VK_OBJECT_TYPE_BUFFER, object_handle=0x611dcd50a040
timestamp=17854010355243, VA=000080011d705040-000080011d706040, binding_type=unbind, object_type=VK_OBJECT_TYPE_BUFFER, object_handle=0x611dcd493940
timestamp=17854010356084, VA=0000800139000000-0000800139001000, binding_type=unbind, object_type=VK_OBJECT_TYPE_BUFFER, object_handle=0x611dcd71cc10
timestamp=17854010356816, VA=0000800139001000-0000800139002000, binding_type=unbind, object_type=VK_OBJECT_TYPE_BUFFER, object_handle=0x611dcd50ed20
timestamp=17854010360984, VA=00008001022c8000-00008001022d0000, binding_type=unbind, object_type=VK_OBJECT_TYPE_BUFFER, object_handle=0x611dcd5ed2a0
timestamp=17854010388485, VA=000080011d2b1900-000080011d2e1a00, binding_type=unbind, object_type=VK_OBJECT_TYPE_BUFFER, object_handle=0x611dcd5efb30
timestamp=17854010389036, VA=000080011d707040-000080011d708040, binding_type=unbind, object_type=VK_OBJECT_TYPE_BUFFER, object_handle=0x611dcd6fe730
timestamp=17854010389407, VA=000080011d708040-000080011d709040, binding_type=unbind, object_type=VK_OBJECT_TYPE_BUFFER, object_handle=0x611dcd85e690
timestamp=17854010389888, VA=000080011d70a040-000080011d70b040, binding_type=unbind, object_type=VK_OBJECT_TYPE_BUFFER, object_handle=0x611dce2c53d0
timestamp=17854010390119, VA=000080011d709040-000080011d70a040, binding_type=unbind, object_type=VK_OBJECT_TYPE_BUFFER, object_handle=0x611dce2c5220
timestamp=17854010390359, VA=0000800139002000-0000800139003000, binding_type=unbind, object_type=VK_OBJECT_TYPE_BUFFER, object_handle=0x611dcd6f5c00
timestamp=17854010390770, VA=0000800139003000-0000800139004000, binding_type=unbind, object_type=VK_OBJECT_TYPE_BUFFER, object_handle=0x611dcd85ce10
timestamp=17854010393515, VA=00008001022d0000-00008001022d8000, binding_type=unbind, object_type=VK_OBJECT_TYPE_BUFFER, object_handle=0x611dcd5efc10
timestamp=17854010412801, VA=000080011d2e1a00-000080011d311b00, binding_type=unbind, object_type=VK_OBJECT_TYPE_BUFFER, object_handle=0x611dcd5f1400
timestamp=17854010413142, VA=000080011d70b040-000080011d70c040, binding_type=unbind, object_type=VK_OBJECT_TYPE_BUFFER, object_handle=0x611dcd54cbd0
timestamp=17854010413473, VA=000080011d70c040-000080011d70d040, binding_type=unbind, object_type=VK_OBJECT_TYPE_BUFFER, object_handle=0x611dce2c57a0
timestamp=17854010413833, VA=000080011d70e040-000080011d70f040, binding_type=unbind, object_type=VK_OBJECT_TYPE_BUFFER, object_handle=0x611dce2d1d60
timestamp=17854010414174, VA=000080011d70d040-000080011d70e040, binding_type=unbind, object_type=VK_OBJECT_TYPE_BUFFER, object_handle=0x611dce2c7490
timestamp=17854010414384, VA=0000800139004000-0000800139005000, binding_type=unbind, object_type=VK_OBJECT_TYPE_BUFFER, object_handle=0x611dcd553b90
timestamp=17854010414775, VA=0000800139005000-0000800139006000, binding_type=unbind, object_type=VK_OBJECT_TYPE_BUFFER, object_handle=0x611dcd71cd00
timestamp=17854010417260, VA=00008001022d8000-00008001022e0000, binding_type=unbind, object_type=VK_OBJECT_TYPE_BUFFER, object_handle=0x611dcd5f14e0
timestamp=17854010436426, VA=000080011d311b00-000080011d341c00, binding_type=unbind, object_type=VK_OBJECT_TYPE_BUFFER, object_handle=0x611dcd5f2cd0
timestamp=17854010436716, VA=000080011d70f040-000080011d710040, binding_type=unbind, object_type=VK_OBJECT_TYPE_BUFFER, object_handle=0x611dcd6f6b00
timestamp=17854010436967, VA=000080011d710040-000080011d711040, binding_type=unbind, object_type=VK_OBJECT_TYPE_BUFFER, object_handle=0x611dce2d2130
timestamp=17854010437277, VA=000080011d712040-000080011d713040, binding_type=unbind, object_type=VK_OBJECT_TYPE_BUFFER, object_handle=0x611dcd485840
timestamp=17854010437488, VA=000080011d711040-000080011d712040, binding_type=unbind, object_type=VK_OBJECT_TYPE_BUFFER, object_handle=0x611dcd485930
timestamp=17854010437788, VA=0000800139006000-0000800139007000, binding_type=unbind, object_type=VK_OBJECT_TYPE_BUFFER, object_handle=0x611dcd481b50
timestamp=17854010438169, VA=0000800139007000-0000800139008000, binding_type=unbind, object_type=VK_OBJECT_TYPE_BUFFER, object_handle=0x611dcd4fb2e0
timestamp=17854010441165, VA=00008001022e0000-00008001022e8000, binding_type=unbind, object_type=VK_OBJECT_TYPE_BUFFER, object_handle=0x611dcd5f2db0
timestamp=17854010459660, VA=000080011d341c00-000080011d371d00, binding_type=unbind, object_type=VK_OBJECT_TYPE_BUFFER, object_handle=0x611dcd5f4670
timestamp=17854010460000, VA=000080011d713040-000080011d714040, binding_type=unbind, object_type=VK_OBJECT_TYPE_BUFFER, object_handle=0x611dcd6f6900
timestamp=17854010460231, VA=000080011d714040-000080011d715040, binding_type=unbind, object_type=VK_OBJECT_TYPE_BUFFER, object_handle=0x611dce2e35d0
timestamp=17854010460581, VA=000080011d716040-000080011d717040, binding_type=unbind, object_type=VK_OBJECT_TYPE_BUFFER, object_handle=0x611dce2ee960
timestamp=17854010460862, VA=000080011d715040-000080011d716040, binding_type=unbind, object_type=VK_OBJECT_TYPE_BUFFER, object_handle=0x611dce2ee770
timestamp=17854010461072, VA=0000800139008000-0000800139009000, binding_type=unbind, object_type=VK_OBJECT_TYPE_BUFFER, object_handle=0x611dce2e3550
timestamp=17854010461533, VA=0000800139009000-000080013900a000, binding_type=unbind, object_type=VK_OBJECT_TYPE_BUFFER, object_handle=0x611dce2e36e0
timestamp=17854010464058, VA=00008001022e8000-00008001022f0000, binding_type=unbind, object_type=VK_OBJECT_TYPE_BUFFER, object_handle=0x611dcd5f4750
timestamp=17854010481160, VA=000080011d371d00-000080011d3a1e00, binding_type=unbind, object_type=VK_OBJECT_TYPE_BUFFER, object_handle=0x611dcd5f5f40
timestamp=17854010481521, VA=000080011d717040-000080011d718040, binding_type=unbind, object_type=VK_OBJECT_TYPE_BUFFER, object_handle=0x611dce2eed30
timestamp=17854010481731, VA=000080011d718040-000080011d719040, binding_type=unbind, object_type=VK_OBJECT_TYPE_BUFFER, object_handle=0x611dce2f1ef0
timestamp=17854010482132, VA=000080011d71a040-000080011d71b040, binding_type=unbind, object_type=VK_OBJECT_TYPE_BUFFER, object_handle=0x611dce2fd500
timestamp=17854010482472, VA=000080011d719040-000080011d71a040, binding_type=unbind, object_type=VK_OBJECT_TYPE_BUFFER, object_handle=0x611dce2fd310
timestamp=17854010482763, VA=000080013900a000-000080013900b000, binding_type=unbind, object_type=VK_OBJECT_TYPE_BUFFER, object_handle=0x611dce2f1e70
timestamp=17854010483094, VA=000080013900b000-000080013900c000, binding_type=unbind, object_type=VK_OBJECT_TYPE_BUFFER, object_handle=0x611dce2f2000
timestamp=17854010485679, VA=00008001022f0000-00008001022f8000, binding_type=unbind, object_type=VK_OBJECT_TYPE_BUFFER, object_handle=0x611dcd5f6020
timestamp=17854010503502, VA=000080011d3a1e00-000080011d3d1f00, binding_type=unbind, object_type=VK_OBJECT_TYPE_BUFFER, object_handle=0x611dcd5f7810
timestamp=17854010503853, VA=000080011d71b040-000080011d71c040, binding_type=unbind, object_type=VK_OBJECT_TYPE_BUFFER, object_handle=0x611dce2fd8b0
timestamp=17854010504063, VA=000080011d71c040-000080011d71d040, binding_type=unbind, object_type=VK_OBJECT_TYPE_BUFFER, object_handle=0x611dce300fd0
timestamp=17854010504434, VA=000080011d71e040-000080011d71f040, binding_type=unbind, object_type=VK_OBJECT_TYPE_BUFFER, object_handle=0x611dce30cd00
timestamp=17854010504905, VA=000080011d71d040-000080011d71e040, binding_type=unbind, object_type=VK_OBJECT_TYPE_BUFFER, object_handle=0x611dce30c0e0
timestamp=17854010505195, VA=000080013900c000-000080013900d000, binding_type=unbind, object_type=VK_OBJECT_TYPE_BUFFER, object_handle=0x611dce300f50
timestamp=17854010505476, VA=000080013900d000-000080013900e000, binding_type=unbind, object_type=VK_OBJECT_TYPE_BUFFER, object_handle=0x611dce3010e0
timestamp=17854010507720, VA=00008001022f8000-0000800102300000, binding_type=unbind, object_type=VK_OBJECT_TYPE_BUFFER, object_handle=0x611dcd5f78f0
timestamp=17854010528910, VA=000080011d3d1f00-000080011d402000, binding_type=unbind, object_type=VK_OBJECT_TYPE_BUFFER, object_handle=0x611dcd5f90e0
timestamp=17854010529221, VA=000080011d71f040-000080011d720040, binding_type=unbind, object_type=VK_OBJECT_TYPE_BUFFER, object_handle=0x611dce30d0d0
timestamp=17854010529521, VA=000080011d720040-000080011d721040, binding_type=unbind, object_type=VK_OBJECT_TYPE_BUFFER, object_handle=0x611dce310b00
timestamp=17854010529902, VA=000080011d722040-000080011d723040, binding_type=unbind, object_type=VK_OBJECT_TYPE_BUFFER, object_handle=0x611dce31c410
timestamp=17854010532266, VA=000080011d721040-000080011d722040, binding_type=unbind, object_type=VK_OBJECT_TYPE_BUFFER, object_handle=0x611dce31c220
timestamp=17854010532537, VA=000080013900e000-000080013900f000, binding_type=unbind, object_type=VK_OBJECT_TYPE_BUFFER, object_handle=0x611dce310a80
timestamp=17854010532877, VA=000080013900f000-0000800139010000, binding_type=unbind, object_type=VK_OBJECT_TYPE_BUFFER, object_handle=0x611dce310c10
timestamp=17854010536144, VA=0000800102300000-0000800102308000, binding_type=unbind, object_type=VK_OBJECT_TYPE_BUFFER, object_handle=0x611dcd5f91c0
timestamp=17854010557644, VA=000080011d402000-000080011d432100, binding_type=unbind, object_type=VK_OBJECT_TYPE_BUFFER, object_handle=0x611dcd5facd0
timestamp=17854010558406, VA=000080011d723040-000080011d724040, binding_type=unbind, object_type=VK_OBJECT_TYPE_BUFFER, object_handle=0x611dce31c7c0
timestamp=17854010558796, VA=000080011d724040-000080011d725040, binding_type=unbind, object_type=VK_OBJECT_TYPE_BUFFER, object_handle=0x611dce320500
timestamp=17854010559207, VA=000080011d726040-000080011d727040, binding_type=unbind, object_type=VK_OBJECT_TYPE_BUFFER, object_handle=0x611dce32bbe0
timestamp=17854010559598, VA=000080011d725040-000080011d726040, binding_type=unbind, object_type=VK_OBJECT_TYPE_BUFFER, object_handle=0x611dce32b9f0
timestamp=17854010559878, VA=0000800139010000-0000800139011000, binding_type=unbind, object_type=VK_OBJECT_TYPE_BUFFER, object_handle=0x611dce320480
timestamp=17854010560299, VA=0000800139011000-0000800139012000, binding_type=unbind, object_type=VK_OBJECT_TYPE_BUFFER, object_handle=0x611dce320610
timestamp=17854010560820, VA=0000800102308000-0000800102310000, binding_type=unbind, object_type=VK_OBJECT_TYPE_BUFFER, object_handle=0x611dcd5fadb0
timestamp=17854010581559, VA=000080011d432100-000080011d462200, binding_type=unbind, object_type=VK_OBJECT_TYPE_BUFFER, object_handle=0x611dcd5fc5a0
timestamp=17854010581890, VA=000080011d727040-000080011d728040, binding_type=unbind, object_type=VK_OBJECT_TYPE_BUFFER, object_handle=0x611dce32bfb0
timestamp=17854010582120, VA=000080011d728040-000080011d729040, binding_type=unbind, object_type=VK_OBJECT_TYPE_BUFFER, object_handle=0x611dce330220
timestamp=17854010582411, VA=000080011d72a040-000080011d72b040, binding_type=unbind, object_type=VK_OBJECT_TYPE_BUFFER, object_handle=0x611dce33b910
timestamp=17854010582691, VA=000080011d729040-000080011d72a040, binding_type=unbind, object_type=VK_OBJECT_TYPE_BUFFER, object_handle=0x611dce33b720
timestamp=17854010582912, VA=0000800139012000-0000800139013000, binding_type=unbind, object_type=VK_OBJECT_TYPE_BUFFER, object_handle=0x611dce3301a0
timestamp=17854010583152, VA=0000800139013000-0000800139014000, binding_type=unbind, object_type=VK_OBJECT_TYPE_BUFFER, object_handle=0x611dce330330
timestamp=17854010585527, VA=0000800102310000-0000800102318000, binding_type=unbind, object_type=VK_OBJECT_TYPE_BUFFER, object_handle=0x611dcd5fc680
timestamp=17854010602649, VA=000080011d462200-000080011d492300, binding_type=unbind, object_type=VK_OBJECT_TYPE_BUFFER, object_handle=0x611dcd5fdf40
timestamp=17854010602939, VA=000080011d72b040-000080011d72c040, binding_type=unbind, object_type=VK_OBJECT_TYPE_BUFFER, object_handle=0x611dce33bc70
timestamp=17854010603150, VA=000080011d72c040-000080011d72d040, binding_type=unbind, object_type=VK_OBJECT_TYPE_BUFFER, object_handle=0x611dce2ba130
timestamp=17854010603440, VA=000080011d72e040-000080011d72f040, binding_type=unbind, object_type=VK_OBJECT_TYPE_BUFFER, object_handle=0x611dce34fa20
timestamp=17854010603671, VA=000080011d72d040-000080011d72e040, binding_type=unbind, object_type=VK_OBJECT_TYPE_BUFFER, object_handle=0x611dce34f830
timestamp=17854010603881, VA=0000800139014000-0000800139015000, binding_type=unbind, object_type=VK_OBJECT_TYPE_BUFFER, object_handle=0x611dce2ba0b0
timestamp=17854010604102, VA=0000800139015000-0000800139016000, binding_type=unbind, object_type=VK_OBJECT_TYPE_BUFFER, object_handle=0x611dce2ba240
timestamp=17854010607618, VA=0000800102318000-0000800102320000, binding_type=unbind, object_type=VK_OBJECT_TYPE_BUFFER, object_handle=0x611dcd5fe020
timestamp=17854010625742, VA=000080011d704000-000080011d704040, binding_type=unbind, object_type=VK_OBJECT_TYPE_BUFFER, object_handle=0x611dcd48e220
timestamp=17854010633156, VA=00008000000da000-00008000000ee000, binding_type=unbind, object_type=VK_OBJECT_TYPE_DESCRIPTOR_POOL, object_handle=0x611dcd7902b0
timestamp=17854010659105, VA=000080011d492300-000080011d4c2400, binding_type=unbind, object_type=VK_OBJECT_TYPE_BUFFER, object_handle=0x611dcd5ff810
timestamp=17854010659526, VA=000080011d72f040-000080011d730040, binding_type=unbind, object_type=VK_OBJECT_TYPE_BUFFER, object_handle=0x611dce34fdf0
timestamp=17854010659736, VA=000080011d730040-000080011d731040, binding_type=unbind, object_type=VK_OBJECT_TYPE_BUFFER, object_handle=0x611dce354820
timestamp=17854010659977, VA=000080011d732040-000080011d733040, binding_type=unbind, object_type=VK_OBJECT_TYPE_BUFFER, object_handle=0x611dce35ff00
timestamp=17854010660207, VA=000080011d731040-000080011d732040, binding_type=unbind, object_type=VK_OBJECT_TYPE_BUFFER, object_handle=0x611dce35fd10
timestamp=17854010661540, VA=0000800139016000-0000800139017000, binding_type=unbind, object_type=VK_OBJECT_TYPE_BUFFER, object_handle=0x611dce3547a0
timestamp=17854010661880, VA=0000800139017000-0000800139018000, binding_type=unbind, object_type=VK_OBJECT_TYPE_BUFFER, object_handle=0x611dce354930
timestamp=17854010664055, VA=0000800102320000-0000800102328000, binding_type=unbind, object_type=VK_OBJECT_TYPE_BUFFER, object_handle=0x611dcd5ff8f0
timestamp=17854010680295, VA=0000800000670000-0000800000674000, binding_type=unbind, object_type=VK_OBJECT_TYPE_COMMAND_BUFFER, object_handle=0x611dcd5e44a0
timestamp=17854010709680, VA=000080000063c000-0000800000640000, binding_type=unbind, object_type=VK_OBJECT_TYPE_COMMAND_BUFFER, object_handle=0x611dcd5de5f0
timestamp=17854010740268, VA=00008000001ea000-00008000001ee000, binding_type=unbind, object_type=VK_OBJECT_TYPE_COMMAND_BUFFER, object_handle=0x611dcd5d8740
timestamp=17854010779953, VA=00008000001be000-00008000001c2000, binding_type=unbind, object_type=VK_OBJECT_TYPE_COMMAND_BUFFER, object_handle=0x611dcd5d2890
timestamp=17854010813696, VA=0000800000196000-000080000019a000, binding_type=unbind, object_type=VK_OBJECT_TYPE_COMMAND_BUFFER, object_handle=0x611dcd5cd520
timestamp=17854010854243, VA=0000800000172000-0000800000176000, binding_type=unbind, object_type=VK_OBJECT_TYPE_COMMAND_BUFFER, object_handle=0x611dcd5c84a0
timestamp=17854010885442, VA=0000800000152000-0000800000156000, binding_type=unbind, object_type=VK_OBJECT_TYPE_COMMAND_BUFFER, object_handle=0x611dcd5c44e0
timestamp=17854010940836, VA=0000800000136000-000080000013a000, binding_type=unbind, object_type=VK_OBJECT_TYPE_COMMAND_BUFFER, object_handle=0x611dcca48ea0
timestamp=17854011038129, VA=000080000011e000-0000800000122000, binding_type=unbind, object_type=VK_OBJECT_TYPE_COMMAND_BUFFER, object_handle=0x611dcca43050
timestamp=17854011085659, VA=000080000010a000-000080000010e000, binding_type=unbind, object_type=VK_OBJECT_TYPE_COMMAND_BUFFER, object_handle=0x611dcca3d2a0
timestamp=17854011129942, VA=00008000000fa000-00008000000fe000, binding_type=unbind, object_type=VK_OBJECT_TYPE_COMMAND_BUFFER, object_handle=0x611dcca37560
timestamp=17854011169106, VA=00008000000ca000-00008000000da000, binding_type=unbind, object_type=VK_OBJECT_TYPE_COMMAND_BUFFER, object_handle=0x611dcca324e0
timestamp=17854011234689, VA=000080011d4c2400-000080011d4f2500, binding_type=unbind, object_type=VK_OBJECT_TYPE_BUFFER, object_handle=0x611dcd45e430
timestamp=17854011238466, VA=0000800102328000-0000800102330000, binding_type=unbind, object_type=VK_OBJECT_TYPE_BUFFER, object_handle=0x611dcd45e4b0
timestamp=17854011249638, VA=000080011d4f2500-000080011d522600, binding_type=unbind, object_type=VK_OBJECT_TYPE_BUFFER, object_handle=0x611dcd45fcf0
timestamp=17854011250289, VA=0000800102330000-0000800102338000, binding_type=unbind, object_type=VK_OBJECT_TYPE_BUFFER, object_handle=0x611dcd45fdd0
timestamp=17854011256611, VA=000080011d522600-000080011d552700, binding_type=unbind, object_type=VK_OBJECT_TYPE_BUFFER, object_handle=0x611dcd4615c0
timestamp=17854011258484, VA=0000800102338000-0000800102340000, binding_type=unbind, object_type=VK_OBJECT_TYPE_BUFFER, object_handle=0x611dcd4616a0
timestamp=17854011265157, VA=000080011d552700-000080011d582800, binding_type=unbind, object_type=VK_OBJECT_TYPE_BUFFER, object_handle=0x611dcd4635f0
timestamp=17854011265598, VA=0000800102340000-0000800102348000, binding_type=unbind, object_type=VK_OBJECT_TYPE_BUFFER, object_handle=0x611dcd463da0
timestamp=17854011337423, VA=000080011d582800-000080011d5b2900, binding_type=unbind, object_type=VK_OBJECT_TYPE_BUFFER, object_handle=0x611dcd465590
timestamp=17854011338014, VA=0000800102348000-0000800102350000, binding_type=unbind, object_type=VK_OBJECT_TYPE_BUFFER, object_handle=0x611dcd465670
timestamp=17854011343735, VA=000080011d5b2900-000080011d5e2a00, binding_type=unbind, object_type=VK_OBJECT_TYPE_BUFFER, object_handle=0x611dcd467180
timestamp=17854011344216, VA=0000800102350000-0000800102358000, binding_type=unbind, object_type=VK_OBJECT_TYPE_BUFFER, object_handle=0x611dcd467260
timestamp=17854011349496, VA=000080011d5e2a00-000080011d612b00, binding_type=unbind, object_type=VK_OBJECT_TYPE_BUFFER, object_handle=0x611dcd468a50
timestamp=17854011349936, VA=0000800102358000-0000800102360000, binding_type=unbind, object_type=VK_OBJECT_TYPE_BUFFER, object_handle=0x611dcd468b30
timestamp=17854011354786, VA=000080011d612b00-000080011d642c00, binding_type=unbind, object_type=VK_OBJECT_TYPE_BUFFER, object_handle=0x611dcd46a440
timestamp=17854011355687, VA=0000800102360000-0000800102368000, binding_type=unbind, object_type=VK_OBJECT_TYPE_BUFFER, object_handle=0x611dcd46a520
timestamp=17854011360837, VA=000080011d642c00-000080011d672d00, binding_type=unbind, object_type=VK_OBJECT_TYPE_BUFFER, object_handle=0x611dcd46bd10
timestamp=17854011361198, VA=0000800102368000-0000800102370000, binding_type=unbind, object_type=VK_OBJECT_TYPE_BUFFER, object_handle=0x611dcd46bdf0
timestamp=17854011366658, VA=000080011d672d00-000080011d6a2e00, binding_type=unbind, object_type=VK_OBJECT_TYPE_BUFFER, object_handle=0x611dcd46d5e0
timestamp=17854011367019, VA=0000800102370000-0000800102378000, binding_type=unbind, object_type=VK_OBJECT_TYPE_BUFFER, object_handle=0x611dcd46d6c0
timestamp=17854011372289, VA=000080011d6a2e00-000080011d6d2f00, binding_type=unbind, object_type=VK_OBJECT_TYPE_BUFFER, object_handle=0x611dcd46eeb0
timestamp=17854011372659, VA=0000800102378000-0000800102380000, binding_type=unbind, object_type=VK_OBJECT_TYPE_BUFFER, object_handle=0x611dcd46ef90
timestamp=17854011377518, VA=000080011d6d2f00-000080011d703000, binding_type=unbind, object_type=VK_OBJECT_TYPE_BUFFER, object_handle=0x611dcd470780
timestamp=17854011377909, VA=0000800102380000-0000800102388000, binding_type=unbind, object_type=VK_OBJECT_TYPE_BUFFER, object_handle=0x611dcd470860
timestamp=17854011590379, VA=0000800000041000-000080000007d280, binding_type=unbind, object_type=VK_OBJECT_TYPE_DESCRIPTOR_POOL, object_handle=0x611dcd661610
timestamp=17854011631196, VA=000080011ee00000-000080012ee00000, binding_type=unbind, object_type=VK_OBJECT_TYPE_BUFFER, object_handle=0x611dcd621520
timestamp=17854011636386, VA=000080011ee00000-000080012ee00000, binding_type=unbind, object_type=VK_OBJECT_TYPE_DEVICE_MEMORY, object_handle=0x611dcd611ea0
timestamp=17854012444719, VA=0000800105500000-0000800105501000, binding_type=bind, object_type=VK_OBJECT_TYPE_DEVICE_MEMORY, object_handle=0x611dccaa4350
timestamp=17854012458795, VA=0000800105500000-0000800105500100, binding_type=bind, object_type=VK_OBJECT_TYPE_IMAGE, object_handle=0x611dce3059b0
timestamp=17854012620870, VA=0000800105540000-0000800105541000, binding_type=bind, object_type=VK_OBJECT_TYPE_DEVICE_MEMORY, object_handle=0x611dce2fcd30
timestamp=17854012623746, VA=0000800105540000-0000800105540100, binding_type=bind, object_type=VK_OBJECT_TYPE_IMAGE, object_handle=0x611dcd54eb50
timestamp=17854012674051, VA=0000800105580000-0000800105581000, binding_type=bind, object_type=VK_OBJECT_TYPE_DEVICE_MEMORY, object_handle=0x611dce2d1870
timestamp=17854012676836, VA=0000800105580000-0000800105580100, binding_type=bind, object_type=VK_OBJECT_TYPE_IMAGE, object_handle=0x611dce2d98e0
timestamp=17854012726038, VA=00008001055c0000-00008001055c1000, binding_type=bind, object_type=VK_OBJECT_TYPE_DEVICE_MEMORY, object_handle=0x611dcd550fd0
timestamp=17854012730296, VA=00008001055c0000-00008001055c1000, binding_type=bind, object_type=VK_OBJECT_TYPE_IMAGE, object_handle=0x611dce2f6bd0
timestamp=17854012779800, VA=0000800106900000-0000800106901000, binding_type=bind, object_type=VK_OBJECT_TYPE_DEVICE_MEMORY, object_handle=0x611dccb6a890
timestamp=17854012782555, VA=0000800106900000-0000800106900700, binding_type=bind, object_type=VK_OBJECT_TYPE_IMAGE, object_handle=0x611dcd54db10
timestamp=17854012856244, VA=0000800106940000-0000800106941000, binding_type=bind, object_type=VK_OBJECT_TYPE_DEVICE_MEMORY, object_handle=0x611dcca9cca0
timestamp=17854012863227, VA=0000800106940000-0000800106940040, binding_type=bind, object_type=VK_OBJECT_TYPE_BUFFER, object_handle=0x611dce313cc0
timestamp=17854012878085, VA=0000800106980000-0000800106981000, binding_type=bind, object_type=VK_OBJECT_TYPE_DEVICE_MEMORY, object_handle=0x611dcca15010
timestamp=17854012880439, VA=0000800106980000-0000800106980190, binding_type=bind, object_type=VK_OBJECT_TYPE_BUFFER, object_handle=0x611dce304290
timestamp=17854012896169, VA=00008001069c0000-00008001069c1000, binding_type=bind, object_type=VK_OBJECT_TYPE_DEVICE_MEMORY, object_handle=0x611dcd5eaa40
timestamp=17854012898283, VA=00008001069c0000-00008001069c0190, binding_type=bind, object_type=VK_OBJECT_TYPE_BUFFER, object_handle=0x611dce2f54b0
timestamp=17854012913321, VA=0000800107d00000-0000800107d01000, binding_type=bind, object_type=VK_OBJECT_TYPE_DEVICE_MEMORY, object_handle=0x611dcd475400
timestamp=17854012914914, VA=0000800107d00000-0000800107d00190, binding_type=bind, object_type=VK_OBJECT_TYPE_BUFFER, object_handle=0x611dce2e6920
timestamp=17854012927638, VA=0000800107d40000-0000800107d41000, binding_type=bind, object_type=VK_OBJECT_TYPE_DEVICE_MEMORY, object_handle=0x611dcd471220
timestamp=17854012929702, VA=0000800107d40000-0000800107d40190, binding_type=bind, object_type=VK_OBJECT_TYPE_BUFFER, object_handle=0x611dce2d81c0
timestamp=17854012964017, VA=000080011ee00000-000080011ee01000, binding_type=bind, object_type=VK_OBJECT_TYPE_DEVICE_MEMORY, object_handle=0x611dce31f410
timestamp=17854012966311, VA=000080011ee00000-000080011ee00190, binding_type=bind, object_type=VK_OBJECT_TYPE_BUFFER, object_handle=0x611dce2ca210
timestamp=17854013283298, VA=000080011ee40000-000080011ee41000, binding_type=bind, object_type=VK_OBJECT_TYPE_DEVICE_MEMORY, object_handle=0x611dce35f730
timestamp=17854013287165, VA=000080011ee40000-000080011ee400c0, binding_type=bind, object_type=VK_OBJECT_TYPE_BUFFER, object_handle=0x611dce2bd8e0
timestamp=17854013301573, VA=000080011ee80000-000080011ee81000, binding_type=bind, object_type=VK_OBJECT_TYPE_DEVICE_MEMORY, object_handle=0x611dce31b7b0
timestamp=17854013304789, VA=000080011ee80000-000080011ee80af0, binding_type=bind, object_type=VK_OBJECT_TYPE_BUFFER, object_handle=0x611dcd509b20
timestamp=17854013334885, VA=000080011eec0000-000080011eec1000, binding_type=bind, object_type=VK_OBJECT_TYPE_DEVICE_MEMORY, object_handle=0x611dce2ffdd0
timestamp=17854013337681, VA=000080011eec0000-000080011eec0af0, binding_type=bind, object_type=VK_OBJECT_TYPE_BUFFER, object_handle=0x611dcd509350
timestamp=17854013354242, VA=000080011ef00000-000080011ef01000, binding_type=bind, object_type=VK_OBJECT_TYPE_DEVICE_MEMORY, object_handle=0x611dce512fc0
timestamp=17854013356436, VA=000080011ef00000-000080011ef00270, binding_type=bind, object_type=VK_OBJECT_TYPE_BUFFER, object_handle=0x611dcd6f6a80
timestamp=17854013368769, VA=000080011ef40000-000080011ef41000, binding_type=bind, object_type=VK_OBJECT_TYPE_DEVICE_MEMORY, object_handle=0x611dcca17290
timestamp=17854013370813, VA=000080011ef40000-000080011ef40270, binding_type=bind, object_type=VK_OBJECT_TYPE_BUFFER, object_handle=0x611dce360260
timestamp=17854013392484, VA=000080011ef80000-000080011ef81000, binding_type=bind, object_type=VK_OBJECT_TYPE_DEVICE_MEMORY, object_handle=0x611dce513070
timestamp=17854013394518, VA=000080011ef80000-000080011ef80010, binding_type=bind, object_type=VK_OBJECT_TYPE_BUFFER, object_handle=0x611dce2c57a0
timestamp=17854013534521, VA=000080011f000000-0000800124a64000, binding_type=bind, object_type=VK_OBJECT_TYPE_DEVICE_MEMORY, object_handle=0x611dcd515b80
timestamp=17854013538549, VA=000080011f000000-0000800124a64000, binding_type=bind, object_type=VK_OBJECT_TYPE_IMAGE, object_handle=0x611dce2e9a10
timestamp=17854013598291, VA=0000800124c00000-000080012bd11000, binding_type=bind, object_type=VK_OBJECT_TYPE_DEVICE_MEMORY, object_handle=0x611dcd5b5ba0
timestamp=17854013600916, VA=0000800124c00000-000080012bd10008, binding_type=bind, object_type=VK_OBJECT_TYPE_IMAGE, object_handle=0x611dce2f85a0
timestamp=17854013639619, VA=000080012be00000-000080012dab1000, binding_type=bind, object_type=VK_OBJECT_TYPE_DEVICE_MEMORY, object_handle=0x611dcca78910
timestamp=17854013642665, VA=000080012be00000-000080012dab0008, binding_type=bind, object_type=VK_OBJECT_TYPE_IMAGE, object_handle=0x611dce307380
timestamp=17854013679154, VA=000080012dc00000-000080012f29e000, binding_type=bind, object_type=VK_OBJECT_TYPE_DEVICE_MEMORY, object_handle=0x611dcca92550
timestamp=17854013682149, VA=000080012dc00000-000080012f29e000, binding_type=bind, object_type=VK_OBJECT_TYPE_IMAGE, object_handle=0x611dce317060
timestamp=17854021798848, VA=000080011efc0000-000080011efc6000, binding_type=bind, object_type=VK_OBJECT_TYPE_DEVICE_MEMORY, object_handle=0x611dce500150
timestamp=17854021810470, VA=000080011efc0000-000080011efc5a40, binding_type=bind, object_type=VK_OBJECT_TYPE_BUFFER, object_handle=0x611dce32bfb0
timestamp=17854021883467, VA=0000800124a80000-0000800124a96000, binding_type=bind, object_type=VK_OBJECT_TYPE_DEVICE_MEMORY, object_handle=0x611dce2c4f00
timestamp=17854021887946, VA=0000800124a80000-0000800124a951b0, binding_type=bind, object_type=VK_OBJECT_TYPE_BUFFER, object_handle=0x611dce32bbe0
timestamp=17854021963829, VA=0000800124ac0000-0000800124aca000, binding_type=bind, object_type=VK_OBJECT_TYPE_DEVICE_MEMORY, object_handle=0x611dce4f6790
timestamp=17854021967045, VA=0000800124ac0000-0000800124ac9610, binding_type=bind, object_type=VK_OBJECT_TYPE_BUFFER, object_handle=0x611dce31c7c0
timestamp=17854021991721, VA=0000800000041000-000080000004a610, binding_type=bind, object_type=VK_OBJECT_TYPE_COMMAND_BUFFER, object_handle=0x611dcbe6b7f0
timestamp=17854022093713, VA=0000800124b00000-0000800124b1a000, binding_type=bind, object_type=VK_OBJECT_TYPE_DEVICE_MEMORY, object_handle=0x611dcd072960
timestamp=17854022097691, VA=0000800124b00000-0000800124b19cb0, binding_type=bind, object_type=VK_OBJECT_TYPE_BUFFER, object_handle=0x611dce31c410
timestamp=17854022148457, VA=0000800124b40000-0000800124b42000, binding_type=bind, object_type=VK_OBJECT_TYPE_DEVICE_MEMORY, object_handle=0x611dcd5ed8f0
timestamp=17854022151883, VA=0000800124b40000-0000800124b411d0, binding_type=bind, object_type=VK_OBJECT_TYPE_BUFFER, object_handle=0x611dce30d0d0
timestamp=17854022180016, VA=0000800124b80000-0000800124b81000, binding_type=bind, object_type=VK_OBJECT_TYPE_DEVICE_MEMORY, object_handle=0x611dce30cfc0
timestamp=17854022184344, VA=0000800124b80000-0000800124b80050, binding_type=bind, object_type=VK_OBJECT_TYPE_BUFFER, object_handle=0x611dce30c0e0
timestamp=17854031198814, VA=0000800124bc0000-0000800124bc6000, binding_type=bind, object_type=VK_OBJECT_TYPE_DEVICE_MEMORY, object_handle=0x611dce32b9f0
timestamp=17854031211878, VA=0000800124bc0000-0000800124bc5a00, binding_type=bind, object_type=VK_OBJECT_TYPE_BUFFER, object_handle=0x611dce30cd00
timestamp=17854031262594, VA=000080000004b000-000080000005dc20, binding_type=bind, object_type=VK_OBJECT_TYPE_COMMAND_BUFFER, object_handle=0x611dcbe6b7f0
timestamp=17854031342895, VA=000080012bd40000-000080012bd56000, binding_type=bind, object_type=VK_OBJECT_TYPE_DEVICE_MEMORY, object_handle=0x611dcd517b70
timestamp=17854031346732, VA=000080012bd40000-000080012bd551b0, binding_type=bind, object_type=VK_OBJECT_TYPE_BUFFER, object_handle=0x611dce2fd8b0
timestamp=17854031404742, VA=000080012bd80000-000080012bd8a000, binding_type=bind, object_type=VK_OBJECT_TYPE_DEVICE_MEMORY, object_handle=0x611dcccd93e0
timestamp=17854031408559, VA=000080012bd80000-000080012bd89610, binding_type=bind, object_type=VK_OBJECT_TYPE_BUFFER, object_handle=0x611dce2fd500
timestamp=17854031461138, VA=000080012bdc0000-000080012bdda000, binding_type=bind, object_type=VK_OBJECT_TYPE_DEVICE_MEMORY, object_handle=0x611dcca66300
timestamp=17854031463993, VA=000080012bdc0000-000080012bdd9cb0, binding_type=bind, object_type=VK_OBJECT_TYPE_BUFFER, object_handle=0x611dce2eed30
timestamp=17854031508367, VA=000080012dac0000-000080012dac2000, binding_type=bind, object_type=VK_OBJECT_TYPE_DEVICE_MEMORY, object_handle=0x611dcd7219d0
timestamp=17854031511513, VA=000080012dac0000-000080012dac1200, binding_type=bind, object_type=VK_OBJECT_TYPE_BUFFER, object_handle=0x611dce2ee960
timestamp=17854031540668, VA=000080012db00000-000080012db01000, binding_type=bind, object_type=VK_OBJECT_TYPE_DEVICE_MEMORY, object_handle=0x611dcd5123f0
timestamp=17854031543633, VA=000080012db00000-000080012db00050, binding_type=bind, object_type=VK_OBJECT_TYPE_BUFFER, object_handle=0x611dcd485930
timestamp=17854031590241, VA=000080012db40000-000080012db41000, binding_type=bind, object_type=VK_OBJECT_TYPE_DEVICE_MEMORY, object_handle=0x611dce2ccc90
timestamp=17854031593437, VA=000080012db40000-000080012db40110, binding_type=bind, object_type=VK_OBJECT_TYPE_BUFFER, object_handle=0x611dcd485840
timestamp=17854031623293, VA=000080012db80000-000080012db81000, binding_type=bind, object_type=VK_OBJECT_TYPE_DEVICE_MEMORY, object_handle=0x611dce2bdf50
timestamp=17854031626019, VA=000080012db80000-000080012db80110, binding_type=bind, object_type=VK_OBJECT_TYPE_BUFFER, object_handle=0x611dce2d2130
timestamp=17854032635380, VA=000080012dbc0000-000080012dbc3000, binding_type=bind, object_type=VK_OBJECT_TYPE_DEVICE_MEMORY, object_handle=0x611dcc8f4d90
timestamp=17854032640209, VA=000080012dbc0000-000080012dbc2ee0, binding_type=bind, object_type=VK_OBJECT_TYPE_BUFFER, object_handle=0x611dcd553b90
timestamp=17854032665166, VA=000080000083c000-0000800000861840, binding_type=bind, object_type=VK_OBJECT_TYPE_COMMAND_BUFFER, object_handle=0x611dcbe6b7f0
timestamp=17854032703057, VA=000080012f2c0000-000080012f2c1000, binding_type=bind, object_type=VK_OBJECT_TYPE_DEVICE_MEMORY, object_handle=0x611dcd705640
timestamp=17854032705582, VA=000080012f2c0000-000080012f2c0710, binding_type=bind, object_type=VK_OBJECT_TYPE_BUFFER, object_handle=0x611dce2d1d60
timestamp=17854032733434, VA=000080012f300000-000080012f303000, binding_type=bind, object_type=VK_OBJECT_TYPE_DEVICE_MEMORY, object_handle=0x611dcd556650
timestamp=17854032735368, VA=000080012f300000-000080012f302ee0, binding_type=bind, object_type=VK_OBJECT_TYPE_BUFFER, object_handle=0x611dcd5b5d10
timestamp=17854032755656, VA=000080012f340000-000080012f341000, binding_type=bind, object_type=VK_OBJECT_TYPE_DEVICE_MEMORY, object_handle=0x611dce326560
timestamp=17854032757329, VA=000080012f340000-000080012f340710, binding_type=bind, object_type=VK_OBJECT_TYPE_BUFFER, object_handle=0x611dcd50e840
timestamp=17854032785863, VA=000080012f380000-000080012f383000, binding_type=bind, object_type=VK_OBJECT_TYPE_DEVICE_MEMORY, object_handle=0x611dce32a5d0
timestamp=17854032788448, VA=000080012f380000-000080012f382ee0, binding_type=bind, object_type=VK_OBJECT_TYPE_BUFFER, object_handle=0x611dcd474750
timestamp=17854032810720, VA=000080012f3c0000-000080012f3c1000, binding_type=bind, object_type=VK_OBJECT_TYPE_DEVICE_MEMORY, object_handle=0x611dcd477340
timestamp=17854032812523, VA=000080012f3c0000-000080012f3c0710, binding_type=bind, object_type=VK_OBJECT_TYPE_BUFFER, object_handle=0x611dcd45c450
timestamp=17854032846618, VA=000080012f400000-000080012f403000, binding_type=bind, object_type=VK_OBJECT_TYPE_DEVICE_MEMORY, object_handle=0x611dcd472e20
timestamp=17854032849042, VA=000080012f400000-000080012f402ee0, binding_type=bind, object_type=VK_OBJECT_TYPE_BUFFER, object_handle=0x611dcd472820
timestamp=17854032868900, VA=000080012f440000-000080012f441000, binding_type=bind, object_type=VK_OBJECT_TYPE_DEVICE_MEMORY, object_handle=0x611dcd50deb0
timestamp=17854032871234, VA=000080012f440000-000080012f440710, binding_type=bind, object_type=VK_OBJECT_TYPE_BUFFER, object_handle=0x611dcd474060
timestamp=17854032901531, VA=000080012f480000-000080012f483000, binding_type=bind, object_type=VK_OBJECT_TYPE_DEVICE_MEMORY, object_handle=0x611dcd856210
timestamp=17854032903835, VA=000080012f480000-000080012f482ee0, binding_type=bind, object_type=VK_OBJECT_TYPE_BUFFER, object_handle=0x611dcd4787a0
timestamp=17854032929674, VA=000080012f4c0000-000080012f4c1000, binding_type=bind, object_type=VK_OBJECT_TYPE_DEVICE_MEMORY, object_handle=0x611dcd110fe0
timestamp=17854032932109, VA=000080012f4c0000-000080012f4c0710, binding_type=bind, object_type=VK_OBJECT_TYPE_BUFFER, object_handle=0x611dcca17550
timestamp=17854032958739, VA=000080012f500000-000080012f503000, binding_type=bind, object_type=VK_OBJECT_TYPE_DEVICE_MEMORY, object_handle=0x611dcca0ca40
timestamp=17854032960692, VA=000080012f500000-000080012f502ee0, binding_type=bind, object_type=VK_OBJECT_TYPE_BUFFER, object_handle=0x611dcd553a30
timestamp=17854032981161, VA=000080012f540000-000080012f541000, binding_type=bind, object_type=VK_OBJECT_TYPE_DEVICE_MEMORY, object_handle=0x611dcd505460
timestamp=17854032983505, VA=000080012f540000-000080012f540710, binding_type=bind, object_type=VK_OBJECT_TYPE_BUFFER, object_handle=0x611dccaf53c0
timestamp=17854033009464, VA=000080012f580000-000080012f581000, binding_type=bind, object_type=VK_OBJECT_TYPE_DEVICE_MEMORY, object_handle=0x611dce30b1e0
timestamp=17854033011258, VA=000080012f580000-000080012f580010, binding_type=bind, object_type=VK_OBJECT_TYPE_BUFFER, object_handle=0x611dce2e8040
timestamp=17854033029672, VA=000080012f5c0000-000080012f5c1000, binding_type=bind, object_type=VK_OBJECT_TYPE_DEVICE_MEMORY, object_handle=0x611dcd4fb2e0
timestamp=17854033031897, VA=000080012f5c0000-000080012f5c0050, binding_type=bind, object_type=VK_OBJECT_TYPE_BUFFER, object_handle=0x611dce2bd6e0
timestamp=17854033051944, VA=000080012f600000-000080012f601000, binding_type=bind, object_type=VK_OBJECT_TYPE_DEVICE_MEMORY, object_handle=0x611dce2eda90
timestamp=17854033054299, VA=000080012f600000-000080012f600010, binding_type=bind, object_type=VK_OBJECT_TYPE_BUFFER, object_handle=0x611dce31f4e0
timestamp=17854033073024, VA=000080012f640000-000080012f641000, binding_type=bind, object_type=VK_OBJECT_TYPE_DEVICE_MEMORY, object_handle=0x611dce2d1140
timestamp=17854033075268, VA=000080012f640000-000080012f640080, binding_type=bind, object_type=VK_OBJECT_TYPE_BUFFER, object_handle=0x611dcd50d7f0
timestamp=17854033092661, VA=000080012f680000-000080012f681000, binding_type=bind, object_type=VK_OBJECT_TYPE_DEVICE_MEMORY, object_handle=0x611dcd7904f0
timestamp=17854033095066, VA=000080012f680000-000080012f680030, binding_type=bind, object_type=VK_OBJECT_TYPE_BUFFER, object_handle=0x611dcd554d80
timestamp=17854033111436, VA=000080012f6c0000-000080012f6c1000, binding_type=bind, object_type=VK_OBJECT_TYPE_DEVICE_MEMORY, object_handle=0x611dcd474ad0
timestamp=17854033113480, VA=000080012f6c0000-000080012f6c00d0, binding_type=bind, object_type=VK_OBJECT_TYPE_BUFFER, object_handle=0x611dcca1dd30
timestamp=17854033129771, VA=000080012f700000-000080012f701000, binding_type=bind, object_type=VK_OBJECT_TYPE_DEVICE_MEMORY, object_handle=0x611dcd54c5e0
timestamp=17854033131815, VA=000080012f700000-000080012f700030, binding_type=bind, object_type=VK_OBJECT_TYPE_BUFFER, object_handle=0x611dcd518320
timestamp=17854033151792, VA=000080012f740000-000080012f741000, binding_type=bind, object_type=VK_OBJECT_TYPE_DEVICE_MEMORY, object_handle=0x611dccc43200
timestamp=17854033153736, VA=000080012f740000-000080012f740140, binding_type=bind, object_type=VK_OBJECT_TYPE_BUFFER, object_handle=0x611dcc5a9030
timestamp=17854033169095, VA=000080012f780000-000080012f781000, binding_type=bind, object_type=VK_OBJECT_TYPE_DEVICE_MEMORY, object_handle=0x611dcd702100
timestamp=17854033170848, VA=000080012f780000-000080012f780030, binding_type=bind, object_type=VK_OBJECT_TYPE_BUFFER, object_handle=0x611dcd47c4d0
timestamp=17854033193982, VA=000080012f7c0000-000080012f7c1000, binding_type=bind, object_type=VK_OBJECT_TYPE_DEVICE_MEMORY, object_handle=0x611dcd700390
timestamp=17854033196747, VA=000080012f7c0000-000080012f7c00d0, binding_type=bind, object_type=VK_OBJECT_TYPE_BUFFER, object_handle=0x611dcd6f20f0
timestamp=17854033218598, VA=000080012f800000-000080012f801000, binding_type=bind, object_type=VK_OBJECT_TYPE_DEVICE_MEMORY, object_handle=0x611dce2dbc80
timestamp=17854033220913, VA=000080012f800000-000080012f800030, binding_type=bind, object_type=VK_OBJECT_TYPE_BUFFER, object_handle=0x611dcd701780
timestamp=17854033239508, VA=000080012f840000-000080012f841000, binding_type=bind, object_type=VK_OBJECT_TYPE_DEVICE_MEMORY, object_handle=0x611dce2c48e0
timestamp=17854033241271, VA=000080012f840000-000080012f8400a0, binding_type=bind, object_type=VK_OBJECT_TYPE_BUFFER, object_handle=0x611dcd45e450
timestamp=17854033258373, VA=000080012f880000-000080012f881000, binding_type=bind, object_type=VK_OBJECT_TYPE_DEVICE_MEMORY, object_handle=0x611dce2d1590
timestamp=17854033260607, VA=000080012f880000-000080012f880030, binding_type=bind, object_type=VK_OBJECT_TYPE_BUFFER, object_handle=0x611dcd50d670
timestamp=17854033277830, VA=000080012f8c0000-000080012f8c1000, binding_type=bind, object_type=VK_OBJECT_TYPE_DEVICE_MEMORY, object_handle=0x611dcc3fb990
timestamp=17854033279613, VA=000080012f8c0000-000080012f8c0100, binding_type=bind, object_type=VK_OBJECT_TYPE_BUFFER, object_handle=0x611dcca66d30
timestamp=17854033298419, VA=000080012f900000-000080012f901000, binding_type=bind, object_type=VK_OBJECT_TYPE_DEVICE_MEMORY, object_handle=0x611dcc407820
timestamp=17854033300553, VA=000080012f900000-000080012f900060, binding_type=bind, object_type=VK_OBJECT_TYPE_BUFFER, object_handle=0x611dcc407600
timestamp=17854033316733, VA=000080012f940000-000080012f941000, binding_type=bind, object_type=VK_OBJECT_TYPE_DEVICE_MEMORY, object_handle=0x611dcd77d5b0
timestamp=17854033318486, VA=000080012f940000-000080012f940170, binding_type=bind, object_type=VK_OBJECT_TYPE_BUFFER, object_handle=0x611dccc2e4d0
timestamp=17854033335098, VA=000080012f980000-000080012f981000, binding_type=bind, object_type=VK_OBJECT_TYPE_DEVICE_MEMORY, object_handle=0x611dce3153f0
timestamp=17854033336811, VA=000080012f980000-000080012f980060, binding_type=bind, object_type=VK_OBJECT_TYPE_BUFFER, object_handle=0x611dcd474ea0
timestamp=17854033351879, VA=000080012f9c0000-000080012f9c1000, binding_type=bind, object_type=VK_OBJECT_TYPE_DEVICE_MEMORY, object_handle=0x611dce2c4ca0
timestamp=17854033353853, VA=000080012f9c0000-000080012f9c0240, binding_type=bind, object_type=VK_OBJECT_TYPE_BUFFER, object_handle=0x611dcd4613e0
timestamp=17854033375514, VA=000080012fa00000-000080012fa01000, binding_type=bind, object_type=VK_OBJECT_TYPE_DEVICE_MEMORY, object_handle=0x611dcd1fcd60
timestamp=17854033377768, VA=000080012fa00000-000080012fa00050, binding_type=bind, object_type=VK_OBJECT_TYPE_BUFFER, object_handle=0x611dcc8a6360
timestamp=17854033394279, VA=000080012fa40000-000080012fa41000, binding_type=bind, object_type=VK_OBJECT_TYPE_DEVICE_MEMORY, object_handle=0x611dcd5fc3c0
timestamp=17854033396263, VA=000080012fa40000-000080012fa40120, binding_type=bind, object_type=VK_OBJECT_TYPE_BUFFER, object_handle=0x611dce2bff80
timestamp=17854033412073, VA=000080012fa80000-000080012fa81000, binding_type=bind, object_type=VK_OBJECT_TYPE_DEVICE_MEMORY, object_handle=0x611dce354860
timestamp=17854033413646, VA=000080012fa80000-000080012fa80050, binding_type=bind, object_type=VK_OBJECT_TYPE_BUFFER, object_handle=0x611dcd5f9140
timestamp=17854033430558, VA=000080012fac0000-000080012fac1000, binding_type=bind, object_type=VK_OBJECT_TYPE_DEVICE_MEMORY, object_handle=0x611dccf0f290
timestamp=17854033432541, VA=000080012fac0000-000080012fac01c0, binding_type=bind, object_type=VK_OBJECT_TYPE_BUFFER, object_handle=0x611dcd5f9200
timestamp=17854033449724, VA=000080012fb00000-000080012fb01000, binding_type=bind, object_type=VK_OBJECT_TYPE_DEVICE_MEMORY, object_handle=0x611dce2e8490
timestamp=17854033451367, VA=000080012fb00000-000080012fb000b0, binding_type=bind, object_type=VK_OBJECT_TYPE_BUFFER, object_handle=0x611dce3162a0
timestamp=17854033471755, VA=000080012fb40000-000080012fb41000, binding_type=bind, object_type=VK_OBJECT_TYPE_DEVICE_MEMORY, object_handle=0x611dce2c7400
timestamp=17854033473619, VA=000080012fb40000-000080012fb40260, binding_type=bind, object_type=VK_OBJECT_TYPE_BUFFER, object_handle=0x611dce2c7140
timestamp=17854033489178, VA=000080012fb80000-000080012fb81000, binding_type=bind, object_type=VK_OBJECT_TYPE_DEVICE_MEMORY, object_handle=0x611dcd477e90
timestamp=17854033491162, VA=000080012fb80000-000080012fb800b0, binding_type=bind, object_type=VK_OBJECT_TYPE_BUFFER, object_handle=0x611dce2c7490
timestamp=17854033508104, VA=000080012fbc0000-000080012fbc1000, binding_type=bind, object_type=VK_OBJECT_TYPE_DEVICE_MEMORY, object_handle=0x611dcd6f71c0
timestamp=17854033509837, VA=000080012fbc0000-000080012fbc03c0, binding_type=bind, object_type=VK_OBJECT_TYPE_BUFFER, object_handle=0x611dce322e50
timestamp=17854033529825, VA=000080012fc00000-000080012fc01000, binding_type=bind, object_type=VK_OBJECT_TYPE_DEVICE_MEMORY, object_handle=0x611dcd51eb90
timestamp=17854033531588, VA=000080012fc00000-000080012fc00090, binding_type=bind, object_type=VK_OBJECT_TYPE_BUFFER, object_handle=0x611dce2c69c0
timestamp=17854033547628, VA=000080012fc40000-000080012fc41000, binding_type=bind, object_type=VK_OBJECT_TYPE_DEVICE_MEMORY, object_handle=0x611dce2ede20
timestamp=17854033549391, VA=000080012fc40000-000080012fc40210, binding_type=bind, object_type=VK_OBJECT_TYPE_BUFFER, object_handle=0x611dce2e91f0
timestamp=17854033565522, VA=000080012fc80000-000080012fc81000, binding_type=bind, object_type=VK_OBJECT_TYPE_DEVICE_MEMORY, object_handle=0x611dce2dab30
timestamp=17854033567345, VA=000080012fc80000-000080012fc80090, binding_type=bind, object_type=VK_OBJECT_TYPE_BUFFER, object_handle=0x611dce2fbfb0
timestamp=17854033584738, VA=000080012fcc0000-000080012fcc1000, binding_type=bind, object_type=VK_OBJECT_TYPE_DEVICE_MEMORY, object_handle=0x611dce314a10
timestamp=17854033586581, VA=000080012fcc0000-000080012fcc0340, binding_type=bind, object_type=VK_OBJECT_TYPE_BUFFER, object_handle=0x611dce304fa0
timestamp=17854033604074, VA=000080012fd00000-000080012fd01000, binding_type=bind, object_type=VK_OBJECT_TYPE_DEVICE_MEMORY, object_handle=0x611dccc0d7d0
timestamp=17854033605637, VA=000080012fd00000-000080012fd00140, binding_type=bind, object_type=VK_OBJECT_TYPE_BUFFER, object_handle=0x611dce30b070
timestamp=17854033625966, VA=000080012fd40000-000080012fd41000, binding_type=bind, object_type=VK_OBJECT_TYPE_DEVICE_MEMORY, object_handle=0x611dcd8ddec0
timestamp=17854033627789, VA=000080012fd40000-000080012fd40440, binding_type=bind, object_type=VK_OBJECT_TYPE_BUFFER, object_handle=0x611dce2f8240
timestamp=17854033643298, VA=000080012fd80000-000080012fd81000, binding_type=bind, object_type=VK_OBJECT_TYPE_DEVICE_MEMORY, object_handle=0x611dce2daf50
timestamp=17854033645032, VA=000080012fd80000-000080012fd80140, binding_type=bind, object_type=VK_OBJECT_TYPE_BUFFER, object_handle=0x611dce2e86a0
timestamp=17854033661112, VA=000080012fdc0000-000080012fdc1000, binding_type=bind, object_type=VK_OBJECT_TYPE_DEVICE_MEMORY, object_handle=0x611dcccf87e0
timestamp=17854033662595, VA=000080012fdc0000-000080012fdc06c0, binding_type=bind, object_type=VK_OBJECT_TYPE_BUFFER, object_handle=0x611dce307010
timestamp=17854033681871, VA=000080012fe00000-000080012fe01000, binding_type=bind, object_type=VK_OBJECT_TYPE_DEVICE_MEMORY, object_handle=0x611dce2d95c0
timestamp=17854033683694, VA=000080012fe00000-000080012fe00120, binding_type=bind, object_type=VK_OBJECT_TYPE_BUFFER, object_handle=0x611dce2c04a0
timestamp=17854033702390, VA=000080012fe40000-000080012fe41000, binding_type=bind, object_type=VK_OBJECT_TYPE_DEVICE_MEMORY, object_handle=0x611dce2e7d90
timestamp=17854033703922, VA=000080012fe40000-000080012fe403f0, binding_type=bind, object_type=VK_OBJECT_TYPE_BUFFER, object_handle=0x611dccae4020
timestamp=17854033719412, VA=000080012fe80000-000080012fe81000, binding_type=bind, object_type=VK_OBJECT_TYPE_DEVICE_MEMORY, object_handle=0x611dcccf7f00
timestamp=17854033721165, VA=000080012fe80000-000080012fe80120, binding_type=bind, object_type=VK_OBJECT_TYPE_BUFFER, object_handle=0x611dce2caa00
timestamp=17854033738347, VA=000080012fec0000-000080012fec1000, binding_type=bind, object_type=VK_OBJECT_TYPE_DEVICE_MEMORY, object_handle=0x611dcce54e20
timestamp=17854033740121, VA=000080012fec0000-000080012fec0640, binding_type=bind, object_type=VK_OBJECT_TYPE_BUFFER, object_handle=0x611dcca0e650
timestamp=17854033758415, VA=000080012ff00000-000080012ff01000, binding_type=bind, object_type=VK_OBJECT_TYPE_DEVICE_MEMORY, object_handle=0x611dce2ccfa0
timestamp=17854033760128, VA=000080012ff00000-000080012ff00260, binding_type=bind, object_type=VK_OBJECT_TYPE_BUFFER, object_handle=0x611dcce54ff0
timestamp=17854033777421, VA=000080012ff40000-000080012ff41000, binding_type=bind, object_type=VK_OBJECT_TYPE_DEVICE_MEMORY, object_handle=0x611dce314ef0
timestamp=17854033779184, VA=000080012ff40000-000080012ff40800, binding_type=bind, object_type=VK_OBJECT_TYPE_BUFFER, object_handle=0x611dce2f5840
timestamp=17854033794503, VA=000080012ff80000-000080012ff81000, binding_type=bind, object_type=VK_OBJECT_TYPE_DEVICE_MEMORY, object_handle=0x611dce2dee00
timestamp=17854033796457, VA=000080012ff80000-000080012ff80260, binding_type=bind, object_type=VK_OBJECT_TYPE_BUFFER, object_handle=0x611dce2bfc80
timestamp=17854033812798, VA=000080012ffc0000-000080012ffc1000, binding_type=bind, object_type=VK_OBJECT_TYPE_DEVICE_MEMORY, object_handle=0x611dcd611ce0
timestamp=17854033814571, VA=000080012ffc0000-000080012ffc0cc0, binding_type=bind, object_type=VK_OBJECT_TYPE_BUFFER, object_handle=0x611dce2d39d0
timestamp=17854033834809, VA=0000800130000000-0000800130001000, binding_type=bind, object_type=VK_OBJECT_TYPE_DEVICE_MEMORY, object_handle=0x611dcbc28980
timestamp=17854033836602, VA=0000800130000000-0000800130000240, binding_type=bind, object_type=VK_OBJECT_TYPE_BUFFER, object_handle=0x611dcd4f6ae0
timestamp=17854033852843, VA=0000800130040000-0000800130041000, binding_type=bind, object_type=VK_OBJECT_TYPE_DEVICE_MEMORY, object_handle=0x611dcd473790
timestamp=17854033854616, VA=0000800130040000-00008001300407b0, binding_type=bind, object_type=VK_OBJECT_TYPE_BUFFER, object_handle=0x611dcd4732f0
timestamp=17854033870496, VA=0000800130080000-0000800130081000, binding_type=bind, object_type=VK_OBJECT_TYPE_DEVICE_MEMORY, object_handle=0x611dce353be0
timestamp=17854033872330, VA=0000800130080000-0000800130080240, binding_type=bind, object_type=VK_OBJECT_TYPE_BUFFER, object_handle=0x611dce2db7c0
timestamp=17854033888310, VA=00008001300c0000-00008001300c1000, binding_type=bind, object_type=VK_OBJECT_TYPE_DEVICE_MEMORY, object_handle=0x611dce31aa30
timestamp=17854033890063, VA=00008001300c0000-00008001300c0c40, binding_type=bind, object_type=VK_OBJECT_TYPE_BUFFER, object_handle=0x611dcd509090
timestamp=17854033911063, VA=0000800130100000-0000800130101000, binding_type=bind, object_type=VK_OBJECT_TYPE_DEVICE_MEMORY, object_handle=0x611dcd518ea0
timestamp=17854033913177, VA=0000800130100000-00008001301004a0, binding_type=bind, object_type=VK_OBJECT_TYPE_BUFFER, object_handle=0x611dcd465610
timestamp=17854033930058, VA=0000800130140000-0000800130141000, binding_type=bind, object_type=VK_OBJECT_TYPE_DEVICE_MEMORY, object_handle=0x611dce33aab0
timestamp=17854033931822, VA=0000800130140000-0000800130140f80, binding_type=bind, object_type=VK_OBJECT_TYPE_BUFFER, object_handle=0x611dce2df990
timestamp=17854033947521, VA=0000800130180000-0000800130181000, binding_type=bind, object_type=VK_OBJECT_TYPE_DEVICE_MEMORY, object_handle=0x611dce35f140
timestamp=17854033949415, VA=0000800130180000-00008001301804a0, binding_type=bind, object_type=VK_OBJECT_TYPE_BUFFER, object_handle=0x611dce34ebd0
timestamp=17854033965635, VA=00008001301c0000-00008001301c2000, binding_type=bind, object_type=VK_OBJECT_TYPE_DEVICE_MEMORY, object_handle=0x611dce2e2560
timestamp=17854033967259, VA=00008001301c0000-00008001301c18c0, binding_type=bind, object_type=VK_OBJECT_TYPE_BUFFER, object_handle=0x611dcca1e4a0
timestamp=17854033988909, VA=0000800130200000-0000800130201000, binding_type=bind, object_type=VK_OBJECT_TYPE_DEVICE_MEMORY, object_handle=0x611dce30fe60
timestamp=17854033990873, VA=0000800130200000-0000800130200480, binding_type=bind, object_type=VK_OBJECT_TYPE_BUFFER, object_handle=0x611dce30fa10
timestamp=17854034012424, VA=0000800130240000-0000800130241000, binding_type=bind, object_type=VK_OBJECT_TYPE_DEVICE_MEMORY, object_handle=0x611dce3004a0
timestamp=17854034014097, VA=0000800130240000-0000800130240f30, binding_type=bind, object_type=VK_OBJECT_TYPE_BUFFER, object_handle=0x611dce3002c0
timestamp=17854034032862, VA=0000800130280000-0000800130281000, binding_type=bind, object_type=VK_OBJECT_TYPE_DEVICE_MEMORY, object_handle=0x611dccc436f0
timestamp=17854034034535, VA=0000800130280000-0000800130280480, binding_type=bind, object_type=VK_OBJECT_TYPE_BUFFER, object_handle=0x611dcd559f80
timestamp=17854034050686, VA=00008001302c0000-00008001302c2000, binding_type=bind, object_type=VK_OBJECT_TYPE_DEVICE_MEMORY, object_handle=0x611dcca92cc0
timestamp=17854034052349, VA=00008001302c0000-00008001302c1840, binding_type=bind, object_type=VK_OBJECT_TYPE_BUFFER, object_handle=0x611dcca927e0
timestamp=17854034077366, VA=0000800130300000-0000800130301000, binding_type=bind, object_type=VK_OBJECT_TYPE_DEVICE_MEMORY, object_handle=0x611dccc44490
timestamp=17854034079290, VA=0000800130300000-0000800130300920, binding_type=bind, object_type=VK_OBJECT_TYPE_BUFFER, object_handle=0x611dccc6e9b0
timestamp=17854034102664, VA=0000800130340000-0000800130342000, binding_type=bind, object_type=VK_OBJECT_TYPE_DEVICE_MEMORY, object_handle=0x611dce2be2a0
timestamp=17854034104768, VA=0000800130340000-0000800130341e80, binding_type=bind, object_type=VK_OBJECT_TYPE_BUFFER, object_handle=0x611dce2ed4d0
timestamp=17854034129204, VA=0000800130380000-0000800130381000, binding_type=bind, object_type=VK_OBJECT_TYPE_DEVICE_MEMORY, object_handle=0x611dcd8dd2f0
timestamp=17854034130947, VA=0000800130380000-0000800130380920, binding_type=bind, object_type=VK_OBJECT_TYPE_BUFFER, object_handle=0x611dce2ca500
timestamp=17854034155152, VA=00008001303c0000-00008001303c4000, binding_type=bind, object_type=VK_OBJECT_TYPE_DEVICE_MEMORY, object_handle=0x611dcd509710
timestamp=17854034157036, VA=00008001303c0000-00008001303c30c0, binding_type=bind, object_type=VK_OBJECT_TYPE_BUFFER, object_handle=0x611dcd8dd820
timestamp=17854034178015, VA=0000800130400000-0000800130401000, binding_type=bind, object_type=VK_OBJECT_TYPE_DEVICE_MEMORY, object_handle=0x611dcd478bd0
timestamp=17854034179598, VA=0000800130400000-0000800130400030, binding_type=bind, object_type=VK_OBJECT_TYPE_BUFFER, object_handle=0x611dce313710
timestamp=17854034200848, VA=0000800130440000-0000800130441000, binding_type=bind, object_type=VK_OBJECT_TYPE_DEVICE_MEMORY, object_handle=0x611dce327110
timestamp=17854034202642, VA=0000800130440000-00008001304400a0, binding_type=bind, object_type=VK_OBJECT_TYPE_BUFFER, object_handle=0x611dce3139f0
timestamp=17854034218522, VA=0000800130480000-0000800130481000, binding_type=bind, object_type=VK_OBJECT_TYPE_DEVICE_MEMORY, object_handle=0x611dcca9d1c0
timestamp=17854034220315, VA=0000800130480000-0000800130480030, binding_type=bind, object_type=VK_OBJECT_TYPE_BUFFER, object_handle=0x611dce32f360
timestamp=17854034235854, VA=00008001304c0000-00008001304c1000, binding_type=bind, object_type=VK_OBJECT_TYPE_DEVICE_MEMORY, object_handle=0x611dccc4c7a0
timestamp=17854034238199, VA=00008001304c0000-00008001304c0100, binding_type=bind, object_type=VK_OBJECT_TYPE_BUFFER, object_handle=0x611dccc4c2d0
timestamp=17854034254029, VA=0000800130500000-0000800130501000, binding_type=bind, object_type=VK_OBJECT_TYPE_DEVICE_MEMORY, object_handle=0x611dce2f7810
timestamp=17854034255612, VA=0000800130500000-0000800130500060, binding_type=bind, object_type=VK_OBJECT_TYPE_BUFFER, object_handle=0x611dce2f4eb0
timestamp=17854034272063, VA=0000800130540000-0000800130541000, binding_type=bind, object_type=VK_OBJECT_TYPE_DEVICE_MEMORY, object_handle=0x611dce303a40
timestamp=17854034274157, VA=0000800130540000-0000800130540170, binding_type=bind, object_type=VK_OBJECT_TYPE_BUFFER, object_handle=0x611dce2b92e0
timestamp=17854034290067, VA=0000800130580000-0000800130581000, binding_type=bind, object_type=VK_OBJECT_TYPE_DEVICE_MEMORY, object_handle=0x611dcd6f5680
timestamp=17854034292631, VA=0000800130580000-0000800130580060, binding_type=bind, object_type=VK_OBJECT_TYPE_BUFFER, object_handle=0x611dce314550
timestamp=17854034308481, VA=00008001305c0000-00008001305c1000, binding_type=bind, object_type=VK_OBJECT_TYPE_DEVICE_MEMORY, object_handle=0x611dce2da1b0
timestamp=17854034310315, VA=00008001305c0000-00008001305c0240, binding_type=bind, object_type=VK_OBJECT_TYPE_BUFFER, object_handle=0x611dce2cb5c0
timestamp=17854034332957, VA=0000800130600000-0000800130601000, binding_type=bind, object_type=VK_OBJECT_TYPE_DEVICE_MEMORY, object_handle=0x611dce306350
timestamp=17854034334520, VA=0000800130600000-0000800130600070, binding_type=bind, object_type=VK_OBJECT_TYPE_BUFFER, object_handle=0x611dce2da6e0
timestamp=17854034355891, VA=0000800130640000-0000800130641000, binding_type=bind, object_type=VK_OBJECT_TYPE_DEVICE_MEMORY, object_handle=0x611dccc19220
timestamp=17854034357774, VA=0000800130640000-0000800130640140, binding_type=bind, object_type=VK_OBJECT_TYPE_BUFFER, object_handle=0x611dccc18d20
timestamp=17854034373784, VA=0000800130680000-0000800130681000, binding_type=bind, object_type=VK_OBJECT_TYPE_DEVICE_MEMORY, object_handle=0x611dccc45ef0
timestamp=17854034375397, VA=0000800130680000-0000800130680070, binding_type=bind, object_type=VK_OBJECT_TYPE_BUFFER, object_handle=0x611dccaafd30
timestamp=17854034391177, VA=00008001306c0000-00008001306c1000, binding_type=bind, object_type=VK_OBJECT_TYPE_DEVICE_MEMORY, object_handle=0x611dccc467c0
timestamp=17854034392650, VA=00008001306c0000-00008001306c0200, binding_type=bind, object_type=VK_OBJECT_TYPE_BUFFER, object_handle=0x611dccc464e0
timestamp=17854034409612, VA=0000800130700000-0000800130701000, binding_type=bind, object_type=VK_OBJECT_TYPE_DEVICE_MEMORY, object_handle=0x611dccb08da0
timestamp=17854034411205, VA=0000800130700000-0000800130700090, binding_type=bind, object_type=VK_OBJECT_TYPE_BUFFER, object_handle=0x611dce2cdb20
timestamp=17854034427485, VA=0000800130740000-0000800130741000, binding_type=bind, object_type=VK_OBJECT_TYPE_DEVICE_MEMORY, object_handle=0x611dccaaf4f0
timestamp=17854034428978, VA=0000800130740000-0000800130740210, binding_type=bind, object_type=VK_OBJECT_TYPE_BUFFER, object_handle=0x611dccaa90a0
timestamp=17854034444738, VA=0000800130780000-0000800130781000, binding_type=bind, object_type=VK_OBJECT_TYPE_DEVICE_MEMORY, object_handle=0x611dce315830
timestamp=17854034446822, VA=0000800130780000-0000800130780090, binding_type=bind, object_type=VK_OBJECT_TYPE_BUFFER, object_handle=0x611dce2bece0
timestamp=17854034462571, VA=00008001307c0000-00008001307c1000, binding_type=bind, object_type=VK_OBJECT_TYPE_DEVICE_MEMORY, object_handle=0x611dccef2680
timestamp=17854034464315, VA=00008001307c0000-00008001307c0340, binding_type=bind, object_type=VK_OBJECT_TYPE_BUFFER, object_handle=0x611dce2bf090
timestamp=17854034484322, VA=0000800130800000-0000800130801000, binding_type=bind, object_type=VK_OBJECT_TYPE_DEVICE_MEMORY, object_handle=0x611dce2fb320
timestamp=17854034486126, VA=0000800130800000-00008001308000e0, binding_type=bind, object_type=VK_OBJECT_TYPE_BUFFER, object_handle=0x611dce319e50
timestamp=17854034507185, VA=0000800130840000-0000800130841000, binding_type=bind, object_type=VK_OBJECT_TYPE_DEVICE_MEMORY, object_handle=0x611dcc890590
timestamp=17854034508889, VA=0000800130840000-0000800130840230, binding_type=bind, object_type=VK_OBJECT_TYPE_BUFFER, object_handle=0x611dcc890430
timestamp=17854034524057, VA=0000800130880000-0000800130881000, binding_type=bind, object_type=VK_OBJECT_TYPE_DEVICE_MEMORY, object_handle=0x611dcd4765c0
timestamp=17854034525851, VA=0000800130880000-00008001308800e0, binding_type=bind, object_type=VK_OBJECT_TYPE_BUFFER, object_handle=0x611dcca88360
timestamp=17854034541690, VA=00008001308c0000-00008001308c1000, binding_type=bind, object_type=VK_OBJECT_TYPE_DEVICE_MEMORY, object_handle=0x611dcca51e10
timestamp=17854034543464, VA=00008001308c0000-00008001308c0380, binding_type=bind, object_type=VK_OBJECT_TYPE_BUFFER, object_handle=0x611dcd476d80
timestamp=17854034561638, VA=0000800130900000-0000800130901000, binding_type=bind, object_type=VK_OBJECT_TYPE_DEVICE_MEMORY, object_handle=0x611dce2bcb50
timestamp=17854034563331, VA=0000800130900000-00008001309000e0, binding_type=bind, object_type=VK_OBJECT_TYPE_BUFFER, object_handle=0x611dce3099a0
timestamp=17854034584561, VA=0000800130940000-0000800130941000, binding_type=bind, object_type=VK_OBJECT_TYPE_DEVICE_MEMORY, object_handle=0x611dccc0e4a0
timestamp=17854034586375, VA=0000800130940000-0000800130940300, binding_type=bind, object_type=VK_OBJECT_TYPE_BUFFER, object_handle=0x611dce2bd150
timestamp=17854034602615, VA=0000800130980000-0000800130981000, binding_type=bind, object_type=VK_OBJECT_TYPE_DEVICE_MEMORY, object_handle=0x611dccf71c80
timestamp=17854034604188, VA=0000800130980000-00008001309800e0, binding_type=bind, object_type=VK_OBJECT_TYPE_BUFFER, object_handle=0x611dccf71780
timestamp=17854034619647, VA=00008001309c0000-00008001309c1000, binding_type=bind, object_type=VK_OBJECT_TYPE_DEVICE_MEMORY, object_handle=0x611dce2d8fe0
timestamp=17854034621471, VA=00008001309c0000-00008001309c04c0, binding_type=bind, object_type=VK_OBJECT_TYPE_BUFFER, object_handle=0x611dce2d8b60
timestamp=17854034640607, VA=0000800130a00000-0000800130a01000, binding_type=bind, object_type=VK_OBJECT_TYPE_DEVICE_MEMORY, object_handle=0x611dccc3f980
timestamp=17854034642460, VA=0000800130a00000-0000800130a001b0, binding_type=bind, object_type=VK_OBJECT_TYPE_BUFFER, object_handle=0x611dccc3f470
timestamp=17854034657969, VA=0000800130a40000-0000800130a41000, binding_type=bind, object_type=VK_OBJECT_TYPE_DEVICE_MEMORY, object_handle=0x611dce316b20
timestamp=17854034659923, VA=0000800130a40000-0000800130a40410, binding_type=bind, object_type=VK_OBJECT_TYPE_BUFFER, object_handle=0x611dce316690
timestamp=17854034675102, VA=0000800130a80000-0000800130a81000, binding_type=bind, object_type=VK_OBJECT_TYPE_DEVICE_MEMORY, object_handle=0x611dcd339610
timestamp=17854034676925, VA=0000800130a80000-0000800130a801b0, binding_type=bind, object_type=VK_OBJECT_TYPE_BUFFER, object_handle=0x611dcd339160
timestamp=17854034692535, VA=0000800130ac0000-0000800130ac1000, binding_type=bind, object_type=VK_OBJECT_TYPE_DEVICE_MEMORY, object_handle=0x611dccc42a20
timestamp=17854034694348, VA=0000800130ac0000-0000800130ac0680, binding_type=bind, object_type=VK_OBJECT_TYPE_BUFFER, object_handle=0x611dccc42590
timestamp=17854034710619, VA=0000800130b00000-0000800130b01000, binding_type=bind, object_type=VK_OBJECT_TYPE_DEVICE_MEMORY, object_handle=0x611dccaa5000
timestamp=17854034712302, VA=0000800130b00000-0000800130b00170, binding_type=bind, object_type=VK_OBJECT_TYPE_BUFFER, object_handle=0x611dccaa4ab0
timestamp=17854034727320, VA=0000800130b40000-0000800130b41000, binding_type=bind, object_type=VK_OBJECT_TYPE_DEVICE_MEMORY, object_handle=0x611dce2e64f0
timestamp=17854034728823, VA=0000800130b40000-0000800130b404e0, binding_type=bind, object_type=VK_OBJECT_TYPE_BUFFER, object_handle=0x611dce2e5f70
timestamp=17854034743651, VA=0000800130b80000-0000800130b81000, binding_type=bind, object_type=VK_OBJECT_TYPE_DEVICE_MEMORY, object_handle=0x611dce2e6860
timestamp=17854034745454, VA=0000800130b80000-0000800130b80170, binding_type=bind, object_type=VK_OBJECT_TYPE_BUFFER, object_handle=0x611dce2c9860
timestamp=17854034761124, VA=0000800130bc0000-0000800130bc1000, binding_type=bind, object_type=VK_OBJECT_TYPE_DEVICE_MEMORY, object_handle=0x611dce2d7c90
timestamp=17854034762526, VA=0000800130bc0000-0000800130bc07c0, binding_type=bind, object_type=VK_OBJECT_TYPE_BUFFER, object_handle=0x611dce2d7840
timestamp=17854034775892, VA=0000800000862000-00008000008ad080, binding_type=bind, object_type=VK_OBJECT_TYPE_COMMAND_BUFFER, object_handle=0x611dcbe6b7f0
timestamp=17854034806780, VA=0000800130c00000-0000800130c01000, binding_type=bind, object_type=VK_OBJECT_TYPE_DEVICE_MEMORY, object_handle=0x611dcd2f9910
timestamp=17854034808643, VA=0000800130c00000-0000800130c00360, binding_type=bind, object_type=VK_OBJECT_TYPE_BUFFER, object_handle=0x611dcd2f9480
timestamp=17854034826707, VA=0000800130c40000-0000800130c41000, binding_type=bind, object_type=VK_OBJECT_TYPE_DEVICE_MEMORY, object_handle=0x611dcca510b0
timestamp=17854034828280, VA=0000800130c40000-0000800130c407d0, binding_type=bind, object_type=VK_OBJECT_TYPE_BUFFER, object_handle=0x611dcca50b80
timestamp=17854034844932, VA=0000800130c80000-0000800130c81000, binding_type=bind, object_type=VK_OBJECT_TYPE_DEVICE_MEMORY, object_handle=0x611dccbce100
timestamp=17854034846374, VA=0000800130c80000-0000800130c80360, binding_type=bind, object_type=VK_OBJECT_TYPE_BUFFER, object_handle=0x611dcca516a0
timestamp=17854034862324, VA=0000800130cc0000-0000800130cc1000, binding_type=bind, object_type=VK_OBJECT_TYPE_DEVICE_MEMORY, object_handle=0x611dcd493f10
timestamp=17854034864038, VA=0000800130cc0000-0000800130cc0c80, binding_type=bind, object_type=VK_OBJECT_TYPE_BUFFER, object_handle=0x611dccbce750
timestamp=17854034881981, VA=0000800130d00000-0000800130d01000, binding_type=bind, object_type=VK_OBJECT_TYPE_DEVICE_MEMORY, object_handle=0x611dce3046c0
timestamp=17854034883695, VA=0000800130d00000-0000800130d00290, binding_type=bind, object_type=VK_OBJECT_TYPE_BUFFER, object_handle=0x611dcd494500
timestamp=17854034898983, VA=0000800130d40000-0000800130d41000, binding_type=bind, object_type=VK_OBJECT_TYPE_DEVICE_MEMORY, object_handle=0x611dccc6ac70
timestamp=17854034900546, VA=0000800130d40000-0000800130d408a0, binding_type=bind, object_type=VK_OBJECT_TYPE_BUFFER, object_handle=0x611dce304d80
timestamp=17854034916957, VA=0000800130d80000-0000800130d81000, binding_type=bind, object_type=VK_OBJECT_TYPE_DEVICE_MEMORY, object_handle=0x611dcc82da30
timestamp=17854034918721, VA=0000800130d80000-0000800130d80290, binding_type=bind, object_type=VK_OBJECT_TYPE_BUFFER, object_handle=0x611dccc6b260
timestamp=17854034934350, VA=0000800130dc0000-0000800130dc1000, binding_type=bind, object_type=VK_OBJECT_TYPE_DEVICE_MEMORY, object_handle=0x611dcc8912a0
timestamp=17854034936023, VA=0000800130dc0000-0000800130dc0dc0, binding_type=bind, object_type=VK_OBJECT_TYPE_BUFFER, object_handle=0x611dcc82e050
timestamp=17854034958596, VA=0000800130e00000-0000800130e01000, binding_type=bind, object_type=VK_OBJECT_TYPE_DEVICE_MEMORY, object_handle=0x611dcc825f70
timestamp=17854034960329, VA=0000800130e00000-0000800130e006c0, binding_type=bind, object_type=VK_OBJECT_TYPE_BUFFER, object_handle=0x611dcc8918a0
timestamp=17854034986198, VA=0000800130e40000-0000800130e41000, binding_type=bind, object_type=VK_OBJECT_TYPE_DEVICE_MEMORY, object_handle=0x611dcc826880
timestamp=17854034987871, VA=0000800130e40000-0000800130e40f50, binding_type=bind, object_type=VK_OBJECT_TYPE_BUFFER, object_handle=0x611dcc8264c0
timestamp=17854035011065, VA=0000800130e80000-0000800130e81000, binding_type=bind, object_type=VK_OBJECT_TYPE_DEVICE_MEMORY, object_handle=0x611dce2c9060
timestamp=17854035012868, VA=0000800130e80000-0000800130e806c0, binding_type=bind, object_type=VK_OBJECT_TYPE_BUFFER, object_handle=0x611dce2c8bd0
timestamp=17854035030201, VA=0000800130ec0000-0000800130ec2000, binding_type=bind, object_type=VK_OBJECT_TYPE_DEVICE_MEMORY, object_handle=0x611dccb07e30
timestamp=17854035031804, VA=0000800130ec0000-0000800130ec1880, binding_type=bind, object_type=VK_OBJECT_TYPE_BUFFER, object_handle=0x611dccb07800
timestamp=17854035057071, VA=0000800130f00000-0000800130f01000, binding_type=bind, object_type=VK_OBJECT_TYPE_DEVICE_MEMORY, object_handle=0x611dcd706150
timestamp=17854035058624, VA=0000800130f00000-0000800130f004d0, binding_type=bind, object_type=VK_OBJECT_TYPE_BUFFER, object_handle=0x611dcd705c70
timestamp=17854035074744, VA=0000800130f40000-0000800130f42000, binding_type=bind, object_type=VK_OBJECT_TYPE_DEVICE_MEMORY, object_handle=0x611dccc25ff0
timestamp=17854035076548, VA=0000800130f40000-0000800130f41020, binding_type=bind, object_type=VK_OBJECT_TYPE_BUFFER, object_handle=0x611dccc259a0
timestamp=17854035098860, VA=0000800130f80000-0000800130f81000, binding_type=bind, object_type=VK_OBJECT_TYPE_DEVICE_MEMORY, object_handle=0x611dcd247900
timestamp=17854035100283, VA=0000800130f80000-0000800130f804d0, binding_type=bind, object_type=VK_OBJECT_TYPE_BUFFER, object_handle=0x611dcd247520
timestamp=17854035116333, VA=0000800130fc0000-0000800130fc2000, binding_type=bind, object_type=VK_OBJECT_TYPE_DEVICE_MEMORY, object_handle=0x611dcce87d90
timestamp=17854035117846, VA=0000800130fc0000-0000800130fc19c0, binding_type=bind, object_type=VK_OBJECT_TYPE_BUFFER, object_handle=0x611dcd247f20
timestamp=17854035141099, VA=0000800131000000-0000800131001000, binding_type=bind, object_type=VK_OBJECT_TYPE_DEVICE_MEMORY, object_handle=0x611dccc482e0
timestamp=17854035142763, VA=0000800131000000-0000800131000d80, binding_type=bind, object_type=VK_OBJECT_TYPE_BUFFER, object_handle=0x611dcce88350
timestamp=17854035160045, VA=0000800131040000-0000800131042000, binding_type=bind, object_type=VK_OBJECT_TYPE_DEVICE_MEMORY, object_handle=0x611dcca77560
timestamp=17854035161578, VA=0000800131040000-0000800131041e50, binding_type=bind, object_type=VK_OBJECT_TYPE_BUFFER, object_handle=0x611dcca77100
timestamp=17854035179502, VA=0000800131080000-0000800131081000, binding_type=bind, object_type=VK_OBJECT_TYPE_DEVICE_MEMORY, object_handle=0x611dce2c34b0
timestamp=17854035181085, VA=0000800131080000-0000800131080d80, binding_type=bind, object_type=VK_OBJECT_TYPE_BUFFER, object_handle=0x611dcca77b50
timestamp=17854035200020, VA=00008001310c0000-00008001310c4000, binding_type=bind, object_type=VK_OBJECT_TYPE_DEVICE_MEMORY, object_handle=0x611dcca1cc20
timestamp=17854035201433, VA=00008001310c0000-00008001310c3080, binding_type=bind, object_type=VK_OBJECT_TYPE_BUFFER, object_handle=0x611dce2c3aa0
timestamp=17854035233033, VA=0000800131100000-0000800131101000, binding_type=bind, object_type=VK_OBJECT_TYPE_DEVICE_MEMORY, object_handle=0x611dcd5be700
timestamp=17854035234545, VA=0000800131100000-0000800131100950, binding_type=bind, object_type=VK_OBJECT_TYPE_BUFFER, object_handle=0x611dce2c3e40
timestamp=17854035251277, VA=0000800131140000-0000800131142000, binding_type=bind, object_type=VK_OBJECT_TYPE_DEVICE_MEMORY, object_handle=0x611dcd5bf370
timestamp=17854035252840, VA=0000800131140000-0000800131141f20, binding_type=bind, object_type=VK_OBJECT_TYPE_BUFFER, object_handle=0x611dcd5bed20
timestamp=17854035274661, VA=0000800131180000-0000800131181000, binding_type=bind, object_type=VK_OBJECT_TYPE_DEVICE_MEMORY, object_handle=0x611dcd557b00
timestamp=17854035276314, VA=0000800131180000-0000800131180950, binding_type=bind, object_type=VK_OBJECT_TYPE_BUFFER, object_handle=0x611dcd5574d0
timestamp=17854035293036, VA=00008001311c0000-00008001311c4000, binding_type=bind, object_type=VK_OBJECT_TYPE_DEVICE_MEMORY, object_handle=0x611dce311620
timestamp=17854035295170, VA=00008001311c0000-00008001311c31c0, binding_type=bind, object_type=VK_OBJECT_TYPE_BUFFER, object_handle=0x611dce3111e0
timestamp=17854035316580, VA=0000800131200000-0000800131201000, binding_type=bind, object_type=VK_OBJECT_TYPE_DEVICE_MEMORY, object_handle=0x611dcca65970
timestamp=17854035318343, VA=0000800131200000-0000800131200050, binding_type=bind, object_type=VK_OBJECT_TYPE_BUFFER, object_handle=0x611dcca652f0
timestamp=17854035337429, VA=0000800131240000-0000800131241000, binding_type=bind, object_type=VK_OBJECT_TYPE_DEVICE_MEMORY, object_handle=0x611dce4fbc10
timestamp=17854035339974, VA=0000800131240000-0000800131240120, binding_type=bind, object_type=VK_OBJECT_TYPE_BUFFER, object_handle=0x611dce30b0f0
timestamp=17854035358329, VA=0000800131280000-0000800131281000, binding_type=bind, object_type=VK_OBJECT_TYPE_DEVICE_MEMORY, object_handle=0x611dce505260
timestamp=17854035359872, VA=0000800131280000-0000800131280050, binding_type=bind, object_type=VK_OBJECT_TYPE_BUFFER, object_handle=0x611dce4fc380
timestamp=17854035375471, VA=00008001312c0000-00008001312c1000, binding_type=bind, object_type=VK_OBJECT_TYPE_DEVICE_MEMORY, object_handle=0x611dce505ce0
timestamp=17854035376944, VA=00008001312c0000-00008001312c01c0, binding_type=bind, object_type=VK_OBJECT_TYPE_BUFFER, object_handle=0x611dce505860
timestamp=17854035396751, VA=0000800131300000-0000800131301000, binding_type=bind, object_type=VK_OBJECT_TYPE_DEVICE_MEMORY, object_handle=0x611dce4f7360
timestamp=17854035398775, VA=0000800131300000-00008001313000b0, binding_type=bind, object_type=VK_OBJECT_TYPE_BUFFER, object_handle=0x611dce4f6eb0
timestamp=17854035416248, VA=0000800131340000-0000800131341000, binding_type=bind, object_type=VK_OBJECT_TYPE_DEVICE_MEMORY, object_handle=0x611dcd5eeb20
timestamp=17854035417861, VA=0000800131340000-0000800131340260, binding_type=bind, object_type=VK_OBJECT_TYPE_BUFFER, object_handle=0x611dcd5ee6a0
timestamp=17854035434923, VA=0000800131380000-0000800131381000, binding_type=bind, object_type=VK_OBJECT_TYPE_DEVICE_MEMORY, object_handle=0x611dce5006e0
timestamp=17854035436466, VA=0000800131380000-00008001313800b0, binding_type=bind, object_type=VK_OBJECT_TYPE_BUFFER, object_handle=0x611dce500260
timestamp=17854035453768, VA=00008001313c0000-00008001313c1000, binding_type=bind, object_type=VK_OBJECT_TYPE_DEVICE_MEMORY, object_handle=0x611dccde1bb0
timestamp=17854035455612, VA=00008001313c0000-00008001313c03c0, binding_type=bind, object_type=VK_OBJECT_TYPE_BUFFER, object_handle=0x611dce500d30
timestamp=17854035479297, VA=0000800131400000-0000800131401000, binding_type=bind, object_type=VK_OBJECT_TYPE_DEVICE_MEMORY, object_handle=0x611dccde2750
timestamp=17854035481250, VA=0000800131400000-00008001314000e0, binding_type=bind, object_type=VK_OBJECT_TYPE_BUFFER, object_handle=0x611dcc606320
timestamp=17854035497751, VA=0000800131440000-0000800131441000, binding_type=bind, object_type=VK_OBJECT_TYPE_DEVICE_MEMORY, object_handle=0x611dce2cc8e0
timestamp=17854035499505, VA=0000800131440000-0000800131440230, binding_type=bind, object_type=VK_OBJECT_TYPE_BUFFER, object_handle=0x611dce2cc450
timestamp=17854035515064, VA=0000800131480000-0000800131481000, binding_type=bind, object_type=VK_OBJECT_TYPE_DEVICE_MEMORY, object_handle=0x611dcd5ec550
timestamp=17854035517028, VA=0000800131480000-00008001314800e0, binding_type=bind, object_type=VK_OBJECT_TYPE_BUFFER, object_handle=0x611dcd5ec070
timestamp=17854035536374, VA=00008001314c0000-00008001314c1000, binding_type=bind, object_type=VK_OBJECT_TYPE_DEVICE_MEMORY, object_handle=0x611dcd5f3480
timestamp=17854035538338, VA=00008001314c0000-00008001314c0380, binding_type=bind, object_type=VK_OBJECT_TYPE_BUFFER, object_handle=0x611dcccb4080
timestamp=17854035558065, VA=0000800131500000-0000800131501000, binding_type=bind, object_type=VK_OBJECT_TYPE_DEVICE_MEMORY, object_handle=0x611dccf0f320
timestamp=17854035559748, VA=0000800131500000-00008001315000e0, binding_type=bind, object_type=VK_OBJECT_TYPE_BUFFER, object_handle=0x611dcd5f3c40
timestamp=17854035581279, VA=0000800131540000-0000800131541000, binding_type=bind, object_type=VK_OBJECT_TYPE_DEVICE_MEMORY, object_handle=0x611dce3015d0
timestamp=17854035583162, VA=0000800131540000-0000800131540300, binding_type=bind, object_type=VK_OBJECT_TYPE_BUFFER, object_handle=0x611dce2f6600
timestamp=17854035602929, VA=0000800131580000-0000800131581000, binding_type=bind, object_type=VK_OBJECT_TYPE_DEVICE_MEMORY, object_handle=0x611dce302020
timestamp=17854035604773, VA=0000800131580000-00008001315800e0, binding_type=bind, object_type=VK_OBJECT_TYPE_BUFFER, object_handle=0x611dce301ba0
timestamp=17854035620633, VA=00008001315c0000-00008001315c1000, binding_type=bind, object_type=VK_OBJECT_TYPE_DEVICE_MEMORY, object_handle=0x611dcd5f9fb0
timestamp=17854035622286, VA=00008001315c0000-00008001315c04c0, binding_type=bind, object_type=VK_OBJECT_TYPE_BUFFER, object_handle=0x611dcd5f9930
timestamp=17854035643396, VA=0000800131600000-0000800131601000, binding_type=bind, object_type=VK_OBJECT_TYPE_DEVICE_MEMORY, object_handle=0x611dcd45d2c0
timestamp=17854035645129, VA=0000800131600000-00008001316001b0, binding_type=bind, object_type=VK_OBJECT_TYPE_BUFFER, object_handle=0x611dcd45cf40
timestamp=17854035662662, VA=0000800131640000-0000800131641000, binding_type=bind, object_type=VK_OBJECT_TYPE_DEVICE_MEMORY, object_handle=0x611dcd5fcac0
timestamp=17854035664596, VA=0000800131640000-00008001316403e0, binding_type=bind, object_type=VK_OBJECT_TYPE_BUFFER, object_handle=0x611dcd45d760
timestamp=17854035680776, VA=0000800131680000-0000800131681000, binding_type=bind, object_type=VK_OBJECT_TYPE_DEVICE_MEMORY, object_handle=0x611dcd5fd690
timestamp=17854035682309, VA=0000800131680000-00008001316801b0, binding_type=bind, object_type=VK_OBJECT_TYPE_BUFFER, object_handle=0x611dcd5fd1b0
timestamp=17854035698379, VA=00008001316c0000-00008001316c1000, binding_type=bind, object_type=VK_OBJECT_TYPE_DEVICE_MEMORY, object_handle=0x611dccc2d9a0
timestamp=17854035700233, VA=00008001316c0000-00008001316c0620, binding_type=bind, object_type=VK_OBJECT_TYPE_BUFFER, object_handle=0x611dccc2d4f0
timestamp=17854035718347, VA=0000800131700000-0000800131701000, binding_type=bind, object_type=VK_OBJECT_TYPE_DEVICE_MEMORY, object_handle=0x611dce2e47f0
timestamp=17854035719850, VA=0000800131700000-0000800131700120, binding_type=bind, object_type=VK_OBJECT_TYPE_BUFFER, object_handle=0x611dce2e4770
timestamp=17854035737914, VA=0000800131740000-0000800131741000, binding_type=bind, object_type=VK_OBJECT_TYPE_DEVICE_MEMORY, object_handle=0x611dcd158300
timestamp=17854035739547, VA=0000800131740000-00008001317403f0, binding_type=bind, object_type=VK_OBJECT_TYPE_BUFFER, object_handle=0x611dcd45e7b0
timestamp=17854035756258, VA=0000800131780000-0000800131781000, binding_type=bind, object_type=VK_OBJECT_TYPE_DEVICE_MEMORY, object_handle=0x611dce2c75b0
timestamp=17854035757881, VA=0000800131780000-0000800131780120, binding_type=bind, object_type=VK_OBJECT_TYPE_BUFFER, object_handle=0x611dcd45f030
timestamp=17854035774442, VA=00008001317c0000-00008001317c1000, binding_type=bind, object_type=VK_OBJECT_TYPE_DEVICE_MEMORY, object_handle=0x611dce2c81d0
timestamp=17854035776206, VA=00008001317c0000-00008001317c0640, binding_type=bind, object_type=VK_OBJECT_TYPE_BUFFER, object_handle=0x611dce2c7d40
timestamp=17854035797827, VA=0000800131800000-0000800131801000, binding_type=bind, object_type=VK_OBJECT_TYPE_DEVICE_MEMORY, object_handle=0x611dce319b60
timestamp=17854035799710, VA=0000800131800000-0000800131800360, binding_type=bind, object_type=VK_OBJECT_TYPE_BUFFER, object_handle=0x611dce2c8490
timestamp=17854035816832, VA=0000800131840000-0000800131841000, binding_type=bind, object_type=VK_OBJECT_TYPE_DEVICE_MEMORY, object_handle=0x611dcca94290
timestamp=17854035818606, VA=0000800131840000-0000800131840720, binding_type=bind, object_type=VK_OBJECT_TYPE_BUFFER, object_handle=0x611dcca93de0
timestamp=17854035838924, VA=0000800131880000-0000800131881000, binding_type=bind, object_type=VK_OBJECT_TYPE_DEVICE_MEMORY, object_handle=0x611dce50ee70
timestamp=17854035840787, VA=0000800131880000-0000800131880360, binding_type=bind, object_type=VK_OBJECT_TYPE_BUFFER, object_handle=0x611dce50e820
timestamp=17854035858621, VA=00008001318c0000-00008001318c1000, binding_type=bind, object_type=VK_OBJECT_TYPE_DEVICE_MEMORY, object_handle=0x611dcca18b60
timestamp=17854035860374, VA=00008001318c0000-00008001318c0b60, binding_type=bind, object_type=VK_OBJECT_TYPE_BUFFER, object_handle=0x611dcca186d0
timestamp=17854035878148, VA=0000800131900000-0000800131901000, binding_type=bind, object_type=VK_OBJECT_TYPE_DEVICE_MEMORY, object_handle=0x611dce4f18d0
timestamp=17854035879921, VA=0000800131900000-00008001319001b0, binding_type=bind, object_type=VK_OBJECT_TYPE_BUFFER, object_handle=0x611dcca190e0
timestamp=17854035896022, VA=0000800131940000-0000800131941000, binding_type=bind, object_type=VK_OBJECT_TYPE_DEVICE_MEMORY, object_handle=0x611dce4f2550
timestamp=17854035898356, VA=0000800131940000-00008001319405d0, binding_type=bind, object_type=VK_OBJECT_TYPE_BUFFER, object_handle=0x611dce4f2070
timestamp=17854035914897, VA=0000800131980000-0000800131981000, binding_type=bind, object_type=VK_OBJECT_TYPE_DEVICE_MEMORY, object_handle=0x611dcc98e2f0
timestamp=17854035916350, VA=0000800131980000-00008001319801b0, binding_type=bind, object_type=VK_OBJECT_TYPE_BUFFER, object_handle=0x611dcc98dcc0
timestamp=17854035933903, VA=00008001319c0000-00008001319c1000, binding_type=bind, object_type=VK_OBJECT_TYPE_DEVICE_MEMORY, object_handle=0x611dcd2f8710
timestamp=17854035936017, VA=00008001319c0000-00008001319c0940, binding_type=bind, object_type=VK_OBJECT_TYPE_BUFFER, object_handle=0x611dcd2f8230
timestamp=17854035957377, VA=0000800131a00000-0000800131a01000, binding_type=bind, object_type=VK_OBJECT_TYPE_DEVICE_MEMORY, object_handle=0x611dce2f2690
timestamp=17854035959000, VA=0000800131a00000-0000800131a006c0, binding_type=bind, object_type=VK_OBJECT_TYPE_BUFFER, object_handle=0x611dcd2f8cf0
timestamp=17854035975531, VA=0000800131a40000-0000800131a41000, binding_type=bind, object_type=VK_OBJECT_TYPE_DEVICE_MEMORY, object_handle=0x611dce2f3120
timestamp=17854035977475, VA=0000800131a40000-0000800131a40db0, binding_type=bind, object_type=VK_OBJECT_TYPE_BUFFER, object_handle=0x611dce2f2c90
timestamp=17854035994026, VA=0000800131a80000-0000800131a81000, binding_type=bind, object_type=VK_OBJECT_TYPE_DEVICE_MEMORY, object_handle=0x611dcd248a90
timestamp=17854035995659, VA=0000800131a80000-0000800131a806c0, binding_type=bind, object_type=VK_OBJECT_TYPE_BUFFER, object_handle=0x611dcd2485b0
timestamp=17854036020286, VA=0000800131ac0000-0000800131ac2000, binding_type=bind, object_type=VK_OBJECT_TYPE_DEVICE_MEMORY, object_handle=0x611dce316e80
timestamp=17854036022029, VA=0000800131ac0000-0000800131ac15e0, binding_type=bind, object_type=VK_OBJECT_TYPE_BUFFER, object_handle=0x611dce2f31b0
timestamp=17854036042638, VA=0000800131b00000-0000800131b01000, binding_type=bind, object_type=VK_OBJECT_TYPE_DEVICE_MEMORY, object_handle=0x611dcd111110
timestamp=17854036044151, VA=0000800131b00000-0000800131b002d0, binding_type=bind, object_type=VK_OBJECT_TYPE_BUFFER, object_handle=0x611dce2e7640
timestamp=17854036064589, VA=0000800131b40000-0000800131b41000, binding_type=bind, object_type=VK_OBJECT_TYPE_DEVICE_MEMORY, object_handle=0x611dcd5f21f0
timestamp=17854036066853, VA=0000800131b40000-0000800131b40990, binding_type=bind, object_type=VK_OBJECT_TYPE_BUFFER, object_handle=0x611dcd5f1ba0
timestamp=17854036085549, VA=0000800131b80000-0000800131b81000, binding_type=bind, object_type=VK_OBJECT_TYPE_DEVICE_MEMORY, object_handle=0x611dcd5f5090
timestamp=17854036087292, VA=0000800131b80000-0000800131b802d0, binding_type=bind, object_type=VK_OBJECT_TYPE_BUFFER, object_handle=0x611dcd5f4c00
timestamp=17854036110015, VA=0000800131bc0000-0000800131bc1000, binding_type=bind, object_type=VK_OBJECT_TYPE_DEVICE_MEMORY, object_handle=0x611dcd5f64c0
timestamp=17854036111487, VA=0000800131bc0000-0000800131bc0f40, binding_type=bind, object_type=VK_OBJECT_TYPE_BUFFER, object_handle=0x611dcd5f2420
timestamp=17854036133589, VA=0000800131c00000-0000800131c01000, binding_type=bind, object_type=VK_OBJECT_TYPE_DEVICE_MEMORY, object_handle=0x611dcd5f6f60
timestamp=17854036135332, VA=0000800131c00000-0000800131c00d80, binding_type=bind, object_type=VK_OBJECT_TYPE_BUFFER, object_handle=0x611dcd5f6ab0
timestamp=17854036152685, VA=0000800131c40000-0000800131c42000, binding_type=bind, object_type=VK_OBJECT_TYPE_DEVICE_MEMORY, object_handle=0x611dcd5f06f0
timestamp=17854036154378, VA=0000800131c40000-0000800131c41ad0, binding_type=bind, object_type=VK_OBJECT_TYPE_BUFFER, object_handle=0x611dcd5f00a0
timestamp=17854036178283, VA=0000800131c80000-0000800131c81000, binding_type=bind, object_type=VK_OBJECT_TYPE_DEVICE_MEMORY, object_handle=0x611dcd5f0b70
timestamp=17854036179776, VA=0000800131c80000-0000800131c80d80, binding_type=bind, object_type=VK_OBJECT_TYPE_BUFFER, object_handle=0x611dce354cc0
timestamp=17854036199794, VA=0000800131cc0000-0000800131cc3000, binding_type=bind, object_type=VK_OBJECT_TYPE_DEVICE_MEMORY, object_handle=0x611dcca51720
timestamp=17854036201817, VA=0000800131cc0000-0000800131cc2ae0, binding_type=bind, object_type=VK_OBJECT_TYPE_BUFFER, object_handle=0x611dce355760
timestamp=17854036223538, VA=0000800131d00000-0000800131d01000, binding_type=bind, object_type=VK_OBJECT_TYPE_DEVICE_MEMORY, object_handle=0x611dccc45990
timestamp=17854036225141, VA=0000800131d00000-0000800131d00510, binding_type=bind, object_type=VK_OBJECT_TYPE_BUFFER, object_handle=0x611dcd47c680
timestamp=17854036242334, VA=0000800131d40000-0000800131d42000, binding_type=bind, object_type=VK_OBJECT_TYPE_DEVICE_MEMORY, object_handle=0x611dcd615230
timestamp=17854036244127, VA=0000800131d40000-0000800131d41110, binding_type=bind, object_type=VK_OBJECT_TYPE_BUFFER, object_handle=0x611dcd614be0
timestamp=17854036261540, VA=0000800131d80000-0000800131d81000, binding_type=bind, object_type=VK_OBJECT_TYPE_DEVICE_MEMORY, object_handle=0x611dcd660b80
timestamp=17854036263043, VA=0000800131d80000-0000800131d80510, binding_type=bind, object_type=VK_OBJECT_TYPE_BUFFER, object_handle=0x611dcd660580
timestamp=17854036279594, VA=0000800131dc0000-0000800131dc2000, binding_type=bind, object_type=VK_OBJECT_TYPE_DEVICE_MEMORY, object_handle=0x611dce2f3380
timestamp=17854036281207, VA=0000800131dc0000-0000800131dc1b40, binding_type=bind, object_type=VK_OBJECT_TYPE_BUFFER, object_handle=0x611dcd6611a0
timestamp=17854036312406, VA=0000800131e00000-0000800131e02000, binding_type=bind, object_type=VK_OBJECT_TYPE_DEVICE_MEMORY, object_handle=0x611dce2f3b60
timestamp=17854036314049, VA=0000800131e00000-0000800131e01b00, binding_type=bind, object_type=VK_OBJECT_TYPE_BUFFER, object_handle=0x611dcd661650
timestamp=17854036355357, VA=0000800131e40000-0000800131e44000, binding_type=bind, object_type=VK_OBJECT_TYPE_DEVICE_MEMORY, object_handle=0x611dccc19a90
timestamp=17854036357631, VA=0000800131e40000-0000800131e43510, binding_type=bind, object_type=VK_OBJECT_TYPE_BUFFER, object_handle=0x611dcd04ae30
timestamp=17854036377178, VA=0000800131e80000-0000800131e82000, binding_type=bind, object_type=VK_OBJECT_TYPE_DEVICE_MEMORY, object_handle=0x611dccc1a4d0
timestamp=17854036378691, VA=0000800131e80000-0000800131e81b00, binding_type=bind, object_type=VK_OBJECT_TYPE_BUFFER, object_handle=0x611dccc1a060
timestamp=17854036399730, VA=0000800131ec0000-0000800131ec6000, binding_type=bind, object_type=VK_OBJECT_TYPE_DEVICE_MEMORY, object_handle=0x611dcd460a30
timestamp=17854036401243, VA=0000800131ec0000-0000800131ec54e0, binding_type=bind, object_type=VK_OBJECT_TYPE_BUFFER, object_handle=0x611dcd4603e0
timestamp=17854036456036, VA=0000800131f00000-0000800131f01000, binding_type=bind, object_type=VK_OBJECT_TYPE_DEVICE_MEMORY, object_handle=0x611dce3027d0
timestamp=17854036457960, VA=0000800131f00000-0000800131f00990, binding_type=bind, object_type=VK_OBJECT_TYPE_BUFFER, object_handle=0x611dce302360
timestamp=17854036482787, VA=0000800131f40000-0000800131f43000, binding_type=bind, object_type=VK_OBJECT_TYPE_DEVICE_MEMORY, object_handle=0x611dce303210
timestamp=17854036484510, VA=0000800131f40000-0000800131f42010, binding_type=bind, object_type=VK_OBJECT_TYPE_BUFFER, object_handle=0x611dce302d60
timestamp=17854036503125, VA=0000800131f80000-0000800131f81000, binding_type=bind, object_type=VK_OBJECT_TYPE_DEVICE_MEMORY, object_handle=0x611dce356610
timestamp=17854036504788, VA=0000800131f80000-0000800131f80990, binding_type=bind, object_type=VK_OBJECT_TYPE_BUFFER, object_handle=0x611dce3561a0
timestamp=17854036521379, VA=0000800131fc0000-0000800131fc4000, binding_type=bind, object_type=VK_OBJECT_TYPE_DEVICE_MEMORY, object_handle=0x611dce2e4b70
timestamp=17854036523363, VA=0000800131fc0000-0000800131fc3340, binding_type=bind, object_type=VK_OBJECT_TYPE_BUFFER, object_handle=0x611dce356bf0
timestamp=17854036545926, VA=0000800132000000-0000800132001000, binding_type=bind, object_type=VK_OBJECT_TYPE_DEVICE_MEMORY, object_handle=0x611dce2e56d0
timestamp=17854036547639, VA=0000800132000000-0000800132000090, binding_type=bind, object_type=VK_OBJECT_TYPE_BUFFER, object_handle=0x611dce2e5260
timestamp=17854036565573, VA=0000800132040000-0000800132041000, binding_type=bind, object_type=VK_OBJECT_TYPE_DEVICE_MEMORY, object_handle=0x611dce320ce0
timestamp=17854036567146, VA=0000800132040000-0000800132040210, binding_type=bind, object_type=VK_OBJECT_TYPE_BUFFER, object_handle=0x611dce320830
timestamp=17854036585340, VA=0000800132080000-0000800132081000, binding_type=bind, object_type=VK_OBJECT_TYPE_DEVICE_MEMORY, object_handle=0x611dce303440
timestamp=17854036586983, VA=0000800132080000-0000800132080090, binding_type=bind, object_type=VK_OBJECT_TYPE_BUFFER, object_handle=0x611dce3212e0
timestamp=17854036607622, VA=00008001320c0000-00008001320c1000, binding_type=bind, object_type=VK_OBJECT_TYPE_DEVICE_MEMORY, object_handle=0x611dccc473d0
timestamp=17854036609275, VA=00008001320c0000-00008001320c0340, binding_type=bind, object_type=VK_OBJECT_TYPE_BUFFER, object_handle=0x611dccc46ef0
timestamp=17854036627028, VA=0000800132100000-0000800132101000, binding_type=bind, object_type=VK_OBJECT_TYPE_DEVICE_MEMORY, object_handle=0x611dce2d63a0
timestamp=17854036629443, VA=0000800132100000-0000800132100140, binding_type=bind, object_type=VK_OBJECT_TYPE_BUFFER, object_handle=0x611dccc47b40
timestamp=17854036646675, VA=0000800132140000-0000800132141000, binding_type=bind, object_type=VK_OBJECT_TYPE_DEVICE_MEMORY, object_handle=0x611dce2f47f0
timestamp=17854036649020, VA=0000800132140000-0000800132140440, binding_type=bind, object_type=VK_OBJECT_TYPE_BUFFER, object_handle=0x611dccc47c50
timestamp=17854036665882, VA=0000800132180000-0000800132181000, binding_type=bind, object_type=VK_OBJECT_TYPE_DEVICE_MEMORY, object_handle=0x611dccab7d20
timestamp=17854036668376, VA=0000800132180000-0000800132180140, binding_type=bind, object_type=VK_OBJECT_TYPE_BUFFER, object_handle=0x611dce2f4ca0
timestamp=17854036689706, VA=00008001321c0000-00008001321c1000, binding_type=bind, object_type=VK_OBJECT_TYPE_DEVICE_MEMORY, object_handle=0x611dce2d0e10
timestamp=17854036691339, VA=00008001321c0000-00008001321c06c0, binding_type=bind, object_type=VK_OBJECT_TYPE_BUFFER, object_handle=0x611dce2cb330
timestamp=17854036711738, VA=0000800132200000-0000800132201000, binding_type=bind, object_type=VK_OBJECT_TYPE_DEVICE_MEMORY, object_handle=0x611dce2d6b20
timestamp=17854036713251, VA=0000800132200000-00008001322001b0, binding_type=bind, object_type=VK_OBJECT_TYPE_BUFFER, object_handle=0x611dce3142e0
timestamp=17854036730664, VA=0000800132240000-0000800132241000, binding_type=bind, object_type=VK_OBJECT_TYPE_DEVICE_MEMORY, object_handle=0x611dcca529e0
timestamp=17854036732156, VA=0000800132240000-0000800132240410, binding_type=bind, object_type=VK_OBJECT_TYPE_BUFFER, object_handle=0x611dce2d7110
timestamp=17854036754098, VA=0000800132280000-0000800132281000, binding_type=bind, object_type=VK_OBJECT_TYPE_DEVICE_MEMORY, object_handle=0x611dcca53600
timestamp=17854036755761, VA=0000800132280000-00008001322801b0, binding_type=bind, object_type=VK_OBJECT_TYPE_BUFFER, object_handle=0x611dcca52fe0
timestamp=17854036775658, VA=00008001322c0000-00008001322c1000, binding_type=bind, object_type=VK_OBJECT_TYPE_DEVICE_MEMORY, object_handle=0x611dcd5fb3a0
timestamp=17854036777742, VA=00008001322c0000-00008001322c0680, binding_type=bind, object_type=VK_OBJECT_TYPE_BUFFER, object_handle=0x611dcd5faf10
timestamp=17854036795205, VA=0000800132300000-0000800132301000, binding_type=bind, object_type=VK_OBJECT_TYPE_DEVICE_MEMORY, object_handle=0x611dcd5fdfe0
timestamp=17854036796838, VA=0000800132300000-0000800132300170, binding_type=bind, object_type=VK_OBJECT_TYPE_BUFFER, object_handle=0x611dcd5fbb40
timestamp=17854036815393, VA=0000800132340000-0000800132341000, binding_type=bind, object_type=VK_OBJECT_TYPE_DEVICE_MEMORY, object_handle=0x611dcd5fea10
timestamp=17854036818659, VA=0000800132340000-00008001323404e0, binding_type=bind, object_type=VK_OBJECT_TYPE_BUFFER, object_handle=0x611dcd5fbd20
timestamp=17854036838877, VA=0000800132380000-0000800132381000, binding_type=bind, object_type=VK_OBJECT_TYPE_DEVICE_MEMORY, object_handle=0x611dccef1e00
timestamp=17854036840300, VA=0000800132380000-0000800132380170, binding_type=bind, object_type=VK_OBJECT_TYPE_BUFFER, object_handle=0x611dcd5fef40
timestamp=17854036856801, VA=00008001323c0000-00008001323c1000, binding_type=bind, object_type=VK_OBJECT_TYPE_DEVICE_MEMORY, object_handle=0x611dccb08b90
timestamp=17854036858464, VA=00008001323c0000-00008001323c07c0, binding_type=bind, object_type=VK_OBJECT_TYPE_BUFFER, object_handle=0x611dcd5f8860
timestamp=17854036878873, VA=0000800132400000-0000800132401000, binding_type=bind, object_type=VK_OBJECT_TYPE_DEVICE_MEMORY, object_handle=0x611dce4ec440
timestamp=17854036880566, VA=0000800132400000-0000800132400360, binding_type=bind, object_type=VK_OBJECT_TYPE_BUFFER, object_handle=0x611dccb08d20
timestamp=17854036898780, VA=0000800132440000-0000800132441000, binding_type=bind, object_type=VK_OBJECT_TYPE_DEVICE_MEMORY, object_handle=0x611dcc88fbb0
timestamp=17854036900183, VA=0000800132440000-0000800132440720, binding_type=bind, object_type=VK_OBJECT_TYPE_BUFFER, object_handle=0x611dce4ec980
timestamp=17854037065194, VA=0000800132480000-0000800132481000, binding_type=bind, object_type=VK_OBJECT_TYPE_DEVICE_MEMORY, object_handle=0x611dce4ed2e0
timestamp=17854037067227, VA=0000800132480000-0000800132480360, binding_type=bind, object_type=VK_OBJECT_TYPE_BUFFER, object_handle=0x611dce4ece10
timestamp=17854037099458, VA=00008001324c0000-00008001324c1000, binding_type=bind, object_type=VK_OBJECT_TYPE_DEVICE_MEMORY, object_handle=0x611dce2d4a30
timestamp=17854037101181, VA=00008001324c0000-00008001324c0b60, binding_type=bind, object_type=VK_OBJECT_TYPE_BUFFER, object_handle=0x611dcd720590
timestamp=17854037122311, VA=0000800132500000-0000800132501000, binding_type=bind, object_type=VK_OBJECT_TYPE_DEVICE_MEMORY, object_handle=0x611dccc0de60
timestamp=17854037124145, VA=0000800132500000-00008001325001b0, binding_type=bind, object_type=VK_OBJECT_TYPE_BUFFER, object_handle=0x611dce2d4f70
timestamp=17854037144593, VA=0000800132540000-0000800132541000, binding_type=bind, object_type=VK_OBJECT_TYPE_DEVICE_MEMORY, object_handle=0x611dce2d58f0
timestamp=17854037146176, VA=0000800132540000-00008001325405d0, binding_type=bind, object_type=VK_OBJECT_TYPE_BUFFER, object_handle=0x611dccc0e3e0
timestamp=17854037163138, VA=0000800132580000-0000800132581000, binding_type=bind, object_type=VK_OBJECT_TYPE_DEVICE_MEMORY, object_handle=0x611dce30a260
timestamp=17854037164901, VA=0000800132580000-00008001325801b0, binding_type=bind, object_type=VK_OBJECT_TYPE_BUFFER, object_handle=0x611dce312ea0
timestamp=17854037181653, VA=00008001325c0000-00008001325c1000, binding_type=bind, object_type=VK_OBJECT_TYPE_DEVICE_MEMORY, object_handle=0x611dcd8def90
timestamp=17854037183466, VA=00008001325c0000-00008001325c0940, binding_type=bind, object_type=VK_OBJECT_TYPE_BUFFER, object_handle=0x611dce312f20
timestamp=17854037206490, VA=0000800132600000-0000800132601000, binding_type=bind, object_type=VK_OBJECT_TYPE_DEVICE_MEMORY, object_handle=0x611dcd8df810
timestamp=17854037208373, VA=0000800132600000-00008001326006c0, binding_type=bind, object_type=VK_OBJECT_TYPE_BUFFER, object_handle=0x611dcd8df450
timestamp=17854037226107, VA=0000800132640000-0000800132641000, binding_type=bind, object_type=VK_OBJECT_TYPE_DEVICE_MEMORY, object_handle=0x611dccb7e2b0
timestamp=17854037227840, VA=0000800132640000-0000800132640d40, binding_type=bind, object_type=VK_OBJECT_TYPE_BUFFER, object_handle=0x611dcd8dfd90
timestamp=17854037245503, VA=0000800132680000-0000800132681000, binding_type=bind, object_type=VK_OBJECT_TYPE_DEVICE_MEMORY, object_handle=0x611dcd8e0070
timestamp=17854037247056, VA=0000800132680000-00008001326806c0, binding_type=bind, object_type=VK_OBJECT_TYPE_BUFFER, object_handle=0x611dccb7e800
timestamp=17854037269228, VA=00008001326c0000-00008001326c2000, binding_type=bind, object_type=VK_OBJECT_TYPE_DEVICE_MEMORY, object_handle=0x611dcd703e60
timestamp=17854037270811, VA=00008001326c0000-00008001326c1520, binding_type=bind, object_type=VK_OBJECT_TYPE_BUFFER, object_handle=0x611dccb7f250
timestamp=17854037294786, VA=0000800132700000-0000800132701000, binding_type=bind, object_type=VK_OBJECT_TYPE_DEVICE_MEMORY, object_handle=0x611dcd704910
timestamp=17854037296279, VA=0000800132700000-0000800132700240, binding_type=bind, object_type=VK_OBJECT_TYPE_BUFFER, object_handle=0x611dcd704460
timestamp=17854037313772, VA=0000800132740000-0000800132741000, binding_type=bind, object_type=VK_OBJECT_TYPE_DEVICE_MEMORY, object_handle=0x611dccb062b0
timestamp=17854037315525, VA=0000800132740000-00008001327407b0, binding_type=bind, object_type=VK_OBJECT_TYPE_BUFFER, object_handle=0x611dcd704ee0
timestamp=17854037337547, VA=0000800132780000-0000800132781000, binding_type=bind, object_type=VK_OBJECT_TYPE_DEVICE_MEMORY, object_handle=0x611dccb06ee0
timestamp=17854037339460, VA=0000800132780000-0000800132780240, binding_type=bind, object_type=VK_OBJECT_TYPE_BUFFER, object_handle=0x611dccb06a90
timestamp=17854037356011, VA=00008001327c0000-00008001327c1000, binding_type=bind, object_type=VK_OBJECT_TYPE_DEVICE_MEMORY, object_handle=0x611dcccb4c90
timestamp=17854037357875, VA=00008001327c0000-00008001327c0c40, binding_type=bind, object_type=VK_OBJECT_TYPE_BUFFER, object_handle=0x611dcccb4800
timestamp=17854037381009, VA=0000800132800000-0000800132801000, binding_type=bind, object_type=VK_OBJECT_TYPE_DEVICE_MEMORY, object_handle=0x611dcccb5750
timestamp=17854037382742, VA=0000800132800000-0000800132800d80, binding_type=bind, object_type=VK_OBJECT_TYPE_BUFFER, object_handle=0x611dcccb52b0
timestamp=17854037399914, VA=0000800132840000-0000800132842000, binding_type=bind, object_type=VK_OBJECT_TYPE_DEVICE_MEMORY, object_handle=0x611dce330850
timestamp=17854037401327, VA=0000800132840000-0000800132841970, binding_type=bind, object_type=VK_OBJECT_TYPE_BUFFER, object_handle=0x611dce3303a0
timestamp=17854037421565, VA=0000800132880000-0000800132881000, binding_type=bind, object_type=VK_OBJECT_TYPE_DEVICE_MEMORY, object_handle=0x611dce3312e0
timestamp=17854037423358, VA=0000800132880000-0000800132880d80, binding_type=bind, object_type=VK_OBJECT_TYPE_BUFFER, object_handle=0x611dce330e50
timestamp=17854037443166, VA=00008001328c0000-00008001328c3000, binding_type=bind, object_type=VK_OBJECT_TYPE_DEVICE_MEMORY, object_handle=0x611dce2ba8f0
timestamp=17854037444618, VA=00008001328c0000-00008001328c28a0, binding_type=bind, object_type=VK_OBJECT_TYPE_BUFFER, object_handle=0x611dce2ba2a0
timestamp=17854037465628, VA=0000800132900000-0000800132901000, binding_type=bind, object_type=VK_OBJECT_TYPE_DEVICE_MEMORY, object_handle=0x611dce2bb3a0
timestamp=17854037467652, VA=0000800132900000-0000800132900360, binding_type=bind, object_type=VK_OBJECT_TYPE_BUFFER, object_handle=0x611dce2baf10
timestamp=17854037484493, VA=0000800132940000-0000800132941000, binding_type=bind, object_type=VK_OBJECT_TYPE_DEVICE_MEMORY, object_handle=0x611dce2c1ca0
timestamp=17854037486377, VA=0000800132940000-0000800132940b70, binding_type=bind, object_type=VK_OBJECT_TYPE_BUFFER, object_handle=0x611dce2c17f0
timestamp=17854037505683, VA=0000800132980000-0000800132981000, binding_type=bind, object_type=VK_OBJECT_TYPE_DEVICE_MEMORY, object_handle=0x611dce2c2890
timestamp=17854037507657, VA=0000800132980000-0000800132980360, binding_type=bind, object_type=VK_OBJECT_TYPE_BUFFER, object_handle=0x611dce2c2400
timestamp=17854037524970, VA=00008001329c0000-00008001329c2000, binding_type=bind, object_type=VK_OBJECT_TYPE_DEVICE_MEMORY, object_handle=0x611dce2ce9f0
timestamp=17854037526773, VA=00008001329c0000-00008001329c1240, binding_type=bind, object_type=VK_OBJECT_TYPE_BUFFER, object_handle=0x611dce2ce370
timestamp=17854037551510, VA=0000800132a00000-0000800132a02000, binding_type=bind, object_type=VK_OBJECT_TYPE_DEVICE_MEMORY, object_handle=0x611dcca866e0
timestamp=17854037553053, VA=0000800132a00000-0000800132a01b00, binding_type=bind, object_type=VK_OBJECT_TYPE_BUFFER, object_handle=0x611dce2cf0b0
timestamp=17854037565777, VA=00008000008ae000-0000800000944100, binding_type=bind, object_type=VK_OBJECT_TYPE_COMMAND_BUFFER, object_handle=0x611dcbe6b7f0
timestamp=17854037596705, VA=0000800132a40000-0000800132a44000, binding_type=bind, object_type=VK_OBJECT_TYPE_DEVICE_MEMORY, object_handle=0x611dcca87570
timestamp=17854037599029, VA=0000800132a40000-0000800132a431d0, binding_type=bind, object_type=VK_OBJECT_TYPE_BUFFER, object_handle=0x611dcca86ef0
timestamp=17854037618666, VA=0000800132a80000-0000800132a82000, binding_type=bind, object_type=VK_OBJECT_TYPE_DEVICE_MEMORY, object_handle=0x611dcca0d5e0
timestamp=17854037620670, VA=0000800132a80000-0000800132a81b00, binding_type=bind, object_type=VK_OBJECT_TYPE_BUFFER, object_handle=0x611dcca0d160
timestamp=17854037645437, VA=0000800132ac0000-0000800132ac5000, binding_type=bind, object_type=VK_OBJECT_TYPE_DEVICE_MEMORY, object_handle=0x611dcca0ded0
timestamp=17854037647831, VA=0000800132ac0000-0000800132ac4fa0, binding_type=bind, object_type=VK_OBJECT_TYPE_BUFFER, object_handle=0x611dcca0db10
timestamp=17854037672858, VA=0000800132b00000-0000800132b01000, binding_type=bind, object_type=VK_OBJECT_TYPE_DEVICE_MEMORY, object_handle=0x611dcd177990
timestamp=17854037674411, VA=0000800132b00000-0000800132b005a0, binding_type=bind, object_type=VK_OBJECT_TYPE_BUFFER, object_handle=0x611dcd177620
timestamp=17854037692044, VA=0000800132b40000-0000800132b42000, binding_type=bind, object_type=VK_OBJECT_TYPE_DEVICE_MEMORY, object_handle=0x611dcd178570
timestamp=17854037693668, VA=0000800132b40000-0000800132b412f0, binding_type=bind, object_type=VK_OBJECT_TYPE_BUFFER, object_handle=0x611dcd177f20
timestamp=17854037711972, VA=0000800132b80000-0000800132b81000, binding_type=bind, object_type=VK_OBJECT_TYPE_DEVICE_MEMORY, object_handle=0x611dcd295f90
timestamp=17854037713495, VA=0000800132b80000-0000800132b805a0, binding_type=bind, object_type=VK_OBJECT_TYPE_BUFFER, object_handle=0x611dcd178b90
timestamp=17854037730357, VA=0000800132bc0000-0000800132bc2000, binding_type=bind, object_type=VK_OBJECT_TYPE_DEVICE_MEMORY, object_handle=0x611dcd296a10
timestamp=17854037732110, VA=0000800132bc0000-0000800132bc1e40, binding_type=bind, object_type=VK_OBJECT_TYPE_BUFFER, object_handle=0x611dcd296560
timestamp=17854037767156, VA=0000800132c00000-0000800132c04000, binding_type=bind, object_type=VK_OBJECT_TYPE_DEVICE_MEMORY, object_handle=0x611dccb11390
timestamp=17854037768869, VA=0000800132c00000-0000800132c03600, binding_type=bind, object_type=VK_OBJECT_TYPE_BUFFER, object_handle=0x611dcd297170
timestamp=17854037798966, VA=0000800132c40000-0000800132c47000, binding_type=bind, object_type=VK_OBJECT_TYPE_DEVICE_MEMORY, object_handle=0x611dccb11ce0
timestamp=17854037800449, VA=0000800132c40000-0000800132c46290, binding_type=bind, object_type=VK_OBJECT_TYPE_BUFFER, object_handle=0x611dccb11850
timestamp=17854037822510, VA=0000800132c80000-0000800132c84000, binding_type=bind, object_type=VK_OBJECT_TYPE_DEVICE_MEMORY, object_handle=0x611dcd1588f0
timestamp=17854037824013, VA=0000800132c80000-0000800132c83600, binding_type=bind, object_type=VK_OBJECT_TYPE_BUFFER, object_handle=0x611dccb122a0
timestamp=17854037845514, VA=0000800132cc0000-0000800132cca000, binding_type=bind, object_type=VK_OBJECT_TYPE_DEVICE_MEMORY, object_handle=0x611dcd159240
timestamp=17854037847107, VA=0000800132cc0000-0000800132cc9da0, binding_type=bind, object_type=VK_OBJECT_TYPE_BUFFER, object_handle=0x611dcd158e60
timestamp=17854037879798, VA=0000800132d00000-0000800132d01000, binding_type=bind, object_type=VK_OBJECT_TYPE_DEVICE_MEMORY, object_handle=0x611dcd159c90
timestamp=17854037881571, VA=0000800132d00000-0000800132d00a20, binding_type=bind, object_type=VK_OBJECT_TYPE_BUFFER, object_handle=0x611dccb127e0
timestamp=17854037905116, VA=0000800132d40000-0000800132d43000, binding_type=bind, object_type=VK_OBJECT_TYPE_DEVICE_MEMORY, object_handle=0x611dccab5860
timestamp=17854037906749, VA=0000800132d40000-0000800132d421f0, binding_type=bind, object_type=VK_OBJECT_TYPE_BUFFER, object_handle=0x611dccab53e0
timestamp=17854037927107, VA=0000800132d80000-0000800132d81000, binding_type=bind, object_type=VK_OBJECT_TYPE_DEVICE_MEMORY, object_handle=0x611dccab64b0
timestamp=17854037929171, VA=0000800132d80000-0000800132d80a20, binding_type=bind, object_type=VK_OBJECT_TYPE_BUFFER, object_handle=0x611dccab5e60
timestamp=17854037949239, VA=0000800132dc0000-0000800132dc4000, binding_type=bind, object_type=VK_OBJECT_TYPE_DEVICE_MEMORY, object_handle=0x611dce331d50
timestamp=17854037950772, VA=0000800132dc0000-0000800132dc3640, binding_type=bind, object_type=VK_OBJECT_TYPE_BUFFER, object_handle=0x611dce331990
timestamp=17854037974937, VA=0000800132e00000-0000800132e01000, binding_type=bind, object_type=VK_OBJECT_TYPE_DEVICE_MEMORY, object_handle=0x611dce332870
timestamp=17854037976861, VA=0000800132e00000-0000800132e00120, binding_type=bind, object_type=VK_OBJECT_TYPE_BUFFER, object_handle=0x611dce332240
timestamp=17854037994925, VA=0000800132e40000-0000800132e41000, binding_type=bind, object_type=VK_OBJECT_TYPE_DEVICE_MEMORY, object_handle=0x611dcd462180
timestamp=17854037996909, VA=0000800132e40000-0000800132e403f0, binding_type=bind, object_type=VK_OBJECT_TYPE_BUFFER, object_handle=0x611dce332de0
timestamp=17854038020513, VA=0000800132e80000-0000800132e81000, binding_type=bind, object_type=VK_OBJECT_TYPE_DEVICE_MEMORY, object_handle=0x611dcd462a90
timestamp=17854038022086, VA=0000800132e80000-0000800132e80120, binding_type=bind, object_type=VK_OBJECT_TYPE_BUFFER, object_handle=0x611dcd4626d0
timestamp=17854038040110, VA=0000800132ec0000-0000800132ec1000, binding_type=bind, object_type=VK_OBJECT_TYPE_DEVICE_MEMORY, object_handle=0x611dcd4635c0
timestamp=17854038041924, VA=0000800132ec0000-0000800132ec0640, binding_type=bind, object_type=VK_OBJECT_TYPE_BUFFER, object_handle=0x611dcd462f90
timestamp=17854038060729, VA=0000800132f00000-0000800132f01000, binding_type=bind, object_type=VK_OBJECT_TYPE_DEVICE_MEMORY, object_handle=0x611dcd464600
timestamp=17854038062112, VA=0000800132f00000-0000800132f00260, binding_type=bind, object_type=VK_OBJECT_TYPE_BUFFER, object_handle=0x611dcd464220
timestamp=17854038080005, VA=0000800132f40000-0000800132f41000, binding_type=bind, object_type=VK_OBJECT_TYPE_DEVICE_MEMORY, object_handle=0x611dcd465280
timestamp=17854038081508, VA=0000800132f40000-0000800132f40800, binding_type=bind, object_type=VK_OBJECT_TYPE_BUFFER, object_handle=0x611dcd464c50
timestamp=17854038099532, VA=0000800132f80000-0000800132f81000, binding_type=bind, object_type=VK_OBJECT_TYPE_DEVICE_MEMORY, object_handle=0x611dccb76370
timestamp=17854038100985, VA=0000800132f80000-0000800132f80260, binding_type=bind, object_type=VK_OBJECT_TYPE_BUFFER, object_handle=0x611dcd465590
timestamp=17854038123147, VA=0000800132fc0000-0000800132fc1000, binding_type=bind, object_type=VK_OBJECT_TYPE_DEVICE_MEMORY, object_handle=0x611dccb76e20
timestamp=17854038124719, VA=0000800132fc0000-0000800132fc0cc0, binding_type=bind, object_type=VK_OBJECT_TYPE_BUFFER, object_handle=0x611dccb76990
timestamp=17854038154285, VA=0000800133000000-0000800133001000, binding_type=bind, object_type=VK_OBJECT_TYPE_DEVICE_MEMORY, object_handle=0x611dccba2780
timestamp=17854038156048, VA=0000800133000000-0000800133000360, binding_type=bind, object_type=VK_OBJECT_TYPE_BUFFER, object_handle=0x611dccba2130
timestamp=17854038176567, VA=0000800133040000-0000800133041000, binding_type=bind, object_type=VK_OBJECT_TYPE_DEVICE_MEMORY, object_handle=0x611dccba31d0
timestamp=17854038178100, VA=0000800133040000-00008001330407d0, binding_type=bind, object_type=VK_OBJECT_TYPE_BUFFER, object_handle=0x611dccba2d20
timestamp=17854038203047, VA=0000800133080000-0000800133081000, binding_type=bind, object_type=VK_OBJECT_TYPE_DEVICE_MEMORY, object_handle=0x611dce3578b0
timestamp=17854038205141, VA=0000800133080000-0000800133080360, binding_type=bind, object_type=VK_OBJECT_TYPE_BUFFER, object_handle=0x611dccba37a0
timestamp=17854038223876, VA=00008001330c0000-00008001330c1000, binding_type=bind, object_type=VK_OBJECT_TYPE_DEVICE_MEMORY, object_handle=0x611dce357f50
timestamp=17854038225419, VA=00008001330c0000-00008001330c0c80, binding_type=bind, object_type=VK_OBJECT_TYPE_BUFFER, object_handle=0x611dce357b90
timestamp=17854038246569, VA=0000800133100000-0000800133101000, binding_type=bind, object_type=VK_OBJECT_TYPE_DEVICE_MEMORY, object_handle=0x611dce358a10
timestamp=17854038248212, VA=0000800133100000-0000800133100290, binding_type=bind, object_type=VK_OBJECT_TYPE_BUFFER, object_handle=0x611dce358530
timestamp=17854038270013, VA=0000800133140000-0000800133141000, binding_type=bind, object_type=VK_OBJECT_TYPE_DEVICE_MEMORY, object_handle=0x611dcd2fa420
timestamp=17854038271546, VA=0000800133140000-00008001331408a0, binding_type=bind, object_type=VK_OBJECT_TYPE_BUFFER, object_handle=0x611dcd2f9fc0
timestamp=17854038301112, VA=0000800133180000-0000800133181000, binding_type=bind, object_type=VK_OBJECT_TYPE_DEVICE_MEMORY, object_handle=0x611dcd2faea0
timestamp=17854038302995, VA=0000800133180000-0000800133180290, binding_type=bind, object_type=VK_OBJECT_TYPE_BUFFER, object_handle=0x611dcd2faa20
timestamp=17854038321650, VA=00008001331c0000-00008001331c1000, binding_type=bind, object_type=VK_OBJECT_TYPE_DEVICE_MEMORY, object_handle=0x611dcd2fb950
timestamp=17854038323173, VA=00008001331c0000-00008001331c0dc0, binding_type=bind, object_type=VK_OBJECT_TYPE_BUFFER, object_handle=0x611dcd2fb4a0
timestamp=17854038345285, VA=0000800133200000-0000800133201000, binding_type=bind, object_type=VK_OBJECT_TYPE_DEVICE_MEMORY, object_handle=0x611dcd2ede90
timestamp=17854038347920, VA=0000800133200000-00008001332006c0, binding_type=bind, object_type=VK_OBJECT_TYPE_BUFFER, object_handle=0x611dcd2ed9e0
timestamp=17854038370643, VA=0000800133240000-0000800133241000, binding_type=bind, object_type=VK_OBJECT_TYPE_DEVICE_MEMORY, object_handle=0x611dcd04a430
timestamp=17854038372116, VA=0000800133240000-0000800133240db0, binding_type=bind, object_type=VK_OBJECT_TYPE_BUFFER, object_handle=0x611dce29c0d0
timestamp=17854038394508, VA=0000800133280000-0000800133281000, binding_type=bind, object_type=VK_OBJECT_TYPE_DEVICE_MEMORY, object_handle=0x611dcd2ee340
timestamp=17854038396211, VA=0000800133280000-00008001332806c0, binding_type=bind, object_type=VK_OBJECT_TYPE_BUFFER, object_handle=0x611dcd04aa50
timestamp=17854038417932, VA=00008001332c0000-00008001332c2000, binding_type=bind, object_type=VK_OBJECT_TYPE_DEVICE_MEMORY, object_handle=0x611dcd2eecc0
timestamp=17854038420547, VA=00008001332c0000-00008001332c15e0, binding_type=bind, object_type=VK_OBJECT_TYPE_BUFFER, object_handle=0x611dcd2ee8c0
timestamp=17854038444442, VA=0000800133300000-0000800133301000, binding_type=bind, object_type=VK_OBJECT_TYPE_DEVICE_MEMORY, object_handle=0x611dccc40910
timestamp=17854038446135, VA=0000800133300000-00008001333002d0, binding_type=bind, object_type=VK_OBJECT_TYPE_BUFFER, object_handle=0x611dcd2eeef0
timestamp=17854038469810, VA=0000800133340000-0000800133341000, binding_type=bind, object_type=VK_OBJECT_TYPE_DEVICE_MEMORY, object_handle=0x611dccc41390
timestamp=17854038471342, VA=0000800133340000-0000800133340990, binding_type=bind, object_type=VK_OBJECT_TYPE_BUFFER, object_handle=0x611dccc40ee0
timestamp=17854038490749, VA=0000800133380000-0000800133381000, binding_type=bind, object_type=VK_OBJECT_TYPE_DEVICE_MEMORY, object_handle=0x611dcd143110
timestamp=17854038492282, VA=0000800133380000-00008001333802d0, binding_type=bind, object_type=VK_OBJECT_TYPE_BUFFER, object_handle=0x611dccc41960
timestamp=17854038513011, VA=00008001333c0000-00008001333c1000, binding_type=bind, object_type=VK_OBJECT_TYPE_DEVICE_MEMORY, object_handle=0x611dcd143ba0
timestamp=17854038514975, VA=00008001333c0000-00008001333c0f40, binding_type=bind, object_type=VK_OBJECT_TYPE_BUFFER, object_handle=0x611dcd143710
timestamp=17854038538860, VA=0000800133400000-0000800133401000, binding_type=bind, object_type=VK_OBJECT_TYPE_DEVICE_MEMORY, object_handle=0x611dcd144620
timestamp=17854038541294, VA=0000800133400000-0000800133400d80, binding_type=bind, object_type=VK_OBJECT_TYPE_BUFFER, object_handle=0x611dcd1441a0
timestamp=17854038560741, VA=0000800133440000-0000800133442000, binding_type=bind, object_type=VK_OBJECT_TYPE_DEVICE_MEMORY, object_handle=0x611dcd3555c0
timestamp=17854038562755, VA=0000800133440000-0000800133441970, binding_type=bind, object_type=VK_OBJECT_TYPE_BUFFER, object_handle=0x611dcd355200
timestamp=17854038583353, VA=0000800133480000-0000800133481000, binding_type=bind, object_type=VK_OBJECT_TYPE_DEVICE_MEMORY, object_handle=0x611dcd3561c0
timestamp=17854038585317, VA=0000800133480000-0000800133480d80, binding_type=bind, object_type=VK_OBJECT_TYPE_BUFFER, object_handle=0x611dcd144c50
timestamp=17854038605986, VA=00008001334c0000-00008001334c3000, binding_type=bind, object_type=VK_OBJECT_TYPE_DEVICE_MEMORY, object_handle=0x611dcca4efa0
timestamp=17854038607559, VA=00008001334c0000-00008001334c28a0, binding_type=bind, object_type=VK_OBJECT_TYPE_BUFFER, object_handle=0x611dcd3567e0
timestamp=17854038635041, VA=0000800133500000-0000800133501000, binding_type=bind, object_type=VK_OBJECT_TYPE_DEVICE_MEMORY, object_handle=0x611dcca4f890
timestamp=17854038636744, VA=0000800133500000-0000800133500360, binding_type=bind, object_type=VK_OBJECT_TYPE_BUFFER, object_handle=0x611dcca4f4d0
timestamp=17854038656912, VA=0000800133540000-0000800133541000, binding_type=bind, object_type=VK_OBJECT_TYPE_DEVICE_MEMORY, object_handle=0x611dcca504b0
timestamp=17854038658695, VA=0000800133540000-0000800133540b70, binding_type=bind, object_type=VK_OBJECT_TYPE_BUFFER, object_handle=0x611dcca4fe60
timestamp=17854038678653, VA=0000800133580000-0000800133581000, binding_type=bind, object_type=VK_OBJECT_TYPE_DEVICE_MEMORY, object_handle=0x611dccc23fd0
timestamp=17854038680436, VA=0000800133580000-0000800133580360, binding_type=bind, object_type=VK_OBJECT_TYPE_BUFFER, object_handle=0x611dccc23c10
timestamp=17854038702047, VA=00008001335c0000-00008001335c2000, binding_type=bind, object_type=VK_OBJECT_TYPE_DEVICE_MEMORY, object_handle=0x611dccc24a60
timestamp=17854038704121, VA=00008001335c0000-00008001335c1240, binding_type=bind, object_type=VK_OBJECT_TYPE_BUFFER, object_handle=0x611dccc245d0
timestamp=17854038730861, VA=0000800133600000-0000800133602000, binding_type=bind, object_type=VK_OBJECT_TYPE_DEVICE_MEMORY, object_handle=0x611dccc254e0
timestamp=17854038732665, VA=0000800133600000-0000800133601b00, binding_type=bind, object_type=VK_OBJECT_TYPE_BUFFER, object_handle=0x611dccc25060
timestamp=17854038753334, VA=0000800133640000-0000800133644000, binding_type=bind, object_type=VK_OBJECT_TYPE_DEVICE_MEMORY, object_handle=0x611dcca159a0
timestamp=17854038755428, VA=0000800133640000-00008001336430e0, binding_type=bind, object_type=VK_OBJECT_TYPE_BUFFER, object_handle=0x611dccc25670
timestamp=17854038792588, VA=0000800133680000-0000800133682000, binding_type=bind, object_type=VK_OBJECT_TYPE_DEVICE_MEMORY, object_handle=0x611dcca166f0
timestamp=17854038795794, VA=0000800133680000-0000800133681b00, binding_type=bind, object_type=VK_OBJECT_TYPE_BUFFER, object_handle=0x611dcca15ff0
timestamp=17854038830088, VA=00008001336c0000-00008001336c5000, binding_type=bind, object_type=VK_OBJECT_TYPE_DEVICE_MEMORY, object_handle=0x611dcce5f550
timestamp=17854038832643, VA=00008001336c0000-00008001336c4e20, binding_type=bind, object_type=VK_OBJECT_TYPE_BUFFER, object_handle=0x611dcce5f190
timestamp=17854038869402, VA=0000800133700000-0000800133701000, binding_type=bind, object_type=VK_OBJECT_TYPE_DEVICE_MEMORY, object_handle=0x611dce3097a0
timestamp=17854038872077, VA=0000800133700000-0000800133700480, binding_type=bind, object_type=VK_OBJECT_TYPE_BUFFER, object_handle=0x611dce309320
timestamp=17854038902454, VA=0000800133740000-0000800133741000, binding_type=bind, object_type=VK_OBJECT_TYPE_DEVICE_MEMORY, object_handle=0x611dce2e4420
timestamp=17854038905029, VA=0000800133740000-0000800133740f30, binding_type=bind, object_type=VK_OBJECT_TYPE_BUFFER, object_handle=0x611dce2e3f70
timestamp=17854038935817, VA=0000800133780000-0000800133781000, binding_type=bind, object_type=VK_OBJECT_TYPE_DEVICE_MEMORY, object_handle=0x611dcce603b0
timestamp=17854038938452, VA=0000800133780000-0000800133780480, binding_type=bind, object_type=VK_OBJECT_TYPE_BUFFER, object_handle=0x611dcce5fd60
timestamp=17854038974400, VA=00008001337c0000-00008001337c2000, binding_type=bind, object_type=VK_OBJECT_TYPE_DEVICE_MEMORY, object_handle=0x611dcce60de0
timestamp=17854038977626, VA=00008001337c0000-00008001337c1840, binding_type=bind, object_type=VK_OBJECT_TYPE_BUFFER, object_handle=0x611dcce60950
timestamp=17854039037359, VA=0000800133800000-0000800133804000, binding_type=bind, object_type=VK_OBJECT_TYPE_DEVICE_MEMORY, object_handle=0x611dce509ca0
timestamp=17854039041136, VA=0000800133800000-0000800133803600, binding_type=bind, object_type=VK_OBJECT_TYPE_BUFFER, object_handle=0x611dce35ace0
timestamp=17854039085870, VA=0000800133840000-0000800133846000, binding_type=bind, object_type=VK_OBJECT_TYPE_DEVICE_MEMORY, object_handle=0x611dce349190
timestamp=17854039089517, VA=0000800133840000-0000800133845fc0, binding_type=bind, object_type=VK_OBJECT_TYPE_BUFFER, object_handle=0x611dce50a2a0
timestamp=17854039136565, VA=0000800133880000-0000800133884000, binding_type=bind, object_type=VK_OBJECT_TYPE_DEVICE_MEMORY, object_handle=0x611dce349ac0
timestamp=17854039140282, VA=0000800133880000-0000800133883600, binding_type=bind, object_type=VK_OBJECT_TYPE_BUFFER, object_handle=0x611dce3496e0
timestamp=17854039175338, VA=00008001338c0000-00008001338ca000, binding_type=bind, object_type=VK_OBJECT_TYPE_DEVICE_MEMORY, object_handle=0x611dce34a740
timestamp=17854039178294, VA=00008001338c0000-00008001338c9920, binding_type=bind, object_type=VK_OBJECT_TYPE_BUFFER, object_handle=0x611dce34a330
timestamp=17854039233117, VA=0000800133900000-0000800133901000, binding_type=bind, object_type=VK_OBJECT_TYPE_DEVICE_MEMORY, object_handle=0x611dce2f95d0
timestamp=17854039236434, VA=0000800133900000-00008001339006c0, binding_type=bind, object_type=VK_OBJECT_TYPE_BUFFER, object_handle=0x611dce2f9120
timestamp=17854039272742, VA=0000800133940000-0000800133942000, binding_type=bind, object_type=VK_OBJECT_TYPE_DEVICE_MEMORY, object_handle=0x611dce2fa050
timestamp=17854039275637, VA=0000800133940000-00008001339416b0, binding_type=bind, object_type=VK_OBJECT_TYPE_BUFFER, object_handle=0x611dce2f9ba0
timestamp=17854039317376, VA=0000800133980000-0000800133981000, binding_type=bind, object_type=VK_OBJECT_TYPE_DEVICE_MEMORY, object_handle=0x611dce2faae0
timestamp=17854039321584, VA=0000800133980000-00008001339806c0, binding_type=bind, object_type=VK_OBJECT_TYPE_BUFFER, object_handle=0x611dce2fa650
timestamp=17854039360597, VA=00008001339c0000-00008001339c3000, binding_type=bind, object_type=VK_OBJECT_TYPE_DEVICE_MEMORY, object_handle=0x611dcd60be90
timestamp=17854039363934, VA=00008001339c0000-00008001339c2440, binding_type=bind, object_type=VK_OBJECT_TYPE_BUFFER, object_handle=0x611dcd60b9e0
timestamp=17854039437202, VA=0000800133a00000-0000800133a07000, binding_type=bind, object_type=VK_OBJECT_TYPE_DEVICE_MEMORY, object_handle=0x611dcd8dc8d0
timestamp=17854039441309, VA=0000800133a00000-0000800133a06c00, binding_type=bind, object_type=VK_OBJECT_TYPE_BUFFER, object_handle=0x611dccc3eaf0
timestamp=17854039488148, VA=0000800133a40000-0000800133a4c000, binding_type=bind, object_type=VK_OBJECT_TYPE_DEVICE_MEMORY, object_handle=0x611dcd8dce50
timestamp=17854039491193, VA=0000800133a40000-0000800133a4bd80, binding_type=bind, object_type=VK_OBJECT_TYPE_BUFFER, object_handle=0x611dcd8dcdd0
timestamp=17854039544163, VA=0000800133a80000-0000800133a87000, binding_type=bind, object_type=VK_OBJECT_TYPE_DEVICE_MEMORY, object_handle=0x611dce3177f0
timestamp=17854039554513, VA=0000800133a80000-0000800133a86c00, binding_type=bind, object_type=VK_OBJECT_TYPE_BUFFER, object_handle=0x611dcd60cda0
timestamp=17854039601651, VA=0000800133ac0000-0000800133ad3000, binding_type=bind, object_type=VK_OBJECT_TYPE_DEVICE_MEMORY, object_handle=0x611dcd1108c0
timestamp=17854039604998, VA=0000800133ac0000-0000800133ad2f20, binding_type=bind, object_type=VK_OBJECT_TYPE_BUFFER, object_handle=0x611dcd60d250
timestamp=17854039668618, VA=0000800133b00000-0000800133b01000, binding_type=bind, object_type=VK_OBJECT_TYPE_DEVICE_MEMORY, object_handle=0x611dce318110
timestamp=17854039671743, VA=0000800133b00000-0000800133b00b40, binding_type=bind, object_type=VK_OBJECT_TYPE_BUFFER, object_handle=0x611dce317c60
timestamp=17854039710216, VA=0000800133b40000-0000800133b43000, binding_type=bind, object_type=VK_OBJECT_TYPE_DEVICE_MEMORY, object_handle=0x611dce318d40
timestamp=17854039712370, VA=0000800133b40000-0000800133b425b0, binding_type=bind, object_type=VK_OBJECT_TYPE_BUFFER, object_handle=0x611dce318710
timestamp=17854039742106, VA=0000800133b80000-0000800133b81000, binding_type=bind, object_type=VK_OBJECT_TYPE_DEVICE_MEMORY, object_handle=0x611dccb6adc0
timestamp=17854039744551, VA=0000800133b80000-0000800133b80b40, binding_type=bind, object_type=VK_OBJECT_TYPE_BUFFER, object_handle=0x611dce319390
timestamp=17854039774427, VA=0000800133bc0000-0000800133bc4000, binding_type=bind, object_type=VK_OBJECT_TYPE_DEVICE_MEMORY, object_handle=0x611dccb6bb30
timestamp=17854039777182, VA=0000800133bc0000-0000800133bc3c40, binding_type=bind, object_type=VK_OBJECT_TYPE_BUFFER, object_handle=0x611dccb6b4b0
timestamp=17854039817879, VA=0000800133c00000-0000800133c01000, binding_type=bind, object_type=VK_OBJECT_TYPE_DEVICE_MEMORY, object_handle=0x611dccb6c5e0
timestamp=17854039821395, VA=0000800133c00000-0000800133c00240, binding_type=bind, object_type=VK_OBJECT_TYPE_BUFFER, object_handle=0x611dccb6c150
timestamp=17854039854838, VA=0000800133c40000-0000800133c41000, binding_type=bind, object_type=VK_OBJECT_TYPE_DEVICE_MEMORY, object_handle=0x611dccb0f690
timestamp=17854039857483, VA=0000800133c40000-0000800133c407b0, binding_type=bind, object_type=VK_OBJECT_TYPE_BUFFER, object_handle=0x611dccb0f2b0
timestamp=17854039887670, VA=0000800133c80000-0000800133c81000, binding_type=bind, object_type=VK_OBJECT_TYPE_DEVICE_MEMORY, object_handle=0x611dccb10360
timestamp=17854039889674, VA=0000800133c80000-0000800133c80240, binding_type=bind, object_type=VK_OBJECT_TYPE_BUFFER, object_handle=0x611dccb0fc60
timestamp=17854039915953, VA=0000800133cc0000-0000800133cc1000, binding_type=bind, object_type=VK_OBJECT_TYPE_DEVICE_MEMORY, object_handle=0x611dccb10d20
timestamp=17854039918428, VA=0000800133cc0000-0000800133cc0c40, binding_type=bind, object_type=VK_OBJECT_TYPE_BUFFER, object_handle=0x611dccb10890
timestamp=17854039946090, VA=0000800133d00000-0000800133d01000, binding_type=bind, object_type=VK_OBJECT_TYPE_DEVICE_MEMORY, object_handle=0x611dcd1a9720
timestamp=17854039947984, VA=0000800133d00000-0000800133d004a0, binding_type=bind, object_type=VK_OBJECT_TYPE_BUFFER, object_handle=0x611dcd1a8ff0
timestamp=17854039975365, VA=0000800133d40000-0000800133d41000, binding_type=bind, object_type=VK_OBJECT_TYPE_DEVICE_MEMORY, object_handle=0x611dcd1aa300
timestamp=17854039977760, VA=0000800133d40000-0000800133d40f80, binding_type=bind, object_type=VK_OBJECT_TYPE_BUFFER, object_handle=0x611dcd1a9f20
timestamp=17854040015801, VA=0000800133d80000-0000800133d81000, binding_type=bind, object_type=VK_OBJECT_TYPE_DEVICE_MEMORY, object_handle=0x611dce076280
timestamp=17854040018326, VA=0000800133d80000-0000800133d804a0, binding_type=bind, object_type=VK_OBJECT_TYPE_BUFFER, object_handle=0x611dcd1aa880
timestamp=17854040046940, VA=0000800133dc0000-0000800133dc2000, binding_type=bind, object_type=VK_OBJECT_TYPE_DEVICE_MEMORY, object_handle=0x611dce076f30
timestamp=17854040048934, VA=0000800133dc0000-0000800133dc18c0, binding_type=bind, object_type=VK_OBJECT_TYPE_BUFFER, object_handle=0x611dcd1aa900
timestamp=17854040082497, VA=0000800133e00000-0000800133e01000, binding_type=bind, object_type=VK_OBJECT_TYPE_DEVICE_MEMORY, object_handle=0x611dce077910
timestamp=17854040084842, VA=0000800133e00000-0000800133e006c0, binding_type=bind, object_type=VK_OBJECT_TYPE_BUFFER, object_handle=0x611dce077480
timestamp=17854040118254, VA=0000800133e40000-0000800133e41000, binding_type=bind, object_type=VK_OBJECT_TYPE_DEVICE_MEMORY, object_handle=0x611dccc26eb0
timestamp=17854040121110, VA=0000800133e40000-0000800133e40f50, binding_type=bind, object_type=VK_OBJECT_TYPE_BUFFER, object_handle=0x611dce319670
timestamp=17854040149884, VA=0000800133e80000-0000800133e81000, binding_type=bind, object_type=VK_OBJECT_TYPE_DEVICE_MEMORY, object_handle=0x611dccc27ae0
timestamp=17854040151878, VA=0000800133e80000-0000800133e806c0, binding_type=bind, object_type=VK_OBJECT_TYPE_BUFFER, object_handle=0x611dccc27400
timestamp=17854040183297, VA=0000800133ec0000-0000800133ec2000, binding_type=bind, object_type=VK_OBJECT_TYPE_DEVICE_MEMORY, object_handle=0x611dccc284a0
timestamp=17854040186012, VA=0000800133ec0000-0000800133ec1880, binding_type=bind, object_type=VK_OBJECT_TYPE_BUFFER, object_handle=0x611dccc28010
timestamp=17854040216109, VA=0000800133f00000-0000800133f01000, binding_type=bind, object_type=VK_OBJECT_TYPE_DEVICE_MEMORY, object_handle=0x611dccb73f50
timestamp=17854040218263, VA=0000800133f00000-0000800133f004d0, binding_type=bind, object_type=VK_OBJECT_TYPE_BUFFER, object_handle=0x611dccb73b90
timestamp=17854040248350, VA=0000800133f40000-0000800133f42000, binding_type=bind, object_type=VK_OBJECT_TYPE_DEVICE_MEMORY, object_handle=0x611dccb748e0
timestamp=17854040250474, VA=0000800133f40000-0000800133f41020, binding_type=bind, object_type=VK_OBJECT_TYPE_BUFFER, object_handle=0x611dccb74450
timestamp=17854040290749, VA=0000800133f80000-0000800133f81000, binding_type=bind, object_type=VK_OBJECT_TYPE_DEVICE_MEMORY, object_handle=0x611dccb75390
timestamp=17854040293024, VA=0000800133f80000-0000800133f804d0, binding_type=bind, object_type=VK_OBJECT_TYPE_BUFFER, object_handle=0x611dccb74ee0
timestamp=17854040319243, VA=0000800133fc0000-0000800133fc2000, binding_type=bind, object_type=VK_OBJECT_TYPE_DEVICE_MEMORY, object_handle=0x611dce328040
timestamp=17854040321527, VA=0000800133fc0000-0000800133fc19c0, binding_type=bind, object_type=VK_OBJECT_TYPE_BUFFER, object_handle=0x611dce327c60
timestamp=17854040355541, VA=0000800134000000-0000800134001000, binding_type=bind, object_type=VK_OBJECT_TYPE_DEVICE_MEMORY, object_handle=0x611dce328b20
timestamp=17854040358016, VA=0000800134000000-0000800134000d80, binding_type=bind, object_type=VK_OBJECT_TYPE_BUFFER, object_handle=0x611dce328690
timestamp=17854040386971, VA=0000800134040000-0000800134042000, binding_type=bind, object_type=VK_OBJECT_TYPE_DEVICE_MEMORY, object_handle=0x611dce3297f0
timestamp=17854040389566, VA=0000800134040000-0000800134041ad0, binding_type=bind, object_type=VK_OBJECT_TYPE_BUFFER, object_handle=0x611dce329120
timestamp=17854040421836, VA=0000800134080000-0000800134081000, binding_type=bind, object_type=VK_OBJECT_TYPE_DEVICE_MEMORY, object_handle=0x611dcd09c960
timestamp=17854040424101, VA=0000800134080000-0000800134080d80, binding_type=bind, object_type=VK_OBJECT_TYPE_BUFFER, object_handle=0x611dce329d40
timestamp=17854040457834, VA=00008001340c0000-00008001340c3000, binding_type=bind, object_type=VK_OBJECT_TYPE_DEVICE_MEMORY, object_handle=0x611dcd09d3e0
timestamp=17854040459958, VA=00008001340c0000-00008001340c2ae0, binding_type=bind, object_type=VK_OBJECT_TYPE_BUFFER, object_handle=0x611dcd09cf60
timestamp=17854040487540, VA=0000800000945000-0000800000a71200, binding_type=bind, object_type=VK_OBJECT_TYPE_COMMAND_BUFFER, object_handle=0x611dcbe6b7f0
timestamp=17854040552533, VA=0000800134100000-0000800134101000, binding_type=bind, object_type=VK_OBJECT_TYPE_DEVICE_MEMORY, object_handle=0x611dcd09e020
timestamp=17854040555358, VA=0000800134100000-0000800134100510, binding_type=bind, object_type=VK_OBJECT_TYPE_BUFFER, object_handle=0x611dcd09db90
timestamp=17854040584102, VA=0000800134140000-0000800134142000, binding_type=bind, object_type=VK_OBJECT_TYPE_DEVICE_MEMORY, object_handle=0x611dcd612310
timestamp=17854040586987, VA=0000800134140000-0000800134141110, binding_type=bind, object_type=VK_OBJECT_TYPE_BUFFER, object_handle=0x611dcd09e620
timestamp=17854040615361, VA=0000800134180000-0000800134181000, binding_type=bind, object_type=VK_OBJECT_TYPE_DEVICE_MEMORY, object_handle=0x611dcd612f40
timestamp=17854040617645, VA=0000800134180000-0000800134180510, binding_type=bind, object_type=VK_OBJECT_TYPE_BUFFER, object_handle=0x611dcd612b60
timestamp=17854040644105, VA=00008001341c0000-00008001341c2000, binding_type=bind, object_type=VK_OBJECT_TYPE_DEVICE_MEMORY, object_handle=0x611dcd613920
timestamp=17854040646540, VA=00008001341c0000-00008001341c1b40, binding_type=bind, object_type=VK_OBJECT_TYPE_BUFFER, object_handle=0x611dcd613490
timestamp=17854040688248, VA=0000800134200000-0000800134202000, binding_type=bind, object_type=VK_OBJECT_TYPE_DEVICE_MEMORY, object_handle=0x611dcd614360
timestamp=17854040690863, VA=0000800134200000-0000800134201b00, binding_type=bind, object_type=VK_OBJECT_TYPE_BUFFER, object_handle=0x611dcd613ed0
timestamp=17854040719717, VA=0000800134240000-0000800134244000, binding_type=bind, object_type=VK_OBJECT_TYPE_DEVICE_MEMORY, object_handle=0x611dcd0ee1a0
timestamp=17854040722202, VA=0000800134240000-00008001342431d0, binding_type=bind, object_type=VK_OBJECT_TYPE_BUFFER, object_handle=0x611dcd0edaa0
timestamp=17854040752950, VA=0000800134280000-0000800134282000, binding_type=bind, object_type=VK_OBJECT_TYPE_DEVICE_MEMORY, object_handle=0x611dcd0eedd0
timestamp=17854040755124, VA=0000800134280000-0000800134281b00, binding_type=bind, object_type=VK_OBJECT_TYPE_BUFFER, object_handle=0x611dcd0ee9f0
timestamp=17854040785281, VA=00008001342c0000-00008001342c5000, binding_type=bind, object_type=VK_OBJECT_TYPE_DEVICE_MEMORY, object_handle=0x611dcd0ef760
timestamp=17854040787936, VA=00008001342c0000-00008001342c4fa0, binding_type=bind, object_type=VK_OBJECT_TYPE_BUFFER, object_handle=0x611dcd0ef2d0
timestamp=17854040828883, VA=0000800134300000-0000800134301000, binding_type=bind, object_type=VK_OBJECT_TYPE_DEVICE_MEMORY, object_handle=0x611dccb038e0
timestamp=17854040830997, VA=0000800134300000-00008001343005a0, binding_type=bind, object_type=VK_OBJECT_TYPE_BUFFER, object_handle=0x611dccb03460
timestamp=17854040864200, VA=0000800134340000-0000800134342000, binding_type=bind, object_type=VK_OBJECT_TYPE_DEVICE_MEMORY, object_handle=0x611dccb04310
timestamp=17854040866464, VA=0000800134340000-00008001343412f0, binding_type=bind, object_type=VK_OBJECT_TYPE_BUFFER, object_handle=0x611dccb03e60
timestamp=17854040895639, VA=0000800134380000-0000800134381000, binding_type=bind, object_type=VK_OBJECT_TYPE_DEVICE_MEMORY, object_handle=0x611dccb04da0
timestamp=17854040898865, VA=0000800134380000-00008001343805a0, binding_type=bind, object_type=VK_OBJECT_TYPE_BUFFER, object_handle=0x611dccb04910
timestamp=17854040927028, VA=00008001343c0000-00008001343c2000, binding_type=bind, object_type=VK_OBJECT_TYPE_DEVICE_MEMORY, object_handle=0x611dce2ea720
timestamp=17854040929152, VA=00008001343c0000-00008001343c1e40, binding_type=bind, object_type=VK_OBJECT_TYPE_BUFFER, object_handle=0x611dccb05640
timestamp=17854040971191, VA=0000800134400000-0000800134404000, binding_type=bind, object_type=VK_OBJECT_TYPE_DEVICE_MEMORY, object_handle=0x611dce2eb0e0
timestamp=17854040974047, VA=0000800134400000-0000800134403600, binding_type=bind, object_type=VK_OBJECT_TYPE_BUFFER, object_handle=0x611dce2eac50
timestamp=17854041011968, VA=0000800134440000-0000800134446000, binding_type=bind, object_type=VK_OBJECT_TYPE_DEVICE_MEMORY, object_handle=0x611dce2ebd10
timestamp=17854041014633, VA=0000800134440000-0000800134445fc0, binding_type=bind, object_type=VK_OBJECT_TYPE_BUFFER, object_handle=0x611dce2eb930
timestamp=17854041046293, VA=0000800134480000-0000800134484000, binding_type=bind, object_type=VK_OBJECT_TYPE_DEVICE_MEMORY, object_handle=0x611dce2ec790
timestamp=17854041048657, VA=0000800134480000-0000800134483600, binding_type=bind, object_type=VK_OBJECT_TYPE_BUFFER, object_handle=0x611dce2ec2e0
timestamp=17854041089424, VA=00008001344c0000-00008001344ca000, binding_type=bind, object_type=VK_OBJECT_TYPE_DEVICE_MEMORY, object_handle=0x611dce2dc410
timestamp=17854041091738, VA=00008001344c0000-00008001344c9920, binding_type=bind, object_type=VK_OBJECT_TYPE_BUFFER, object_handle=0x611dce2dbf80
timestamp=17854041127936, VA=0000800134500000-0000800134501000, binding_type=bind, object_type=VK_OBJECT_TYPE_DEVICE_MEMORY, object_handle=0x611dce2dcf10
timestamp=17854041129900, VA=0000800134500000-00008001345006c0, binding_type=bind, object_type=VK_OBJECT_TYPE_BUFFER, object_handle=0x611dce2dca30
timestamp=17854041159035, VA=0000800134540000-0000800134542000, binding_type=bind, object_type=VK_OBJECT_TYPE_DEVICE_MEMORY, object_handle=0x611dce2dd990
timestamp=17854041161720, VA=0000800134540000-00008001345416b0, binding_type=bind, object_type=VK_OBJECT_TYPE_BUFFER, object_handle=0x611dce2dd4e0
timestamp=17854041190214, VA=0000800134580000-0000800134581000, binding_type=bind, object_type=VK_OBJECT_TYPE_DEVICE_MEMORY, object_handle=0x611dccaa5a30
timestamp=17854041192728, VA=0000800134580000-00008001345806c0, binding_type=bind, object_type=VK_OBJECT_TYPE_BUFFER, object_handle=0x611dce2de130
timestamp=17854041221483, VA=00008001345c0000-00008001345c3000, binding_type=bind, object_type=VK_OBJECT_TYPE_DEVICE_MEMORY, object_handle=0x611dccaa6650
timestamp=17854041223987, VA=00008001345c0000-00008001345c2440, binding_type=bind, object_type=VK_OBJECT_TYPE_BUFFER, object_handle=0x611dccaa61c0
timestamp=17854041287657, VA=0000800134600000-0000800134607000, binding_type=bind, object_type=VK_OBJECT_TYPE_DEVICE_MEMORY, object_handle=0x611dccaa72d0
timestamp=17854041290242, VA=0000800134600000-0000800134606c00, binding_type=bind, object_type=VK_OBJECT_TYPE_BUFFER, object_handle=0x611dccaa6df0
timestamp=17854041322102, VA=0000800134640000-000080013464c000, binding_type=bind, object_type=VK_OBJECT_TYPE_DEVICE_MEMORY, object_handle=0x611dccaa7d50
timestamp=17854041324206, VA=0000800134640000-000080013464bba0, binding_type=bind, object_type=VK_OBJECT_TYPE_BUFFER, object_handle=0x611dccaa78a0
timestamp=17854041372727, VA=0000800134680000-0000800134687000, binding_type=bind, object_type=VK_OBJECT_TYPE_DEVICE_MEMORY, object_handle=0x611dcd1f9f60
timestamp=17854041375092, VA=0000800134680000-0000800134686c00, binding_type=bind, object_type=VK_OBJECT_TYPE_BUFFER, object_handle=0x611dccaa8370
timestamp=17854041408906, VA=00008001346c0000-00008001346d3000, binding_type=bind, object_type=VK_OBJECT_TYPE_DEVICE_MEMORY, object_handle=0x611dcd1fa9e0
timestamp=17854041411210, VA=00008001346c0000-00008001346d2c20, binding_type=bind, object_type=VK_OBJECT_TYPE_BUFFER, object_handle=0x611dcd1fa560
timestamp=17854041459290, VA=0000800134700000-0000800134701000, binding_type=bind, object_type=VK_OBJECT_TYPE_DEVICE_MEMORY, object_handle=0x611dcd1fb4e0
timestamp=17854041461515, VA=0000800134700000-0000800134700900, binding_type=bind, object_type=VK_OBJECT_TYPE_BUFFER, object_handle=0x611dcd1fb030
timestamp=17854041493946, VA=0000800134740000-0000800134742000, binding_type=bind, object_type=VK_OBJECT_TYPE_DEVICE_MEMORY, object_handle=0x611dcd1fbf90
timestamp=17854041496390, VA=0000800134740000-0000800134741e30, binding_type=bind, object_type=VK_OBJECT_TYPE_BUFFER, object_handle=0x611dcd1fbae0
timestamp=17854041526086, VA=0000800134780000-0000800134781000, binding_type=bind, object_type=VK_OBJECT_TYPE_DEVICE_MEMORY, object_handle=0x611dcca78f80
timestamp=17854041528431, VA=0000800134780000-0000800134780900, binding_type=bind, object_type=VK_OBJECT_TYPE_BUFFER, object_handle=0x611dcd1fc590
timestamp=17854041555351, VA=00008001347c0000-00008001347c4000, binding_type=bind, object_type=VK_OBJECT_TYPE_DEVICE_MEMORY, object_handle=0x611dcca79960
timestamp=17854041557546, VA=00008001347c0000-00008001347c3040, binding_type=bind, object_type=VK_OBJECT_TYPE_BUFFER, object_handle=0x611dcca794d0
timestamp=17854041638428, VA=0000800134800000-000080013480e000, binding_type=bind, object_type=VK_OBJECT_TYPE_DEVICE_MEMORY, object_handle=0x611dcd391320
timestamp=17854041640792, VA=0000800134800000-000080013480d800, binding_type=bind, object_type=VK_OBJECT_TYPE_BUFFER, object_handle=0x611dce2de360
timestamp=17854041682651, VA=0000800134840000-0000800134858000, binding_type=bind, object_type=VK_OBJECT_TYPE_DEVICE_MEMORY, object_handle=0x611dcd2a5350
timestamp=17854041684835, VA=0000800134840000-0000800134857360, binding_type=bind, object_type=VK_OBJECT_TYPE_BUFFER, object_handle=0x611dcd2a4ea0
timestamp=17854041729800, VA=0000800134880000-000080013488e000, binding_type=bind, object_type=VK_OBJECT_TYPE_DEVICE_MEMORY, object_handle=0x611dcd2a5ad0
timestamp=17854041731924, VA=0000800134880000-000080013488d800, binding_type=bind, object_type=VK_OBJECT_TYPE_BUFFER, object_handle=0x611dcd2a5970
timestamp=17854041776969, VA=00008001348c0000-00008001348e6000, binding_type=bind, object_type=VK_OBJECT_TYPE_DEVICE_MEMORY, object_handle=0x611dcce87170
timestamp=17854041779243, VA=00008001348c0000-00008001348e5220, binding_type=bind, object_type=VK_OBJECT_TYPE_BUFFER, object_handle=0x611dcce86b20
timestamp=17854041863041, VA=0000800134900000-0000800134901000, binding_type=bind, object_type=VK_OBJECT_TYPE_DEVICE_MEMORY, object_handle=0x611dcca7a360
timestamp=17854041865255, VA=0000800134900000-0000800134900d80, binding_type=bind, object_type=VK_OBJECT_TYPE_BUFFER, object_handle=0x611dcca79ed0
timestamp=17854041898047, VA=0000800134940000-0000800134943000, binding_type=bind, object_type=VK_OBJECT_TYPE_DEVICE_MEMORY, object_handle=0x611dcca7ade0
timestamp=17854041900091, VA=0000800134940000-0000800134942d30, binding_type=bind, object_type=VK_OBJECT_TYPE_BUFFER, object_handle=0x611dcca7a950
timestamp=17854041929546, VA=0000800134980000-0000800134981000, binding_type=bind, object_type=VK_OBJECT_TYPE_DEVICE_MEMORY, object_handle=0x611dcca7b890
timestamp=17854041932081, VA=0000800134980000-0000800134980d80, binding_type=bind, object_type=VK_OBJECT_TYPE_BUFFER, object_handle=0x611dcca7b3e0
timestamp=17854041966646, VA=00008001349c0000-00008001349c5000, binding_type=bind, object_type=VK_OBJECT_TYPE_DEVICE_MEMORY, object_handle=0x611dce29ffa0
timestamp=17854041969051, VA=00008001349c0000-00008001349c4840, binding_type=bind, object_type=VK_OBJECT_TYPE_BUFFER, object_handle=0x611dcca19be0
timestamp=17854042030607, VA=0000800134a00000-0000800134a01000, binding_type=bind, object_type=VK_OBJECT_TYPE_DEVICE_MEMORY, object_handle=0x611dcca1b550
timestamp=17854042033171, VA=0000800134a00000-0000800134a00480, binding_type=bind, object_type=VK_OBJECT_TYPE_BUFFER, object_handle=0x611dcca1b0c0
timestamp=17854042064691, VA=0000800134a40000-0000800134a41000, binding_type=bind, object_type=VK_OBJECT_TYPE_DEVICE_MEMORY, object_handle=0x611dcca1c220
timestamp=17854042066945, VA=0000800134a40000-0000800134a40f30, binding_type=bind, object_type=VK_OBJECT_TYPE_BUFFER, object_handle=0x611dcca1bb20
timestamp=17854042102913, VA=0000800134a80000-0000800134a81000, binding_type=bind, object_type=VK_OBJECT_TYPE_DEVICE_MEMORY, object_handle=0x611dccc493a0
timestamp=17854042105047, VA=0000800134a80000-0000800134a80480, binding_type=bind, object_type=VK_OBJECT_TYPE_BUFFER, object_handle=0x611dcca7bac0
timestamp=17854042133260, VA=0000800134ac0000-0000800134ac2000, binding_type=bind, object_type=VK_OBJECT_TYPE_DEVICE_MEMORY, object_handle=0x611dccc49e20
timestamp=17854042135414, VA=0000800134ac0000-0000800134ac1840, binding_type=bind, object_type=VK_OBJECT_TYPE_BUFFER, object_handle=0x611dccc49990
timestamp=17854042178505, VA=0000800134b00000-0000800134b01000, binding_type=bind, object_type=VK_OBJECT_TYPE_DEVICE_MEMORY, object_handle=0x611dccc4a980
timestamp=17854042180890, VA=0000800134b00000-0000800134b00920, binding_type=bind, object_type=VK_OBJECT_TYPE_BUFFER, object_handle=0x611dccfc4ac0
timestamp=17854042214313, VA=0000800134b40000-0000800134b42000, binding_type=bind, object_type=VK_OBJECT_TYPE_DEVICE_MEMORY, object_handle=0x611dccc4b290
timestamp=17854042216577, VA=0000800134b40000-0000800134b41e80, binding_type=bind, object_type=VK_OBJECT_TYPE_BUFFER, object_handle=0x611dccc4aed0
timestamp=17854042246143, VA=0000800134b80000-0000800134b81000, binding_type=bind, object_type=VK_OBJECT_TYPE_DEVICE_MEMORY, object_handle=0x611dccc4bd20
timestamp=17854042248768, VA=0000800134b80000-0000800134b80920, binding_type=bind, object_type=VK_OBJECT_TYPE_BUFFER, object_handle=0x611dccc4b890
timestamp=17854042276800, VA=0000800134bc0000-0000800134bc4000, binding_type=bind, object_type=VK_OBJECT_TYPE_DEVICE_MEMORY, object_handle=0x611dcd120ed0
timestamp=17854042279024, VA=0000800134bc0000-0000800134bc30c0, binding_type=bind, object_type=VK_OBJECT_TYPE_BUFFER, object_handle=0x611dcd120a20
timestamp=17854042319170, VA=0000800134c00000-0000800134c01000, binding_type=bind, object_type=VK_OBJECT_TYPE_DEVICE_MEMORY, object_handle=0x611dce29f490
timestamp=17854042321665, VA=0000800134c00000-0000800134c00d80, binding_type=bind, object_type=VK_OBJECT_TYPE_BUFFER, object_handle=0x611dcd1214d0
timestamp=17854042354016, VA=0000800134c40000-0000800134c42000, binding_type=bind, object_type=VK_OBJECT_TYPE_DEVICE_MEMORY, object_handle=0x611dcd122d00
timestamp=17854042356611, VA=0000800134c40000-0000800134c41e50, binding_type=bind, object_type=VK_OBJECT_TYPE_BUFFER, object_handle=0x611dcd1228f0
timestamp=17854042392989, VA=0000800134c80000-0000800134c81000, binding_type=bind, object_type=VK_OBJECT_TYPE_DEVICE_MEMORY, object_handle=0x611dccc6bb60
timestamp=17854042395163, VA=0000800134c80000-0000800134c80d80, binding_type=bind, object_type=VK_OBJECT_TYPE_BUFFER, object_handle=0x611dcd123350
timestamp=17854042431181, VA=0000800134cc0000-0000800134cc4000, binding_type=bind, object_type=VK_OBJECT_TYPE_DEVICE_MEMORY, object_handle=0x611dccc6c520
timestamp=17854042433495, VA=0000800134cc0000-0000800134cc3080, binding_type=bind, object_type=VK_OBJECT_TYPE_BUFFER, object_handle=0x611dccc6c090
timestamp=17854042469403, VA=0000800134d00000-0000800134d01000, binding_type=bind, object_type=VK_OBJECT_TYPE_DEVICE_MEMORY, object_handle=0x611dccc6cfa0
timestamp=17854042471828, VA=0000800134d00000-0000800134d00950, binding_type=bind, object_type=VK_OBJECT_TYPE_BUFFER, object_handle=0x611dccc6cb10
timestamp=17854042501995, VA=0000800134d40000-0000800134d42000, binding_type=bind, object_type=VK_OBJECT_TYPE_DEVICE_MEMORY, object_handle=0x611dccc6dc70
timestamp=17854042504108, VA=0000800134d40000-0000800134d41f20, binding_type=bind, object_type=VK_OBJECT_TYPE_BUFFER, object_handle=0x611dccc6d5a0
timestamp=17854042533804, VA=0000800134d80000-0000800134d81000, binding_type=bind, object_type=VK_OBJECT_TYPE_DEVICE_MEMORY, object_handle=0x611dccc6e650
timestamp=17854042536289, VA=0000800134d80000-0000800134d80950, binding_type=bind, object_type=VK_OBJECT_TYPE_BUFFER, object_handle=0x611dccc6e1c0
timestamp=17854042563991, VA=0000800134dc0000-0000800134dc4000, binding_type=bind, object_type=VK_OBJECT_TYPE_DEVICE_MEMORY, object_handle=0x611dccae5120
timestamp=17854042566296, VA=0000800134dc0000-0000800134dc31c0, binding_type=bind, object_type=VK_OBJECT_TYPE_BUFFER, object_handle=0x611dccae4a40
timestamp=17854042608295, VA=0000800134e00000-0000800134e02000, binding_type=bind, object_type=VK_OBJECT_TYPE_DEVICE_MEMORY, object_handle=0x611dccae5ce0
timestamp=17854042610559, VA=0000800134e00000-0000800134e01b00, binding_type=bind, object_type=VK_OBJECT_TYPE_BUFFER, object_handle=0x611dccae5600
timestamp=17854042648300, VA=0000800134e40000-0000800134e44000, binding_type=bind, object_type=VK_OBJECT_TYPE_DEVICE_MEMORY, object_handle=0x611dccae66a0
timestamp=17854042650695, VA=0000800134e40000-0000800134e43510, binding_type=bind, object_type=VK_OBJECT_TYPE_BUFFER, object_handle=0x611dccae6210
timestamp=17854042682314, VA=0000800134e80000-0000800134e82000, binding_type=bind, object_type=VK_OBJECT_TYPE_DEVICE_MEMORY, object_handle=0x611dccae7190
timestamp=17854042684969, VA=0000800134e80000-0000800134e81b00, binding_type=bind, object_type=VK_OBJECT_TYPE_BUFFER, object_handle=0x611dccae6cb0
timestamp=17854042728361, VA=0000800134ec0000-0000800134ec6000, binding_type=bind, object_type=VK_OBJECT_TYPE_DEVICE_MEMORY, object_handle=0x611dcd31c920
timestamp=17854042730585, VA=0000800134ec0000-0000800134ec54e0, binding_type=bind, object_type=VK_OBJECT_TYPE_BUFFER, object_handle=0x611dccae7760
timestamp=17854042767825, VA=0000800134f00000-0000800134f01000, binding_type=bind, object_type=VK_OBJECT_TYPE_DEVICE_MEMORY, object_handle=0x611dcd31d420
timestamp=17854042770039, VA=0000800134f00000-0000800134f00990, binding_type=bind, object_type=VK_OBJECT_TYPE_BUFFER, object_handle=0x611dcd31cf70
timestamp=17854042813732, VA=0000800134f40000-0000800134f43000, binding_type=bind, object_type=VK_OBJECT_TYPE_DEVICE_MEMORY, object_handle=0x611dccd84060
timestamp=17854042816677, VA=0000800134f40000-0000800134f42010, binding_type=bind, object_type=VK_OBJECT_TYPE_BUFFER, object_handle=0x611dcd31da20
timestamp=17854042847626, VA=0000800134f80000-0000800134f81000, binding_type=bind, object_type=VK_OBJECT_TYPE_DEVICE_MEMORY, object_handle=0x611dce29d0d0
timestamp=17854042849940, VA=0000800134f80000-0000800134f80990, binding_type=bind, object_type=VK_OBJECT_TYPE_BUFFER, object_handle=0x611dcd31e4a0
timestamp=17854042877913, VA=0000800134fc0000-0000800134fc4000, binding_type=bind, object_type=VK_OBJECT_TYPE_DEVICE_MEMORY, object_handle=0x611dcd155510
timestamp=17854042880397, VA=0000800134fc0000-0000800134fc3340, binding_type=bind, object_type=VK_OBJECT_TYPE_BUFFER, object_handle=0x611dce29d5d0
timestamp=17854042931794, VA=0000800135000000-0000800135004000, binding_type=bind, object_type=VK_OBJECT_TYPE_DEVICE_MEMORY, object_handle=0x611dcd156100
timestamp=17854042934459, VA=0000800135000000-0000800135003600, binding_type=bind, object_type=VK_OBJECT_TYPE_BUFFER, object_handle=0x611dcd155d20
timestamp=17854042968113, VA=0000800135040000-0000800135047000, binding_type=bind, object_type=VK_OBJECT_TYPE_DEVICE_MEMORY, object_handle=0x611dcd1570a0
timestamp=17854042970287, VA=0000800135040000-0000800135046290, binding_type=bind, object_type=VK_OBJECT_TYPE_BUFFER, object_handle=0x611dcd156970
timestamp=17854043015672, VA=0000800135080000-0000800135084000, binding_type=bind, object_type=VK_OBJECT_TYPE_DEVICE_MEMORY, object_handle=0x611dcd157990
timestamp=17854043018147, VA=0000800135080000-0000800135083600, binding_type=bind, object_type=VK_OBJECT_TYPE_BUFFER, object_handle=0x611dcd1575d0
timestamp=17854043055758, VA=00008001350c0000-00008001350ca000, binding_type=bind, object_type=VK_OBJECT_TYPE_DEVICE_MEMORY, object_handle=0x611dcd5bfa90
timestamp=17854043059304, VA=00008001350c0000-00008001350c9da0, binding_type=bind, object_type=VK_OBJECT_TYPE_BUFFER, object_handle=0x611dcd157fb0
timestamp=17854043106543, VA=0000800135100000-0000800135101000, binding_type=bind, object_type=VK_OBJECT_TYPE_DEVICE_MEMORY, object_handle=0x611dccc4bf50
timestamp=17854043108898, VA=0000800135100000-0000800135100a20, binding_type=bind, object_type=VK_OBJECT_TYPE_BUFFER, object_handle=0x611dce2a3020
timestamp=17854043139726, VA=0000800135140000-0000800135143000, binding_type=bind, object_type=VK_OBJECT_TYPE_DEVICE_MEMORY, object_handle=0x611dcd5c19a0
timestamp=17854043143082, VA=0000800135140000-00008001351421f0, binding_type=bind, object_type=VK_OBJECT_TYPE_BUFFER, object_handle=0x611dcd5c12a0
timestamp=17854043173329, VA=0000800135180000-0000800135181000, binding_type=bind, object_type=VK_OBJECT_TYPE_DEVICE_MEMORY, object_handle=0x611dcd5c26d0
timestamp=17854043175683, VA=0000800135180000-0000800135180a20, binding_type=bind, object_type=VK_OBJECT_TYPE_BUFFER, object_handle=0x611dcd5c21f0
timestamp=17854043208946, VA=00008001351c0000-00008001351c4000, binding_type=bind, object_type=VK_OBJECT_TYPE_DEVICE_MEMORY, object_handle=0x611dce333920
timestamp=17854043211291, VA=00008001351c0000-00008001351c3640, binding_type=bind, object_type=VK_OBJECT_TYPE_BUFFER, object_handle=0x611dce333240
timestamp=17854043281954, VA=0000800135200000-0000800135207000, binding_type=bind, object_type=VK_OBJECT_TYPE_DEVICE_MEMORY, object_handle=0x611dce29e460
timestamp=17854043284879, VA=0000800135200000-0000800135206c00, binding_type=bind, object_type=VK_OBJECT_TYPE_BUFFER, object_handle=0x611dce333e50
timestamp=17854043324193, VA=0000800135240000-000080013524c000, binding_type=bind, object_type=VK_OBJECT_TYPE_DEVICE_MEMORY, object_handle=0x611dce335bf0
timestamp=17854043326478, VA=0000800135240000-000080013524bd80, binding_type=bind, object_type=VK_OBJECT_TYPE_BUFFER, object_handle=0x611dce29e750
timestamp=17854043362946, VA=0000800135280000-0000800135287000, binding_type=bind, object_type=VK_OBJECT_TYPE_DEVICE_MEMORY, object_handle=0x611dcd5c2b10
timestamp=17854043365090, VA=0000800135280000-0000800135286c00, binding_type=bind, object_type=VK_OBJECT_TYPE_BUFFER, object_handle=0x611dce336110
timestamp=17854043404244, VA=00008001352c0000-00008001352d3000, binding_type=bind, object_type=VK_OBJECT_TYPE_DEVICE_MEMORY, object_handle=0x611dcca67bf0
timestamp=17854043406578, VA=00008001352c0000-00008001352d2f20, binding_type=bind, object_type=VK_OBJECT_TYPE_BUFFER, object_handle=0x611dcca67520
timestamp=17854043456242, VA=0000800135300000-0000800135301000, binding_type=bind, object_type=VK_OBJECT_TYPE_DEVICE_MEMORY, object_handle=0x611dcca68610
timestamp=17854043458456, VA=0000800135300000-0000800135300b40, binding_type=bind, object_type=VK_OBJECT_TYPE_BUFFER, object_handle=0x611dcca68160
timestamp=17854043494985, VA=0000800135340000-0000800135343000, binding_type=bind, object_type=VK_OBJECT_TYPE_DEVICE_MEMORY, object_handle=0x611dcca690a0
timestamp=17854043497419, VA=0000800135340000-00008001353425b0, binding_type=bind, object_type=VK_OBJECT_TYPE_BUFFER, object_handle=0x611dcca68c10
timestamp=17854043526905, VA=0000800135380000-0000800135381000, binding_type=bind, object_type=VK_OBJECT_TYPE_DEVICE_MEMORY, object_handle=0x611dcca69b50
timestamp=17854043529019, VA=0000800135380000-0000800135380b40, binding_type=bind, object_type=VK_OBJECT_TYPE_BUFFER, object_handle=0x611dcca696a0
timestamp=17854043558254, VA=00008001353c0000-00008001353c4000, binding_type=bind, object_type=VK_OBJECT_TYPE_DEVICE_MEMORY, object_handle=0x611dcd5782f0
timestamp=17854043560438, VA=00008001353c0000-00008001353c3c40, binding_type=bind, object_type=VK_OBJECT_TYPE_BUFFER, object_handle=0x611dcca6a170
timestamp=17854043632474, VA=0000800135400000-000080013540e000, binding_type=bind, object_type=VK_OBJECT_TYPE_DEVICE_MEMORY, object_handle=0x611dcd578da0
timestamp=17854043635239, VA=0000800135400000-000080013540d800, binding_type=bind, object_type=VK_OBJECT_TYPE_BUFFER, object_handle=0x611dcd578840
timestamp=17854043703498, VA=0000800135440000-0000800135458000, binding_type=bind, object_type=VK_OBJECT_TYPE_DEVICE_MEMORY, object_handle=0x611dcd5799d0
timestamp=17854043705752, VA=0000800135440000-0000800135457360, binding_type=bind, object_type=VK_OBJECT_TYPE_BUFFER, object_handle=0x611dcd5795f0
timestamp=17854043755335, VA=0000800135480000-000080013548e000, binding_type=bind, object_type=VK_OBJECT_TYPE_DEVICE_MEMORY, object_handle=0x611dcd57a5b0
timestamp=17854043757489, VA=0000800135480000-000080013548d800, binding_type=bind, object_type=VK_OBJECT_TYPE_BUFFER, object_handle=0x611dcd579ed0
timestamp=17854043795681, VA=00008001354c0000-00008001354e6000, binding_type=bind, object_type=VK_OBJECT_TYPE_DEVICE_MEMORY, object_handle=0x611dcd57b1e0
timestamp=17854043797765, VA=00008001354c0000-00008001354e5220, binding_type=bind, object_type=VK_OBJECT_TYPE_BUFFER, object_handle=0x611dcd57ab00
timestamp=17854043856205, VA=0000800135500000-0000800135501000, binding_type=bind, object_type=VK_OBJECT_TYPE_DEVICE_MEMORY, object_handle=0x611dcd11cf20
timestamp=17854043858500, VA=0000800135500000-0000800135500d80, binding_type=bind, object_type=VK_OBJECT_TYPE_BUFFER, object_handle=0x611dcd11ca90
timestamp=17854043890650, VA=0000800135540000-0000800135543000, binding_type=bind, object_type=VK_OBJECT_TYPE_DEVICE_MEMORY, object_handle=0x611dcd11d960
timestamp=17854043892844, VA=0000800135540000-0000800135542d30, binding_type=bind, object_type=VK_OBJECT_TYPE_BUFFER, object_handle=0x611dcd11d4e0
timestamp=17854043930185, VA=0000800135580000-0000800135581000, binding_type=bind, object_type=VK_OBJECT_TYPE_DEVICE_MEMORY, object_handle=0x611dcd11e660
timestamp=17854043932519, VA=0000800135580000-0000800135580d80, binding_type=bind, object_type=VK_OBJECT_TYPE_BUFFER, object_handle=0x611dcd11df60
timestamp=17854043968046, VA=00008001355c0000-00008001355c5000, binding_type=bind, object_type=VK_OBJECT_TYPE_DEVICE_MEMORY, object_handle=0x611dcd11f020
timestamp=17854043971122, VA=00008001355c0000-00008001355c4840, binding_type=bind, object_type=VK_OBJECT_TYPE_BUFFER, object_handle=0x611dcd11eb90
timestamp=17854044121204, VA=0000800135600000-000080013561b000, binding_type=bind, object_type=VK_OBJECT_TYPE_DEVICE_MEMORY, object_handle=0x611dcd2ed0f0
timestamp=17854044125502, VA=0000800135600000-000080013561b000, binding_type=bind, object_type=VK_OBJECT_TYPE_BUFFER, object_handle=0x611dcd2ec9f0
timestamp=17854044184514, VA=0000800135640000-000080013566e000, binding_type=bind, object_type=VK_OBJECT_TYPE_DEVICE_MEMORY, object_handle=0x611dcd247170
timestamp=17854044187960, VA=0000800135640000-000080013566df20, binding_type=bind, object_type=VK_OBJECT_TYPE_BUFFER, object_handle=0x611dcd246a90
timestamp=17854044294561, VA=0000800135680000-000080013569b000, binding_type=bind, object_type=VK_OBJECT_TYPE_DEVICE_MEMORY, object_handle=0x611dcd11ff50
timestamp=17854044296805, VA=0000800135680000-000080013569b000, binding_type=bind, object_type=VK_OBJECT_TYPE_BUFFER, object_handle=0x611dcd11fac0
timestamp=17854044337502, VA=00008001356c0000-000080013570a000, binding_type=bind, object_type=VK_OBJECT_TYPE_DEVICE_MEMORY, object_handle=0x611dcd1e24c0
timestamp=17854044342832, VA=00008001356c0000-0000800135709820, binding_type=bind, object_type=VK_OBJECT_TYPE_BUFFER, object_handle=0x611dcd1e20e0
timestamp=17854044421590, VA=0000800135740000-0000800135742000, binding_type=bind, object_type=VK_OBJECT_TYPE_DEVICE_MEMORY, object_handle=0x611dcd1e4870
timestamp=17854044424195, VA=0000800135740000-0000800135741200, binding_type=bind, object_type=VK_OBJECT_TYPE_BUFFER, object_handle=0x611dce29c960
timestamp=17854044453380, VA=0000800135780000-0000800135784000, binding_type=bind, object_type=VK_OBJECT_TYPE_DEVICE_MEMORY, object_handle=0x611dcd1e4fd0
timestamp=17854044455554, VA=0000800135780000-0000800135783c30, binding_type=bind, object_type=VK_OBJECT_TYPE_BUFFER, object_handle=0x611dcd1e4e90
timestamp=17854044484118, VA=00008001357c0000-00008001357c2000, binding_type=bind, object_type=VK_OBJECT_TYPE_DEVICE_MEMORY, object_handle=0x611dcd326490
timestamp=17854044486843, VA=00008001357c0000-00008001357c1200, binding_type=bind, object_type=VK_OBJECT_TYPE_BUFFER, object_handle=0x611dce29b050
timestamp=17854044524835, VA=0000800135800000-0000800135807000, binding_type=bind, object_type=VK_OBJECT_TYPE_DEVICE_MEMORY, object_handle=0x611dcd3270b0
timestamp=17854044527550, VA=0000800135800000-0000800135806040, binding_type=bind, object_type=VK_OBJECT_TYPE_BUFFER, object_handle=0x611dcd3269e0
timestamp=17854044571933, VA=0000800135840000-0000800135854000, binding_type=bind, object_type=VK_OBJECT_TYPE_DEVICE_MEMORY, object_handle=0x611dcd327ad0
timestamp=17854044574558, VA=0000800135840000-0000800135854000, binding_type=bind, object_type=VK_OBJECT_TYPE_BUFFER, object_handle=0x611dcd327620
timestamp=17854044600557, VA=0000800135880000-0000800135883000, binding_type=bind, object_type=VK_OBJECT_TYPE_DEVICE_MEMORY, object_handle=0x611dcd328760
timestamp=17854044603092, VA=0000800135880000-0000800135883000, binding_type=bind, object_type=VK_OBJECT_TYPE_BUFFER, object_handle=0x611dcd328060
timestamp=17854044625234, VA=00008001358c0000-00008001358c1000, binding_type=bind, object_type=VK_OBJECT_TYPE_DEVICE_MEMORY, object_handle=0x611dcd3290e0
timestamp=17854044628861, VA=00008001358c0000-00008001358c0050, binding_type=bind, object_type=VK_OBJECT_TYPE_BUFFER, object_handle=0x611dcd328c50
timestamp=17854044667914, VA=0000800135900000-0000800135901000, binding_type=bind, object_type=VK_OBJECT_TYPE_DEVICE_MEMORY, object_handle=0x611dcd329590
timestamp=17854044669908, VA=0000800135900000-00008001359001b0, binding_type=bind, object_type=VK_OBJECT_TYPE_BUFFER, object_handle=0x611dce29daa0
timestamp=17854044756491, VA=0000800135940000-0000800135941000, binding_type=bind, object_type=VK_OBJECT_TYPE_DEVICE_MEMORY, object_handle=0x611dce29b9d0
timestamp=17854044762993, VA=0000800135940000-00008001359401b0, binding_type=bind, object_type=VK_OBJECT_TYPE_BUFFER, object_handle=0x611dcd329b20
timestamp=17854044803379, VA=0000800135980000-0000800135981000, binding_type=bind, object_type=VK_OBJECT_TYPE_DEVICE_MEMORY, object_handle=0x611dce2bba20
timestamp=17854044807327, VA=0000800135980000-0000800135980100, binding_type=bind, object_type=VK_OBJECT_TYPE_BUFFER, object_handle=0x611dce29bba0
timestamp=17854044827314, VA=00008001359c0000-00008001359c1000, binding_type=bind, object_type=VK_OBJECT_TYPE_DEVICE_MEMORY, object_handle=0x611dce35e730
timestamp=17854044830801, VA=00008001359c0000-00008001359c0050, binding_type=bind, object_type=VK_OBJECT_TYPE_BUFFER, object_handle=0x611dce2bc170
timestamp=17854044870656, VA=0000800135a00000-0000800135a03000, binding_type=bind, object_type=VK_OBJECT_TYPE_DEVICE_MEMORY, object_handle=0x611dce2cfff0
timestamp=17854044872510, VA=0000800135a00000-0000800135a03000, binding_type=bind, object_type=VK_OBJECT_TYPE_BUFFER, object_handle=0x611dccaae7b0
timestamp=17854044906534, VA=0000800135a40000-0000800135a46000, binding_type=bind, object_type=VK_OBJECT_TYPE_DEVICE_MEMORY, object_handle=0x611dccab7000
timestamp=17854044908568, VA=0000800135a40000-0000800135a45520, binding_type=bind, object_type=VK_OBJECT_TYPE_BUFFER, object_handle=0x611dce2d04e0
timestamp=17854044985082, VA=0000800135a80000-0000800135be0000, binding_type=bind, object_type=VK_OBJECT_TYPE_DEVICE_MEMORY, object_handle=0x611dcd6646c0
timestamp=17854044991975, VA=0000800135a80000-0000800135be0000, binding_type=bind, object_type=VK_OBJECT_TYPE_IMAGE, object_handle=0x611dcd663c90
timestamp=17854045076283, VA=0000800135c00000-0000800135d60000, binding_type=bind, object_type=VK_OBJECT_TYPE_DEVICE_MEMORY, object_handle=0x611dce34c860
timestamp=17854045078628, VA=0000800135c00000-0000800135d60000, binding_type=bind, object_type=VK_OBJECT_TYPE_IMAGE, object_handle=0x611dcd664c30
timestamp=17854045194566, VA=0000800135e00000-0000800137480000, binding_type=bind, object_type=VK_OBJECT_TYPE_DEVICE_MEMORY, object_handle=0x611dce34e890
timestamp=17854045199095, VA=0000800135e00000-0000800137480000, binding_type=bind, object_type=VK_OBJECT_TYPE_IMAGE, object_handle=0x611dcd145d90
timestamp=17854045574332, VA=000080013d200000-000080013e880000, binding_type=bind, object_type=VK_OBJECT_TYPE_DEVICE_MEMORY, object_handle=0x611dce2c12e0
timestamp=17854045579792, VA=000080013d200000-000080013e880000, binding_type=bind, object_type=VK_OBJECT_TYPE_IMAGE, object_handle=0x611dcd147de0
timestamp=17854045849129, VA=0000800135d80000-0000800135d81000, binding_type=bind, object_type=VK_OBJECT_TYPE_DEVICE_MEMORY, object_handle=0x611dcd5f7630
timestamp=17854045852365, VA=0000800135d80000-0000800135d80060, binding_type=bind, object_type=VK_OBJECT_TYPE_BUFFER, object_handle=0x611dcce56480
timestamp=17854045876801, VA=0000800135dc0000-0000800135dc1000, binding_type=bind, object_type=VK_OBJECT_TYPE_DEVICE_MEMORY, object_handle=0x611dcd5f8180
timestamp=17854045878515, VA=0000800135dc0000-0000800135dc01e0, binding_type=bind, object_type=VK_OBJECT_TYPE_BUFFER, object_handle=0x611dcd5f7d70
timestamp=17854053393159, VA=0000800137480000-000080013748a000, binding_type=bind, object_type=VK_OBJECT_TYPE_DEVICE_MEMORY, object_handle=0x7f25e00165f0
timestamp=17854053405933, VA=0000800137480000-0000800137489fc0, binding_type=bind, object_type=VK_OBJECT_TYPE_BUFFER, object_handle=0x7f25e0016010
timestamp=17854053479422, VA=00008001374c0000-00008001374d2000, binding_type=bind, object_type=VK_OBJECT_TYPE_DEVICE_MEMORY, object_handle=0x7f25e0019710
timestamp=17854053481936, VA=00008001374c0000-00008001374d15c0, binding_type=bind, object_type=VK_OBJECT_TYPE_BUFFER, object_handle=0x7f25e0016950
timestamp=17854083363131, VA=000080011d281800-000080011d282800, binding_type=bind, object_type=VK_OBJECT_TYPE_BUFFER, object_handle=0x7f25e002ba20
timestamp=17854083365555, VA=000080011d282800-000080011d2828d0, binding_type=bind, object_type=VK_OBJECT_TYPE_BUFFER, object_handle=0x7f25e026c890
timestamp=17854083370795, VA=0000800139000000-0000800139001000, binding_type=bind, object_type=VK_OBJECT_TYPE_BUFFER, object_handle=0x7f25e0014b50
timestamp=17854083506511, VA=000080000005e000-0000800000072000, binding_type=bind, object_type=VK_OBJECT_TYPE_DESCRIPTOR_POOL, object_handle=0x7f25e0033680
timestamp=17854088869693, VA=000080011d2828d0-000080011d2828e0, binding_type=bind, object_type=VK_OBJECT_TYPE_BUFFER, object_handle=0x7f25e00907c0
timestamp=17854094808018, VA=000080011d2828e0-000080011d2828f0, binding_type=bind, object_type=VK_OBJECT_TYPE_BUFFER, object_handle=0x7f25e0031c40
timestamp=17854100403468, VA=000080011d2828f0-000080011d282900, binding_type=bind, object_type=VK_OBJECT_TYPE_BUFFER, object_handle=0x7f25e01fd7b0
timestamp=17854128938807, VA=000080011d282900-000080011d2829d0, binding_type=bind, object_type=VK_OBJECT_TYPE_BUFFER, object_handle=0x7f25e01527c0
timestamp=17854129560077, VA=000080013ea00000-0000800140a00000, binding_type=bind, object_type=VK_OBJECT_TYPE_DEVICE_MEMORY, object_handle=0x7f25e00042d0
timestamp=17854129576628, VA=000080013ea00000-0000800140a00000, binding_type=bind, object_type=VK_OBJECT_TYPE_IMAGE, object_handle=0x7f25e0085820
timestamp=17854134777084, VA=0000800137500000-0000800137508000, binding_type=bind, object_type=VK_OBJECT_TYPE_DEVICE_MEMORY, object_handle=0x7f25e0160290
timestamp=17854134790008, VA=0000800137500000-0000800137508000, binding_type=bind, object_type=VK_OBJECT_TYPE_IMAGE, object_handle=0x7f25e0147540
timestamp=17854135194811, VA=0000800137540000-0000800137548000, binding_type=bind, object_type=VK_OBJECT_TYPE_DEVICE_MEMORY, object_handle=0x7f25e017f5d0
timestamp=17854135201183, VA=0000800137540000-0000800137548000, binding_type=bind, object_type=VK_OBJECT_TYPE_IMAGE, object_handle=0x7f25e02f6da0
timestamp=17854135512529, VA=0000800137580000-0000800137588000, binding_type=bind, object_type=VK_OBJECT_TYPE_DEVICE_MEMORY, object_handle=0x7f25e0156ae0
timestamp=17854135518430, VA=0000800137580000-0000800137588000, binding_type=bind, object_type=VK_OBJECT_TYPE_IMAGE, object_handle=0x7f25e0168e00
timestamp=17854135901943, VA=0000800000072000-0000800000076000, binding_type=bind, object_type=VK_OBJECT_TYPE_COMMAND_BUFFER, object_handle=0x611dcdb3adc0
timestamp=17854135932761, VA=000080011d2829d0-000080011d2839d0, binding_type=bind, object_type=VK_OBJECT_TYPE_BUFFER, object_handle=0x7f25e0033450
timestamp=17854135936117, VA=0000800139001000-0000800139002000, binding_type=bind, object_type=VK_OBJECT_TYPE_BUFFER, object_handle=0x7f25e008e050
timestamp=17854135939393, VA=000080011d2839d0-000080011d2849d0, binding_type=bind, object_type=VK_OBJECT_TYPE_BUFFER, object_handle=0x7f25e01fd390
timestamp=17854139824702, VA=0000800000076000-000080000007a000, binding_type=bind, object_type=VK_OBJECT_TYPE_COMMAND_BUFFER, object_handle=0x611dcdb40c90
timestamp=17854140195811, VA=000080000007a000-000080000007e000, binding_type=bind, object_type=VK_OBJECT_TYPE_COMMAND_BUFFER, object_handle=0x611dcbe71370
timestamp=17854142683707, VA=00008000000ca000-00008000000ce000, binding_type=bind, object_type=VK_OBJECT_TYPE_COMMAND_BUFFER, object_handle=0x611dcdb46b60
timestamp=17854142890887, VA=00008000000ce000-00008000000d2000, binding_type=bind, object_type=VK_OBJECT_TYPE_COMMAND_BUFFER, object_handle=0x611dcdb4ca30
timestamp=17854142981428, VA=00008000000d2000-00008000000d6000, binding_type=bind, object_type=VK_OBJECT_TYPE_COMMAND_BUFFER, object_handle=0x611dcdb52900
timestamp=17854143738774, VA=00008000000d6000-00008000000da000, binding_type=bind, object_type=VK_OBJECT_TYPE_COMMAND_BUFFER, object_handle=0x611dcbe76ef0
timestamp=17854169486603, VA=000080011d2849d0-000080011d2859d0, binding_type=bind, object_type=VK_OBJECT_TYPE_BUFFER, object_handle=0x7f25e01e1260
timestamp=17854169489048, VA=000080011d2859d0-000080011d285a00, binding_type=bind, object_type=VK_OBJECT_TYPE_BUFFER, object_handle=0x7f25e01f59b0
timestamp=17854169493636, VA=0000800139002000-0000800139003000, binding_type=bind, object_type=VK_OBJECT_TYPE_BUFFER, object_handle=0x7f25e020cbf0
timestamp=17854169568147, VA=00008001022c8000-00008001022c8010, binding_type=bind, object_type=VK_OBJECT_TYPE_BUFFER, object_handle=0x7f25e020cc70
timestamp=17854197048378, VA=000080011d285a00-000080011d285ad0, binding_type=bind, object_type=VK_OBJECT_TYPE_BUFFER, object_handle=0x7f25e0137410
timestamp=17854202642185, VA=000080011d285ad0-000080011d285b00, binding_type=bind, object_type=VK_OBJECT_TYPE_BUFFER, object_handle=0x7f25e0064a30
timestamp=17854229636902, VA=000080011d285b00-000080011d285bd0, binding_type=bind, object_type=VK_OBJECT_TYPE_BUFFER, object_handle=0x7f25e00649b0
timestamp=17854229823243, VA=000080011d285bd0-000080011d286bd0, binding_type=bind, object_type=VK_OBJECT_TYPE_BUFFER, object_handle=0x7f25e02b59a0
timestamp=17854230203429, VA=00008001375c0000-00008001375c6000, binding_type=bind, object_type=VK_OBJECT_TYPE_DEVICE_MEMORY, object_handle=0x7f25e02b5270
timestamp=17854230214440, VA=00008001375c0000-00008001375c6000, binding_type=bind, object_type=VK_OBJECT_TYPE_IMAGE, object_handle=0x7f25e01c64c0
timestamp=17854230588986, VA=0000800137600000-0000800137606000, binding_type=bind, object_type=VK_OBJECT_TYPE_DEVICE_MEMORY, object_handle=0x7f25e0284710
timestamp=17854230594456, VA=0000800137600000-0000800137606000, binding_type=bind, object_type=VK_OBJECT_TYPE_IMAGE, object_handle=0x7f25e04eb9e0
timestamp=17854230862701, VA=0000800137640000-0000800137646000, binding_type=bind, object_type=VK_OBJECT_TYPE_DEVICE_MEMORY, object_handle=0x7f25e001ddb0
timestamp=17854230867891, VA=0000800137640000-0000800137646000, binding_type=bind, object_type=VK_OBJECT_TYPE_IMAGE, object_handle=0x7f25e02e0f30
timestamp=17854231154912, VA=00008000000da000-00008000000de000, binding_type=bind, object_type=VK_OBJECT_TYPE_COMMAND_BUFFER, object_handle=0x611dcdb587d0
timestamp=17854231176733, VA=0000800139003000-0000800139004000, binding_type=bind, object_type=VK_OBJECT_TYPE_BUFFER, object_handle=0x611dcd60f2e0
timestamp=17854231180830, VA=000080011d286bd0-000080011d287bd0, binding_type=bind, object_type=VK_OBJECT_TYPE_BUFFER, object_handle=0x7f25e022e390
timestamp=17854231200898, VA=000080011d287bd0-000080011d288bd0, binding_type=bind, object_type=VK_OBJECT_TYPE_BUFFER, object_handle=0x7f25e020cf10
timestamp=17854232475429, VA=00008000000de000-00008000000e2000, binding_type=bind, object_type=VK_OBJECT_TYPE_COMMAND_BUFFER, object_handle=0x611dcdb5e6a0
timestamp=17854232559076, VA=00008000000e2000-00008000000e6000, binding_type=bind, object_type=VK_OBJECT_TYPE_COMMAND_BUFFER, object_handle=0x611dcdb64570
timestamp=17854232617837, VA=00008000000e6000-00008000000ea000, binding_type=bind, object_type=VK_OBJECT_TYPE_COMMAND_BUFFER, object_handle=0x611dcdb6a440
timestamp=17854232786114, VA=00008000000ea000-00008000000ee000, binding_type=bind, object_type=VK_OBJECT_TYPE_COMMAND_BUFFER, object_handle=0x611dcbe7cc30
timestamp=17854232894428, VA=00008000000fa000-00008000000fe000, binding_type=bind, object_type=VK_OBJECT_TYPE_COMMAND_BUFFER, object_handle=0x611dcdb70310
timestamp=17854233018973, VA=000080000010a000-000080000010e000, binding_type=bind, object_type=VK_OBJECT_TYPE_COMMAND_BUFFER, object_handle=0x611dcdb761e0
timestamp=17854233120764, VA=000080000011e000-0000800000122000, binding_type=bind, object_type=VK_OBJECT_TYPE_COMMAND_BUFFER, object_handle=0x611dcdb7c0b0
timestamp=17854233184635, VA=0000800000136000-000080000013a000, binding_type=bind, object_type=VK_OBJECT_TYPE_COMMAND_BUFFER, object_handle=0x611dcdb81f80
timestamp=17854233274524, VA=0000800000152000-0000800000156000, binding_type=bind, object_type=VK_OBJECT_TYPE_COMMAND_BUFFER, object_handle=0x611dcdb87e50
timestamp=17854233436078, VA=0000800000172000-0000800000176000, binding_type=bind, object_type=VK_OBJECT_TYPE_COMMAND_BUFFER, object_handle=0x611dcbe82a80
timestamp=17854249100023, VA=000080011d288bd0-000080011d289bd0, binding_type=bind, object_type=VK_OBJECT_TYPE_BUFFER, object_handle=0x7f25e01fd830
timestamp=17854249107537, VA=0000800139004000-0000800139005000, binding_type=bind, object_type=VK_OBJECT_TYPE_BUFFER, object_handle=0x7f25e0335580
timestamp=17854250086000, VA=000080011d289bd0-000080011d28abd0, binding_type=bind, object_type=VK_OBJECT_TYPE_BUFFER, object_handle=0x7f25e0168610
timestamp=17854250443213, VA=0000800137680000-000080013770c000, binding_type=bind, object_type=VK_OBJECT_TYPE_DEVICE_MEMORY, object_handle=0x7f25e01cc5f0
timestamp=17854250455666, VA=0000800137680000-000080013770c000, binding_type=bind, object_type=VK_OBJECT_TYPE_IMAGE, object_handle=0x7f25e01f4740
timestamp=17854251047822, VA=0000800137740000-00008001378a0000, binding_type=bind, object_type=VK_OBJECT_TYPE_DEVICE_MEMORY, object_handle=0x7f25e02aa690
timestamp=17854251056889, VA=0000800137740000-00008001378a0000, binding_type=bind, object_type=VK_OBJECT_TYPE_IMAGE, object_handle=0x7f25e001efa0
timestamp=17854251625430, VA=0000800000196000-000080000019a000, binding_type=bind, object_type=VK_OBJECT_TYPE_COMMAND_BUFFER, object_handle=0x611dcdb8dd20
timestamp=17854251656729, VA=0000800139005000-0000800139006000, binding_type=bind, object_type=VK_OBJECT_TYPE_BUFFER, object_handle=0x7f25e02807d0
timestamp=17854251662159, VA=000080011d28abd0-000080011d28bbd0, binding_type=bind, object_type=VK_OBJECT_TYPE_BUFFER, object_handle=0x7f25e0015dd0
timestamp=17854251689180, VA=000080011d28bbd0-000080011d28cbd0, binding_type=bind, object_type=VK_OBJECT_TYPE_BUFFER, object_handle=0x7f25e01ed530
timestamp=17854253097974, VA=00008000001be000-00008000001c2000, binding_type=bind, object_type=VK_OBJECT_TYPE_COMMAND_BUFFER, object_handle=0x611dcdb93bf0
timestamp=17854253212409, VA=00008000001ea000-00008000001ee000, binding_type=bind, object_type=VK_OBJECT_TYPE_COMMAND_BUFFER, object_handle=0x611dcdb99ac0
timestamp=17854253288112, VA=000080000063c000-0000800000640000, binding_type=bind, object_type=VK_OBJECT_TYPE_COMMAND_BUFFER, object_handle=0x611dcdb9f990
timestamp=17854253399772, VA=0000800000670000-0000800000674000, binding_type=bind, object_type=VK_OBJECT_TYPE_COMMAND_BUFFER, object_handle=0x611dcdba5860
timestamp=17854253483069, VA=0000800000a72000-0000800000a76000, binding_type=bind, object_type=VK_OBJECT_TYPE_COMMAND_BUFFER, object_handle=0x611dcdbab730
timestamp=17854253710808, VA=0000800000a76000-0000800000a7a000, binding_type=bind, object_type=VK_OBJECT_TYPE_COMMAND_BUFFER, object_handle=0x611dcc958fe0
timestamp=17854253870118, VA=0000800000a7a000-0000800000a7e000, binding_type=bind, object_type=VK_OBJECT_TYPE_COMMAND_BUFFER, object_handle=0x611dcdbb1600
timestamp=17854254045849, VA=0000800000a7e000-0000800000a82000, binding_type=bind, object_type=VK_OBJECT_TYPE_COMMAND_BUFFER, object_handle=0x611dcdbb74d0
timestamp=17854254149284, VA=0000800000a82000-0000800000a86000, binding_type=bind, object_type=VK_OBJECT_TYPE_COMMAND_BUFFER, object_handle=0x611dcdbbd3a0
timestamp=17854254216190, VA=0000800000a86000-0000800000a8a000, binding_type=bind, object_type=VK_OBJECT_TYPE_COMMAND_BUFFER, object_handle=0x611dcdbc3270
timestamp=17854254310898, VA=0000800000a8a000-0000800000a8e000, binding_type=bind, object_type=VK_OBJECT_TYPE_COMMAND_BUFFER, object_handle=0x611dcdbc9140
timestamp=17854254403964, VA=0000800000a8e000-0000800000a92000, binding_type=bind, object_type=VK_OBJECT_TYPE_COMMAND_BUFFER, object_handle=0x611dcdbcf010
timestamp=17854254505525, VA=0000800000a92000-0000800000a96000, binding_type=bind, object_type=VK_OBJECT_TYPE_COMMAND_BUFFER, object_handle=0x611dcdbd4ee0
timestamp=17854255252271, VA=0000800000a96000-0000800000a9a000, binding_type=bind, object_type=VK_OBJECT_TYPE_COMMAND_BUFFER, object_handle=0x611dcc95cfa0
timestamp=17854271109911, VA=000080011d28cbd0-000080011d28dbd0, binding_type=bind, object_type=VK_OBJECT_TYPE_BUFFER, object_handle=0x7f25e0137850
timestamp=17854271120060, VA=0000800139006000-0000800139007000, binding_type=bind, object_type=VK_OBJECT_TYPE_BUFFER, object_handle=0x7f25e01fa1a0
timestamp=17854273549085, VA=000080011d28dbd0-000080011d28ebd0, binding_type=bind, object_type=VK_OBJECT_TYPE_BUFFER, object_handle=0x7f25e001d260
timestamp=17854273901489, VA=0000800000a9a000-0000800000a9e000, binding_type=bind, object_type=VK_OBJECT_TYPE_COMMAND_BUFFER, object_handle=0x611dcdbdadb0
timestamp=17854273930474, VA=0000800139007000-0000800139008000, binding_type=bind, object_type=VK_OBJECT_TYPE_BUFFER, object_handle=0x7f25e0485d50
timestamp=17854273935463, VA=000080011d28ebd0-000080011d28fbd0, binding_type=bind, object_type=VK_OBJECT_TYPE_BUFFER, object_handle=0x7f25e000e3b0
timestamp=17854273961763, VA=000080011d28fbd0-000080011d290bd0, binding_type=bind, object_type=VK_OBJECT_TYPE_BUFFER, object_handle=0x7f25e001d8a0
timestamp=17854275330080, VA=0000800000a9e000-0000800000aa2000, binding_type=bind, object_type=VK_OBJECT_TYPE_COMMAND_BUFFER, object_handle=0x611dcdbe0c80
timestamp=17854275481125, VA=0000800000aa2000-0000800000aa6000, binding_type=bind, object_type=VK_OBJECT_TYPE_COMMAND_BUFFER, object_handle=0x611dcdbe6b50
timestamp=17854275560224, VA=0000800000aa6000-0000800000aaa000, binding_type=bind, object_type=VK_OBJECT_TYPE_COMMAND_BUFFER, object_handle=0x611dcdbeca20
timestamp=17854275676102, VA=0000800000aaa000-0000800000aae000, binding_type=bind, object_type=VK_OBJECT_TYPE_COMMAND_BUFFER, object_handle=0x611dcdbf28f0
timestamp=17854275754650, VA=0000800000aae000-0000800000ab2000, binding_type=bind, object_type=VK_OBJECT_TYPE_COMMAND_BUFFER, object_handle=0x611dcdbf87c0
timestamp=17854275872181, VA=0000800000ab2000-0000800000ab6000, binding_type=bind, object_type=VK_OBJECT_TYPE_COMMAND_BUFFER, object_handle=0x611dcdbfe690
timestamp=17854275955428, VA=0000800000ab6000-0000800000aba000, binding_type=bind, object_type=VK_OBJECT_TYPE_COMMAND_BUFFER, object_handle=0x611dcdc04560
timestamp=17854276190391, VA=0000800000aba000-0000800000abe000, binding_type=bind, object_type=VK_OBJECT_TYPE_COMMAND_BUFFER, object_handle=0x611dcc962020
timestamp=17854276313643, VA=0000800000abe000-0000800000ac2000, binding_type=bind, object_type=VK_OBJECT_TYPE_COMMAND_BUFFER, object_handle=0x611dcdc0a430
timestamp=17854276448597, VA=0000800000ac2000-0000800000ac6000, binding_type=bind, object_type=VK_OBJECT_TYPE_COMMAND_BUFFER, object_handle=0x611dcdc10300
timestamp=17854276553094, VA=0000800000ac6000-0000800000aca000, binding_type=bind, object_type=VK_OBJECT_TYPE_COMMAND_BUFFER, object_handle=0x611dcdc161d0
timestamp=17854276628796, VA=0000800000aca000-0000800000ace000, binding_type=bind, object_type=VK_OBJECT_TYPE_COMMAND_BUFFER, object_handle=0x611dcdc1c0a0
timestamp=17854276741709, VA=0000800000ace000-0000800000ad2000, binding_type=bind, object_type=VK_OBJECT_TYPE_COMMAND_BUFFER, object_handle=0x611dcdc21f70
timestamp=17854276816680, VA=0000800000ad2000-0000800000ad6000, binding_type=bind, object_type=VK_OBJECT_TYPE_COMMAND_BUFFER, object_handle=0x611dcdc27e40
timestamp=17854276928140, VA=0000800000ad6000-0000800000ada000, binding_type=bind, object_type=VK_OBJECT_TYPE_COMMAND_BUFFER, object_handle=0x611dcdc2dd10
timestamp=17854277006588, VA=0000800000ada000-0000800000ade000, binding_type=bind, object_type=VK_OBJECT_TYPE_COMMAND_BUFFER, object_handle=0x611dcdc33be0
timestamp=17854277113569, VA=0000800000ade000-0000800000ae2000, binding_type=bind, object_type=VK_OBJECT_TYPE_COMMAND_BUFFER, object_handle=0x611dcdc39ab0
timestamp=17854277344955, VA=0000800000ae2000-0000800000ae6000, binding_type=bind, object_type=VK_OBJECT_TYPE_COMMAND_BUFFER, object_handle=0x611dcc967d60
timestamp=17854289696200, VA=000080011d290bd0-000080011d291bd0, binding_type=bind, object_type=VK_OBJECT_TYPE_BUFFER, object_handle=0x7f25e03c17c0
timestamp=17854289704005, VA=0000800139008000-0000800139009000, binding_type=bind, object_type=VK_OBJECT_TYPE_BUFFER, object_handle=0x7f25e024d840
timestamp=17854290736860, VA=000080011d291bd0-000080011d292bd0, binding_type=bind, object_type=VK_OBJECT_TYPE_BUFFER, object_handle=0x7f25e02a72d0
timestamp=17854291084074, VA=0000800000ae6000-0000800000aea000, binding_type=bind, object_type=VK_OBJECT_TYPE_COMMAND_BUFFER, object_handle=0x611dcdc3f980
timestamp=17854291118499, VA=0000800139009000-000080013900a000, binding_type=bind, object_type=VK_OBJECT_TYPE_BUFFER, object_handle=0x7f25e027a7b0
timestamp=17854291123248, VA=000080011d292bd0-000080011d293bd0, binding_type=bind, object_type=VK_OBJECT_TYPE_BUFFER, object_handle=0x7f25e027a730
timestamp=17854291150419, VA=000080011d293bd0-000080011d294bd0, binding_type=bind, object_type=VK_OBJECT_TYPE_BUFFER, object_handle=0x7f25e023e3b0
timestamp=17854292461038, VA=0000800000aea000-0000800000aee000, binding_type=bind, object_type=VK_OBJECT_TYPE_COMMAND_BUFFER, object_handle=0x611dcdc45850
timestamp=17854292587937, VA=0000800000aee000-0000800000af2000, binding_type=bind, object_type=VK_OBJECT_TYPE_COMMAND_BUFFER, object_handle=0x611dcdc4b720
timestamp=17854292675482, VA=0000800000af2000-0000800000af6000, binding_type=bind, object_type=VK_OBJECT_TYPE_COMMAND_BUFFER, object_handle=0x611dcdc515f0
timestamp=17854292794105, VA=0000800000af6000-0000800000afa000, binding_type=bind, object_type=VK_OBJECT_TYPE_COMMAND_BUFFER, object_handle=0x611dcdc574c0
timestamp=17854292880508, VA=0000800000afa000-0000800000afe000, binding_type=bind, object_type=VK_OBJECT_TYPE_COMMAND_BUFFER, object_handle=0x611dcdc5d390
timestamp=17854293011445, VA=0000800000afe000-0000800000b02000, binding_type=bind, object_type=VK_OBJECT_TYPE_COMMAND_BUFFER, object_handle=0x611dcdc63260
timestamp=17854293118506, VA=0000800000b02000-0000800000b06000, binding_type=bind, object_type=VK_OBJECT_TYPE_COMMAND_BUFFER, object_handle=0x611dcdc69130
timestamp=17854293242450, VA=0000800000b06000-0000800000b0a000, binding_type=bind, object_type=VK_OBJECT_TYPE_COMMAND_BUFFER, object_handle=0x611dcdc6f000
timestamp=17854293324815, VA=0000800000b0a000-0000800000b0e000, binding_type=bind, object_type=VK_OBJECT_TYPE_COMMAND_BUFFER, object_handle=0x611dcdc74ed0
timestamp=17854293541764, VA=0000800000b0e000-0000800000b12000, binding_type=bind, object_type=VK_OBJECT_TYPE_COMMAND_BUFFER, object_handle=0x611dcc96daa0
timestamp=17854293664395, VA=0000800000b12000-0000800000b16000, binding_type=bind, object_type=VK_OBJECT_TYPE_COMMAND_BUFFER, object_handle=0x611dcdc7ada0
timestamp=17854293804038, VA=0000800000b16000-0000800000b1a000, binding_type=bind, object_type=VK_OBJECT_TYPE_COMMAND_BUFFER, object_handle=0x611dcdc80c70
timestamp=17854293912642, VA=0000800000b1a000-0000800000b1e000, binding_type=bind, object_type=VK_OBJECT_TYPE_COMMAND_BUFFER, object_handle=0x611dcdc86b40
timestamp=17854293989066, VA=0000800000b1e000-0000800000b22000, binding_type=bind, object_type=VK_OBJECT_TYPE_COMMAND_BUFFER, object_handle=0x611dcdc8ca10
timestamp=17854294106457, VA=0000800000b22000-0000800000b26000, binding_type=bind, object_type=VK_OBJECT_TYPE_COMMAND_BUFFER, object_handle=0x611dcdc928e0
timestamp=17854294186167, VA=0000800000b26000-0000800000b2a000, binding_type=bind, object_type=VK_OBJECT_TYPE_COMMAND_BUFFER, object_handle=0x611dcdc987b0
timestamp=17854294295864, VA=0000800000b2a000-0000800000b2e000, binding_type=bind, object_type=VK_OBJECT_TYPE_COMMAND_BUFFER, object_handle=0x611dcdc9e680
timestamp=17854294373530, VA=0000800000b2e000-0000800000b32000, binding_type=bind, object_type=VK_OBJECT_TYPE_COMMAND_BUFFER, object_handle=0x611dcdca4550
timestamp=17854294482405, VA=0000800000b32000-0000800000b36000, binding_type=bind, object_type=VK_OBJECT_TYPE_COMMAND_BUFFER, object_handle=0x611dcdcaa420
timestamp=17854294560603, VA=0000800000b36000-0000800000b3a000, binding_type=bind, object_type=VK_OBJECT_TYPE_COMMAND_BUFFER, object_handle=0x611dcdcb02f0
timestamp=17854294669718, VA=0000800000b3a000-0000800000b3e000, binding_type=bind, object_type=VK_OBJECT_TYPE_COMMAND_BUFFER, object_handle=0x611dcdcb61c0
timestamp=17854294925600, VA=0000800000b3e000-0000800000b42000, binding_type=bind, object_type=VK_OBJECT_TYPE_COMMAND_BUFFER, object_handle=0x611dcc973920
timestamp=17854297994010, VA=000080011d294bd0-000080011d295bd0, binding_type=bind, object_type=VK_OBJECT_TYPE_BUFFER, object_handle=0x7f25e033afd0
timestamp=17854298006764, VA=000080013900a000-000080013900b000, binding_type=bind, object_type=VK_OBJECT_TYPE_BUFFER, object_handle=0x7f25e0406f30
timestamp=17854299043447, VA=000080011d295bd0-000080011d296bd0, binding_type=bind, object_type=VK_OBJECT_TYPE_BUFFER, object_handle=0x7f25e0225190
timestamp=17854300489140, VA=0000800000b42000-0000800000b46000, binding_type=bind, object_type=VK_OBJECT_TYPE_COMMAND_BUFFER, object_handle=0x611dcdcbc090
timestamp=17854300518615, VA=000080013900b000-000080013900c000, binding_type=bind, object_type=VK_OBJECT_TYPE_BUFFER, object_handle=0x7f25e018ab10
timestamp=17854300526520, VA=000080011d296bd0-000080011d297bd0, binding_type=bind, object_type=VK_OBJECT_TYPE_BUFFER, object_handle=0x7f25e01386d0
timestamp=17854300554423, VA=000080011d297bd0-000080011d298bd0, binding_type=bind, object_type=VK_OBJECT_TYPE_BUFFER, object_handle=0x7f25e01f5930
timestamp=17854301867456, VA=0000800000b46000-0000800000b4a000, binding_type=bind, object_type=VK_OBJECT_TYPE_COMMAND_BUFFER, object_handle=0x611dcdcc1f60
timestamp=17854302015515, VA=0000800000b4a000-0000800000b4e000, binding_type=bind, object_type=VK_OBJECT_TYPE_COMMAND_BUFFER, object_handle=0x611dcdcc7e30
timestamp=17854302136442, VA=0000800000b4e000-0000800000b52000, binding_type=bind, object_type=VK_OBJECT_TYPE_COMMAND_BUFFER, object_handle=0x611dcdccdd00
timestamp=17854302276096, VA=0000800000b52000-0000800000b56000, binding_type=bind, object_type=VK_OBJECT_TYPE_COMMAND_BUFFER, object_handle=0x611dcdcd3bd0
timestamp=17854302376885, VA=0000800000b56000-0000800000b5a000, binding_type=bind, object_type=VK_OBJECT_TYPE_COMMAND_BUFFER, object_handle=0x611dcdcd9aa0
timestamp=17854302497172, VA=0000800000b5a000-0000800000b5e000, binding_type=bind, object_type=VK_OBJECT_TYPE_COMMAND_BUFFER, object_handle=0x611dcdcdf970
timestamp=17854302581551, VA=0000800000b5e000-0000800000b62000, binding_type=bind, object_type=VK_OBJECT_TYPE_COMMAND_BUFFER, object_handle=0x611dcdce5840
timestamp=17854302698501, VA=0000800000b62000-0000800000b66000, binding_type=bind, object_type=VK_OBJECT_TYPE_COMMAND_BUFFER, object_handle=0x611dcdceb710
timestamp=17854302783111, VA=0000800000b66000-0000800000b6a000, binding_type=bind, object_type=VK_OBJECT_TYPE_COMMAND_BUFFER, object_handle=0x611dcdcf15e0
timestamp=17854302900552, VA=0000800000b6a000-0000800000b6e000, binding_type=bind, object_type=VK_OBJECT_TYPE_COMMAND_BUFFER, object_handle=0x611dcdcf74b0
timestamp=17854302984320, VA=0000800000b6e000-0000800000b72000, binding_type=bind, object_type=VK_OBJECT_TYPE_COMMAND_BUFFER, object_handle=0x611dcdcfd380
timestamp=17854303236054, VA=0000800000b72000-0000800000b76000, binding_type=bind, object_type=VK_OBJECT_TYPE_COMMAND_BUFFER, object_handle=0x611dcc9797d0
timestamp=17854303388711, VA=0000800000b76000-0000800000b7a000, binding_type=bind, object_type=VK_OBJECT_TYPE_COMMAND_BUFFER, object_handle=0x611dcdd03250
timestamp=17854303551478, VA=0000800000b7a000-0000800000b7e000, binding_type=bind, object_type=VK_OBJECT_TYPE_COMMAND_BUFFER, object_handle=0x611dcdd09120
timestamp=17854303663419, VA=0000800000b7e000-0000800000b82000, binding_type=bind, object_type=VK_OBJECT_TYPE_COMMAND_BUFFER, object_handle=0x611dcdd0eff0
timestamp=17854303763016, VA=0000800000b82000-0000800000b86000, binding_type=bind, object_type=VK_OBJECT_TYPE_COMMAND_BUFFER, object_handle=0x611dcdd14ec0
timestamp=17854303885557, VA=0000800000b86000-0000800000b8a000, binding_type=bind, object_type=VK_OBJECT_TYPE_COMMAND_BUFFER, object_handle=0x611dcdd1ad90
timestamp=17854303968493, VA=0000800000b8a000-0000800000b8e000, binding_type=bind, object_type=VK_OBJECT_TYPE_COMMAND_BUFFER, object_handle=0x611dcdd20c60
timestamp=17854304094691, VA=0000800000b8e000-0000800000b92000, binding_type=bind, object_type=VK_OBJECT_TYPE_COMMAND_BUFFER, object_handle=0x611dcdd26b30
timestamp=17854304185322, VA=0000800000b92000-0000800000b96000, binding_type=bind, object_type=VK_OBJECT_TYPE_COMMAND_BUFFER, object_handle=0x611dcdd2ca00
timestamp=17854304323752, VA=0000800000b96000-0000800000b9a000, binding_type=bind, object_type=VK_OBJECT_TYPE_COMMAND_BUFFER, object_handle=0x611dcdd328d0
timestamp=17854304404164, VA=0000800000b9a000-0000800000b9e000, binding_type=bind, object_type=VK_OBJECT_TYPE_COMMAND_BUFFER, object_handle=0x611dcdd387a0
timestamp=17854304519070, VA=0000800000b9e000-0000800000ba2000, binding_type=bind, object_type=VK_OBJECT_TYPE_COMMAND_BUFFER, object_handle=0x611dcdd3e670
timestamp=17854304700432, VA=0000800000ba2000-0000800000ba6000, binding_type=bind, object_type=VK_OBJECT_TYPE_COMMAND_BUFFER, object_handle=0x611dcdd44540
timestamp=17854304818174, VA=0000800000ba6000-0000800000baa000, binding_type=bind, object_type=VK_OBJECT_TYPE_COMMAND_BUFFER, object_handle=0x611dcdd4a410
timestamp=17854305643699, VA=00008000008ae000-0000800000944100, binding_type=unbind, object_type=VK_OBJECT_TYPE_COMMAND_BUFFER, object_handle=0x611dcbe6b7f0
timestamp=17854305690477, VA=0000800000862000-00008000008ad080, binding_type=unbind, object_type=VK_OBJECT_TYPE_COMMAND_BUFFER, object_handle=0x611dcbe6b7f0
timestamp=17854305732646, VA=000080000083c000-0000800000861840, binding_type=unbind, object_type=VK_OBJECT_TYPE_COMMAND_BUFFER, object_handle=0x611dcbe6b7f0
timestamp=17854305760449, VA=000080000004b000-000080000005dc20, binding_type=unbind, object_type=VK_OBJECT_TYPE_COMMAND_BUFFER, object_handle=0x611dcbe6b7f0
timestamp=17854305785185, VA=0000800000041000-000080000004a610, binding_type=unbind, object_type=VK_OBJECT_TYPE_COMMAND_BUFFER, object_handle=0x611dcbe6b7f0
timestamp=17854305806756, VA=000080000003d000-0000800000041000, binding_type=unbind, object_type=VK_OBJECT_TYPE_COMMAND_BUFFER, object_handle=0x611dcbe6b7f0
timestamp=17854308465764, VA=000080000003d000-0000800000041000, binding_type=bind, object_type=VK_OBJECT_TYPE_COMMAND_BUFFER, object_handle=0x611dcdd502e0
timestamp=17854308528332, VA=000080011d298bd0-000080011d299bd0, binding_type=bind, object_type=VK_OBJECT_TYPE_BUFFER, object_handle=0x7f25e0263480
timestamp=17854309879227, VA=0000800000041000-0000800000045000, binding_type=bind, object_type=VK_OBJECT_TYPE_COMMAND_BUFFER, object_handle=0x611dcdd561b0
timestamp=17854310033788, VA=0000800000045000-0000800000049000, binding_type=bind, object_type=VK_OBJECT_TYPE_COMMAND_BUFFER, object_handle=0x611dcdd5c080
timestamp=17854310165085, VA=0000800000049000-000080000004d000, binding_type=bind, object_type=VK_OBJECT_TYPE_COMMAND_BUFFER, object_handle=0x611dcdd61f50
timestamp=17854310254203, VA=000080000004d000-0000800000051000, binding_type=bind, object_type=VK_OBJECT_TYPE_COMMAND_BUFFER, object_handle=0x611dcdd67e20
timestamp=17854310377846, VA=0000800000051000-0000800000055000, binding_type=bind, object_type=VK_OBJECT_TYPE_COMMAND_BUFFER, object_handle=0x611dcdd6dcf0
timestamp=17854310472144, VA=0000800000055000-0000800000059000, binding_type=bind, object_type=VK_OBJECT_TYPE_COMMAND_BUFFER, object_handle=0x611dcdd73bc0
timestamp=17854310590837, VA=0000800000059000-000080000005d000, binding_type=bind, object_type=VK_OBJECT_TYPE_COMMAND_BUFFER, object_handle=0x611dcdd79a90
timestamp=17854310675707, VA=000080000083c000-0000800000840000, binding_type=bind, object_type=VK_OBJECT_TYPE_COMMAND_BUFFER, object_handle=0x611dcdd7f960
timestamp=17854310792166, VA=0000800000840000-0000800000844000, binding_type=bind, object_type=VK_OBJECT_TYPE_COMMAND_BUFFER, object_handle=0x611dcdd85830
timestamp=17854310878619, VA=0000800000844000-0000800000848000, binding_type=bind, object_type=VK_OBJECT_TYPE_COMMAND_BUFFER, object_handle=0x611dcdd8b700
timestamp=17854310999828, VA=0000800000848000-000080000084c000, binding_type=bind, object_type=VK_OBJECT_TYPE_COMMAND_BUFFER, object_handle=0x611dcdd915d0
timestamp=17854311087943, VA=000080000084c000-0000800000850000, binding_type=bind, object_type=VK_OBJECT_TYPE_COMMAND_BUFFER, object_handle=0x611dcdd974a0
timestamp=17854311450436, VA=0000800000850000-0000800000854000, binding_type=bind, object_type=VK_OBJECT_TYPE_COMMAND_BUFFER, object_handle=0x611dcdd9d370
timestamp=17854311597063, VA=0000800000854000-0000800000858000, binding_type=bind, object_type=VK_OBJECT_TYPE_COMMAND_BUFFER, object_handle=0x611dcdda3240
timestamp=17854311711658, VA=0000800000858000-000080000085c000, binding_type=bind, object_type=VK_OBJECT_TYPE_COMMAND_BUFFER, object_handle=0x611dcdda9110
timestamp=17854311792310, VA=000080000085c000-0000800000860000, binding_type=bind, object_type=VK_OBJECT_TYPE_COMMAND_BUFFER, object_handle=0x611dcddaefe0
timestamp=17854311907097, VA=0000800000860000-0000800000864000, binding_type=bind, object_type=VK_OBJECT_TYPE_COMMAND_BUFFER, object_handle=0x611dcddb4eb0
timestamp=17854311995333, VA=0000800000864000-0000800000868000, binding_type=bind, object_type=VK_OBJECT_TYPE_COMMAND_BUFFER, object_handle=0x611dcddbad80
timestamp=17854312120529, VA=0000800000868000-000080000086c000, binding_type=bind, object_type=VK_OBJECT_TYPE_COMMAND_BUFFER, object_handle=0x611dcddc0c50
timestamp=17854312202172, VA=000080000086c000-0000800000870000, binding_type=bind, object_type=VK_OBJECT_TYPE_COMMAND_BUFFER, object_handle=0x611dcddc6b20
timestamp=17854312349740, VA=0000800000870000-0000800000874000, binding_type=bind, object_type=VK_OBJECT_TYPE_COMMAND_BUFFER, object_handle=0x611dcddcc9f0
timestamp=17854312449819, VA=0000800000874000-0000800000878000, binding_type=bind, object_type=VK_OBJECT_TYPE_COMMAND_BUFFER, object_handle=0x611dcddd28c0
timestamp=17854312568783, VA=0000800000878000-000080000087c000, binding_type=bind, object_type=VK_OBJECT_TYPE_COMMAND_BUFFER, object_handle=0x611dcddd8790
timestamp=17854312653693, VA=000080000087c000-0000800000880000, binding_type=bind, object_type=VK_OBJECT_TYPE_COMMAND_BUFFER, object_handle=0x611dcddde660
timestamp=17854312767878, VA=0000800000880000-0000800000884000, binding_type=bind, object_type=VK_OBJECT_TYPE_COMMAND_BUFFER, object_handle=0x611dcdde4530
timestamp=17854317105258, VA=0000800000884000-0000800000888000, binding_type=bind, object_type=VK_OBJECT_TYPE_COMMAND_BUFFER, object_handle=0x611dcddea400
timestamp=17854318568474, VA=0000800000888000-000080000088c000, binding_type=bind, object_type=VK_OBJECT_TYPE_COMMAND_BUFFER, object_handle=0x611dcddf02d0
timestamp=17854318682569, VA=000080000088c000-0000800000890000, binding_type=bind, object_type=VK_OBJECT_TYPE_COMMAND_BUFFER, object_handle=0x611dcddf61a0
timestamp=17854318793738, VA=0000800000890000-0000800000894000, binding_type=bind, object_type=VK_OBJECT_TYPE_COMMAND_BUFFER, object_handle=0x611dcddfc070
timestamp=17854318857448, VA=0000800000894000-0000800000898000, binding_type=bind, object_type=VK_OBJECT_TYPE_COMMAND_BUFFER, object_handle=0x611dcde01f40
timestamp=17854318950133, VA=0000800000898000-000080000089c000, binding_type=bind, object_type=VK_OBJECT_TYPE_COMMAND_BUFFER, object_handle=0x611dcde07e10
timestamp=17854319020345, VA=000080000089c000-00008000008a0000, binding_type=bind, object_type=VK_OBJECT_TYPE_COMMAND_BUFFER, object_handle=0x611dcde0dce0
timestamp=17854319111036, VA=00008000008a0000-00008000008a4000, binding_type=bind, object_type=VK_OBJECT_TYPE_COMMAND_BUFFER, object_handle=0x611dcde13bb0
timestamp=17854319173173, VA=00008000008a4000-00008000008a8000, binding_type=bind, object_type=VK_OBJECT_TYPE_COMMAND_BUFFER, object_handle=0x611dcde19a80
timestamp=17854319271147, VA=00008000008a8000-00008000008ac000, binding_type=bind, object_type=VK_OBJECT_TYPE_COMMAND_BUFFER, object_handle=0x611dcde1f950
timestamp=17854319329047, VA=00008000008ac000-00008000008b0000, binding_type=bind, object_type=VK_OBJECT_TYPE_COMMAND_BUFFER, object_handle=0x611dcde25820
timestamp=17854319417463, VA=00008000008b0000-00008000008b4000, binding_type=bind, object_type=VK_OBJECT_TYPE_COMMAND_BUFFER, object_handle=0x611dcde2b6f0
timestamp=17854319477276, VA=00008000008b4000-00008000008b8000, binding_type=bind, object_type=VK_OBJECT_TYPE_COMMAND_BUFFER, object_handle=0x611dcde315c0
timestamp=17854319784615, VA=00008000008b8000-00008000008bc000, binding_type=bind, object_type=VK_OBJECT_TYPE_COMMAND_BUFFER, object_handle=0x611dcde37490
timestamp=17854319906364, VA=00008000008bc000-00008000008c0000, binding_type=bind, object_type=VK_OBJECT_TYPE_COMMAND_BUFFER, object_handle=0x611dcde3d360
timestamp=17854319999720, VA=00008000008c0000-00008000008c4000, binding_type=bind, object_type=VK_OBJECT_TYPE_COMMAND_BUFFER, object_handle=0x611dcde43230
timestamp=17854320076144, VA=00008000008c4000-00008000008c8000, binding_type=bind, object_type=VK_OBJECT_TYPE_COMMAND_BUFFER, object_handle=0x611dcde49100
timestamp=17854320166895, VA=00008000008c8000-00008000008cc000, binding_type=bind, object_type=VK_OBJECT_TYPE_COMMAND_BUFFER, object_handle=0x611dcde4efd0
timestamp=17854320227509, VA=00008000008cc000-00008000008d0000, binding_type=bind, object_type=VK_OBJECT_TYPE_COMMAND_BUFFER, object_handle=0x611dcde54ea0
timestamp=17854320315394, VA=00008000008d0000-00008000008d4000, binding_type=bind, object_type=VK_OBJECT_TYPE_COMMAND_BUFFER, object_handle=0x611dcde5ad70
timestamp=17854320374736, VA=00008000008d4000-00008000008d8000, binding_type=bind, object_type=VK_OBJECT_TYPE_COMMAND_BUFFER, object_handle=0x611dcde60c40
timestamp=17854320463694, VA=00008000008d8000-00008000008dc000, binding_type=bind, object_type=VK_OBJECT_TYPE_COMMAND_BUFFER, object_handle=0x611dcde66b10
timestamp=17854320524368, VA=00008000008dc000-00008000008e0000, binding_type=bind, object_type=VK_OBJECT_TYPE_COMMAND_BUFFER, object_handle=0x611dcde6c9e0
timestamp=17854320614227, VA=00008000008e0000-00008000008e4000, binding_type=bind, object_type=VK_OBJECT_TYPE_COMMAND_BUFFER, object_handle=0x611dcde728b0
timestamp=17854320695871, VA=00008000008e4000-00008000008e8000, binding_type=bind, object_type=VK_OBJECT_TYPE_COMMAND_BUFFER, object_handle=0x611dcde78780
timestamp=17854320800298, VA=00008000008e8000-00008000008ec000, binding_type=bind, object_type=VK_OBJECT_TYPE_COMMAND_BUFFER, object_handle=0x611dcde7e650
timestamp=17854325904863, VA=00008000008ec000-00008000008f0000, binding_type=bind, object_type=VK_OBJECT_TYPE_COMMAND_BUFFER, object_handle=0x611dcde84520
timestamp=17854327212656, VA=00008000008f0000-00008000008f4000, binding_type=bind, object_type=VK_OBJECT_TYPE_COMMAND_BUFFER, object_handle=0x611dcde8a3f0
timestamp=17854327287607, VA=00008000008f4000-00008000008f8000, binding_type=bind, object_type=VK_OBJECT_TYPE_COMMAND_BUFFER, object_handle=0x611dcde902c0
timestamp=17854327383558, VA=00008000008f8000-00008000008fc000, binding_type=bind, object_type=VK_OBJECT_TYPE_COMMAND_BUFFER, object_handle=0x611dcde96190
timestamp=17854327456455, VA=00008000008fc000-0000800000900000, binding_type=bind, object_type=VK_OBJECT_TYPE_COMMAND_BUFFER, object_handle=0x611dcde9c060
timestamp=17854327552246, VA=0000800000900000-0000800000904000, binding_type=bind, object_type=VK_OBJECT_TYPE_COMMAND_BUFFER, object_handle=0x611dcdea1f30
timestamp=17854327622638, VA=0000800000904000-0000800000908000, binding_type=bind, object_type=VK_OBJECT_TYPE_COMMAND_BUFFER, object_handle=0x611dcdea7e00
timestamp=17854327715283, VA=0000800000908000-000080000090c000, binding_type=bind, object_type=VK_OBJECT_TYPE_COMMAND_BUFFER, object_handle=0x611dcdeadcd0
timestamp=17854327777590, VA=000080000090c000-0000800000910000, binding_type=bind, object_type=VK_OBJECT_TYPE_COMMAND_BUFFER, object_handle=0x611dcdeb3ba0
timestamp=17854327865726, VA=0000800000910000-0000800000914000, binding_type=bind, object_type=VK_OBJECT_TYPE_COMMAND_BUFFER, object_handle=0x611dcdeb9a70
timestamp=17854327929536, VA=0000800000914000-0000800000918000, binding_type=bind, object_type=VK_OBJECT_TYPE_COMMAND_BUFFER, object_handle=0x611dcdebf940
timestamp=17854328029835, VA=0000800000918000-000080000091c000, binding_type=bind, object_type=VK_OBJECT_TYPE_COMMAND_BUFFER, object_handle=0x611dcdec5810
timestamp=17854328095279, VA=000080000091c000-0000800000920000, binding_type=bind, object_type=VK_OBJECT_TYPE_COMMAND_BUFFER, object_handle=0x611dcdecb6e0
timestamp=17854328374094, VA=0000800000920000-0000800000924000, binding_type=bind, object_type=VK_OBJECT_TYPE_COMMAND_BUFFER, object_handle=0x611dcded15b0
timestamp=17854328494761, VA=0000800000924000-0000800000928000, binding_type=bind, object_type=VK_OBJECT_TYPE_COMMAND_BUFFER, object_handle=0x611dcded7480
timestamp=17854328587686, VA=0000800000928000-000080000092c000, binding_type=bind, object_type=VK_OBJECT_TYPE_COMMAND_BUFFER, object_handle=0x611dcdedd350
timestamp=17854328650905, VA=000080000092c000-0000800000930000, binding_type=bind, object_type=VK_OBJECT_TYPE_COMMAND_BUFFER, object_handle=0x611dcdee3220
timestamp=17854328741075, VA=0000800000930000-0000800000934000, binding_type=bind, object_type=VK_OBJECT_TYPE_COMMAND_BUFFER, object_handle=0x611dcdee90f0
timestamp=17854328800758, VA=0000800000934000-0000800000938000, binding_type=bind, object_type=VK_OBJECT_TYPE_COMMAND_BUFFER, object_handle=0x611dcdeeefc0
timestamp=17854328892731, VA=0000800000938000-000080000093c000, binding_type=bind, object_type=VK_OBJECT_TYPE_COMMAND_BUFFER, object_handle=0x611dcdef4e90
timestamp=17854328953615, VA=000080000093c000-0000800000940000, binding_type=bind, object_type=VK_OBJECT_TYPE_COMMAND_BUFFER, object_handle=0x611dcdefad60
timestamp=17854329051760, VA=0000800000940000-0000800000944000, binding_type=bind, object_type=VK_OBJECT_TYPE_COMMAND_BUFFER, object_handle=0x611dcdf00c30
timestamp=17854329126401, VA=0000800000baa000-0000800000bae000, binding_type=bind, object_type=VK_OBJECT_TYPE_COMMAND_BUFFER, object_handle=0x611dcdf06b00
timestamp=17854329214797, VA=0000800000bae000-0000800000bb2000, binding_type=bind, object_type=VK_OBJECT_TYPE_COMMAND_BUFFER, object_handle=0x611dcdf0c9d0
timestamp=17854329277005, VA=0000800000bb2000-0000800000bb6000, binding_type=bind, object_type=VK_OBJECT_TYPE_COMMAND_BUFFER, object_handle=0x611dcdf128a0
timestamp=17854329366022, VA=0000800000bb6000-0000800000bba000, binding_type=bind, object_type=VK_OBJECT_TYPE_COMMAND_BUFFER, object_handle=0x611dcdf18770
timestamp=17854333828938, VA=0000800000bba000-0000800000bbe000, binding_type=bind, object_type=VK_OBJECT_TYPE_COMMAND_BUFFER, object_handle=0x611dcdf1e640
timestamp=17854335133346, VA=0000800000bbe000-0000800000bc2000, binding_type=bind, object_type=VK_OBJECT_TYPE_COMMAND_BUFFER, object_handle=0x611dcdf24510
timestamp=17854335230418, VA=0000800000bc2000-0000800000bc6000, binding_type=bind, object_type=VK_OBJECT_TYPE_COMMAND_BUFFER, object_handle=0x611dcdf2a3e0
timestamp=17854335344623, VA=0000800000bc6000-0000800000bca000, binding_type=bind, object_type=VK_OBJECT_TYPE_COMMAND_BUFFER, object_handle=0x611dcdf302b0
timestamp=17854335418172, VA=0000800000bca000-0000800000bce000, binding_type=bind, object_type=VK_OBJECT_TYPE_COMMAND_BUFFER, object_handle=0x611dcdf36180
timestamp=17854335527738, VA=0000800000bce000-0000800000bd2000, binding_type=bind, object_type=VK_OBJECT_TYPE_COMMAND_BUFFER, object_handle=0x611dcdf3c050
timestamp=17854335611867, VA=0000800000bd2000-0000800000bd6000, binding_type=bind, object_type=VK_OBJECT_TYPE_COMMAND_BUFFER, object_handle=0x611dcdf41f20
timestamp=17854335723387, VA=0000800000bd6000-0000800000bda000, binding_type=bind, object_type=VK_OBJECT_TYPE_COMMAND_BUFFER, object_handle=0x611dcdf47df0
timestamp=17854335799350, VA=0000800000bda000-0000800000bde000, binding_type=bind, object_type=VK_OBJECT_TYPE_COMMAND_BUFFER, object_handle=0x611dcdf4dcc0
timestamp=17854335908275, VA=0000800000bde000-0000800000be2000, binding_type=bind, object_type=VK_OBJECT_TYPE_COMMAND_BUFFER, object_handle=0x611dcdf53b90
timestamp=17854335982585, VA=0000800000be2000-0000800000be6000, binding_type=bind, object_type=VK_OBJECT_TYPE_COMMAND_BUFFER, object_handle=0x611dcdf59a60
timestamp=17854336101559, VA=0000800000be6000-0000800000bea000, binding_type=bind, object_type=VK_OBJECT_TYPE_COMMAND_BUFFER, object_handle=0x611dcdf5f930
timestamp=17854336174416, VA=0000800000bea000-0000800000bee000, binding_type=bind, object_type=VK_OBJECT_TYPE_COMMAND_BUFFER, object_handle=0x611dcdf65800
timestamp=17854336505139, VA=0000800000bee000-0000800000bf2000, binding_type=bind, object_type=VK_OBJECT_TYPE_COMMAND_BUFFER, object_handle=0x611dcdf6b6d0
timestamp=17854336645133, VA=0000800000bf2000-0000800000bf6000, binding_type=bind, object_type=VK_OBJECT_TYPE_COMMAND_BUFFER, object_handle=0x611dcdf715a0
timestamp=17854336750792, VA=0000800000bf6000-0000800000bfa000, binding_type=bind, object_type=VK_OBJECT_TYPE_COMMAND_BUFFER, object_handle=0x611dcdf77470
timestamp=17854336825904, VA=0000800000bfa000-0000800000bfe000, binding_type=bind, object_type=VK_OBJECT_TYPE_COMMAND_BUFFER, object_handle=0x611dcdf7d340
timestamp=17854336944517, VA=0000800000bfe000-0000800000c02000, binding_type=bind, object_type=VK_OBJECT_TYPE_COMMAND_BUFFER, object_handle=0x611dcdf83210
timestamp=17854337029477, VA=0000800000c02000-0000800000c06000, binding_type=bind, object_type=VK_OBJECT_TYPE_COMMAND_BUFFER, object_handle=0x611dcdf890e0
timestamp=17854337120499, VA=0000800000c06000-0000800000c0a000, binding_type=bind, object_type=VK_OBJECT_TYPE_COMMAND_BUFFER, object_handle=0x611dcdf8efb0
timestamp=17854337177997, VA=0000800000c0a000-0000800000c0e000, binding_type=bind, object_type=VK_OBJECT_TYPE_COMMAND_BUFFER, object_handle=0x611dcdf94e80
timestamp=17854337263277, VA=0000800000c0e000-0000800000c12000, binding_type=bind, object_type=VK_OBJECT_TYPE_COMMAND_BUFFER, object_handle=0x611dcdf9ad50
timestamp=17854337336355, VA=0000800000c12000-0000800000c16000, binding_type=bind, object_type=VK_OBJECT_TYPE_COMMAND_BUFFER, object_handle=0x611dcdfa0c20
timestamp=17854337423830, VA=0000800000c16000-0000800000c1a000, binding_type=bind, object_type=VK_OBJECT_TYPE_COMMAND_BUFFER, object_handle=0x611dcdfa6af0
timestamp=17854337484975, VA=0000800000c1a000-0000800000c1e000, binding_type=bind, object_type=VK_OBJECT_TYPE_COMMAND_BUFFER, object_handle=0x611dcdfac9c0
timestamp=17854337572971, VA=0000800000c1e000-0000800000c22000, binding_type=bind, object_type=VK_OBJECT_TYPE_COMMAND_BUFFER, object_handle=0x611dcdfb2890
timestamp=17854341749908, VA=0000800000c22000-0000800000c26000, binding_type=bind, object_type=VK_OBJECT_TYPE_COMMAND_BUFFER, object_handle=0x611dcdfb8760
timestamp=17854343129858, VA=0000800000c26000-0000800000c2a000, binding_type=bind, object_type=VK_OBJECT_TYPE_COMMAND_BUFFER, object_handle=0x611dcdfbe630
timestamp=17854343245546, VA=0000800000c2a000-0000800000c2e000, binding_type=bind, object_type=VK_OBJECT_TYPE_COMMAND_BUFFER, object_handle=0x611dcdfc4500
timestamp=17854343359110, VA=0000800000c2e000-0000800000c32000, binding_type=bind, object_type=VK_OBJECT_TYPE_COMMAND_BUFFER, object_handle=0x611dcdfca3d0
timestamp=17854343435934, VA=0000800000c32000-0000800000c36000, binding_type=bind, object_type=VK_OBJECT_TYPE_COMMAND_BUFFER, object_handle=0x611dcdfd02a0
timestamp=17854343546072, VA=0000800000c36000-0000800000c3a000, binding_type=bind, object_type=VK_OBJECT_TYPE_COMMAND_BUFFER, object_handle=0x611dcdfd6170
timestamp=17854343626714, VA=0000800000c3a000-0000800000c3e000, binding_type=bind, object_type=VK_OBJECT_TYPE_COMMAND_BUFFER, object_handle=0x611dcdfdc040
timestamp=17854343724708, VA=0000800000c3e000-0000800000c42000, binding_type=bind, object_type=VK_OBJECT_TYPE_COMMAND_BUFFER, object_handle=0x611dcdfe1f10
timestamp=17854343794369, VA=0000800000c42000-0000800000c46000, binding_type=bind, object_type=VK_OBJECT_TYPE_COMMAND_BUFFER, object_handle=0x611dcdfe7de0
timestamp=17854343901030, VA=0000800000c46000-0000800000c4a000, binding_type=bind, object_type=VK_OBJECT_TYPE_COMMAND_BUFFER, object_handle=0x611dcdfedcb0
timestamp=17854343981732, VA=0000800000c4a000-0000800000c4e000, binding_type=bind, object_type=VK_OBJECT_TYPE_COMMAND_BUFFER, object_handle=0x611dcdff3b80
timestamp=17854344090958, VA=0000800000c4e000-0000800000c52000, binding_type=bind, object_type=VK_OBJECT_TYPE_COMMAND_BUFFER, object_handle=0x611dcdff9a50
timestamp=17854344162353, VA=0000800000c52000-0000800000c56000, binding_type=bind, object_type=VK_OBJECT_TYPE_COMMAND_BUFFER, object_handle=0x611dcdfff920
timestamp=17854344478218, VA=0000800000c56000-0000800000c5a000, binding_type=bind, object_type=VK_OBJECT_TYPE_COMMAND_BUFFER, object_handle=0x611dce0057f0
timestamp=17854344625295, VA=0000800000c5a000-0000800000c5e000, binding_type=bind, object_type=VK_OBJECT_TYPE_COMMAND_BUFFER, object_handle=0x611dce00b6c0
timestamp=17854344727938, VA=0000800000c5e000-0000800000c62000, binding_type=bind, object_type=VK_OBJECT_TYPE_COMMAND_BUFFER, object_handle=0x611dce011590
timestamp=17854344795916, VA=0000800000c62000-0000800000c66000, binding_type=bind, object_type=VK_OBJECT_TYPE_COMMAND_BUFFER, object_handle=0x611dce017460
timestamp=17854344883972, VA=0000800000c66000-0000800000c6a000, binding_type=bind, object_type=VK_OBJECT_TYPE_COMMAND_BUFFER, object_handle=0x611dce01d330
timestamp=17854344945237, VA=0000800000c6a000-0000800000c6e000, binding_type=bind, object_type=VK_OBJECT_TYPE_COMMAND_BUFFER, object_handle=0x611dce023200
timestamp=17854345037401, VA=0000800000c6e000-0000800000c72000, binding_type=bind, object_type=VK_OBJECT_TYPE_COMMAND_BUFFER, object_handle=0x611dce0290d0
timestamp=17854345096492, VA=0000800000c72000-0000800000c76000, binding_type=bind, object_type=VK_OBJECT_TYPE_COMMAND_BUFFER, object_handle=0x611dce02efa0
timestamp=17854345184318, VA=0000800000c76000-0000800000c7a000, binding_type=bind, object_type=VK_OBJECT_TYPE_COMMAND_BUFFER, object_handle=0x611dce034e70
timestamp=17854345258437, VA=0000800000c7a000-0000800000c7e000, binding_type=bind, object_type=VK_OBJECT_TYPE_COMMAND_BUFFER, object_handle=0x611dce03ad40
timestamp=17854345365559, VA=0000800000c7e000-0000800000c82000, binding_type=bind, object_type=VK_OBJECT_TYPE_COMMAND_BUFFER, object_handle=0x611dce040c10
timestamp=17854345437394, VA=0000800000c82000-0000800000c86000, binding_type=bind, object_type=VK_OBJECT_TYPE_COMMAND_BUFFER, object_handle=0x611dce046ae0
timestamp=17854345543775, VA=0000800000c86000-0000800000c8a000, binding_type=bind, object_type=VK_OBJECT_TYPE_COMMAND_BUFFER, object_handle=0x611dce04c9b0
timestamp=17854350109364, VA=0000800000c8a000-0000800000c8e000, binding_type=bind, object_type=VK_OBJECT_TYPE_COMMAND_BUFFER, object_handle=0x611dce052880
timestamp=17854351431916, VA=0000800000c8e000-0000800000c92000, binding_type=bind, object_type=VK_OBJECT_TYPE_COMMAND_BUFFER, object_handle=0x611dce058750
timestamp=17854351524450, VA=0000800000c92000-0000800000c96000, binding_type=bind, object_type=VK_OBJECT_TYPE_COMMAND_BUFFER, object_handle=0x611dce05e620
timestamp=17854351624719, VA=0000800000c96000-0000800000c9a000, binding_type=bind, object_type=VK_OBJECT_TYPE_COMMAND_BUFFER, object_handle=0x611dce0644f0
timestamp=17854351696304, VA=0000800000c9a000-0000800000c9e000, binding_type=bind, object_type=VK_OBJECT_TYPE_COMMAND_BUFFER, object_handle=0x611dce06a3c0
timestamp=17854351794619, VA=0000800000c9e000-0000800000ca2000, binding_type=bind, object_type=VK_OBJECT_TYPE_COMMAND_BUFFER, object_handle=0x611dce070290
timestamp=17854351882084, VA=0000800000ca2000-0000800000ca6000, binding_type=bind, object_type=VK_OBJECT_TYPE_COMMAND_BUFFER, object_handle=0x611dce077f50
timestamp=17854351985368, VA=0000800000ca6000-0000800000caa000, binding_type=bind, object_type=VK_OBJECT_TYPE_COMMAND_BUFFER, object_handle=0x611dce07d190
timestamp=17854352098321, VA=0000800000caa000-0000800000cae000, binding_type=bind, object_type=VK_OBJECT_TYPE_COMMAND_BUFFER, object_handle=0x611dce082f10
timestamp=17854352213818, VA=0000800000cae000-0000800000cb2000, binding_type=bind, object_type=VK_OBJECT_TYPE_COMMAND_BUFFER, object_handle=0x611dce088de0
timestamp=17854352292857, VA=0000800000cb2000-0000800000cb6000, binding_type=bind, object_type=VK_OBJECT_TYPE_COMMAND_BUFFER, object_handle=0x611dce08ecb0
timestamp=17854352402704, VA=0000800000cb6000-0000800000cba000, binding_type=bind, object_type=VK_OBJECT_TYPE_COMMAND_BUFFER, object_handle=0x611dce094b80
timestamp=17854352470241, VA=0000800000cba000-0000800000cbe000, binding_type=bind, object_type=VK_OBJECT_TYPE_COMMAND_BUFFER, object_handle=0x611dce09aa50
timestamp=17854352812145, VA=0000800000cbe000-0000800000cc2000, binding_type=bind, object_type=VK_OBJECT_TYPE_COMMAND_BUFFER, object_handle=0x611dce0a0920
timestamp=17854352948172, VA=0000800000cc2000-0000800000cc6000, binding_type=bind, object_type=VK_OBJECT_TYPE_COMMAND_BUFFER, object_handle=0x611dce0a67f0
timestamp=17854353133741, VA=0000800000cc6000-0000800000cca000, binding_type=bind, object_type=VK_OBJECT_TYPE_COMMAND_BUFFER, object_handle=0x611dce0ac6c0
timestamp=17854353215044, VA=0000800000cca000-0000800000cce000, binding_type=bind, object_type=VK_OBJECT_TYPE_COMMAND_BUFFER, object_handle=0x611dce0b2590
timestamp=17854353315283, VA=0000800000cce000-0000800000cd2000, binding_type=bind, object_type=VK_OBJECT_TYPE_COMMAND_BUFFER, object_handle=0x611dce0b8460
timestamp=17854353383401, VA=0000800000cd2000-0000800000cd6000, binding_type=bind, object_type=VK_OBJECT_TYPE_COMMAND_BUFFER, object_handle=0x611dce0be330
timestamp=17854353483580, VA=0000800000cd6000-0000800000cda000, binding_type=bind, object_type=VK_OBJECT_TYPE_COMMAND_BUFFER, object_handle=0x611dce0c4200
timestamp=17854353553592, VA=0000800000cda000-0000800000cde000, binding_type=bind, object_type=VK_OBJECT_TYPE_COMMAND_BUFFER, object_handle=0x611dce0ca0d0
timestamp=17854353649402, VA=0000800000cde000-0000800000ce2000, binding_type=bind, object_type=VK_OBJECT_TYPE_COMMAND_BUFFER, object_handle=0x611dce0cffa0
timestamp=17854353712251, VA=0000800000ce2000-0000800000ce6000, binding_type=bind, object_type=VK_OBJECT_TYPE_COMMAND_BUFFER, object_handle=0x611dce0d5e70
timestamp=17854353806328, VA=0000800000ce6000-0000800000cea000, binding_type=bind, object_type=VK_OBJECT_TYPE_COMMAND_BUFFER, object_handle=0x611dce0dbd40
timestamp=17854353870749, VA=0000800000cea000-0000800000cee000, binding_type=bind, object_type=VK_OBJECT_TYPE_COMMAND_BUFFER, object_handle=0x611dce0e1c10
timestamp=17854353966670, VA=0000800000cee000-0000800000cf2000, binding_type=bind, object_type=VK_OBJECT_TYPE_COMMAND_BUFFER, object_handle=0x611dce0e7ae0
timestamp=17854358339146, VA=0000800000cf2000-0000800000cf6000, binding_type=bind, object_type=VK_OBJECT_TYPE_COMMAND_BUFFER, object_handle=0x611dce0ed9b0
timestamp=17854359652470, VA=0000800000cf6000-0000800000cfa000, binding_type=bind, object_type=VK_OBJECT_TYPE_COMMAND_BUFFER, object_handle=0x611dce0f3880
timestamp=17854359725567, VA=0000800000cfa000-0000800000cfe000, binding_type=bind, object_type=VK_OBJECT_TYPE_COMMAND_BUFFER, object_handle=0x611dce0f9750
timestamp=17854359835284, VA=0000800000cfe000-0000800000d02000, binding_type=bind, object_type=VK_OBJECT_TYPE_COMMAND_BUFFER, object_handle=0x611dce0ff620
timestamp=17854359907680, VA=0000800000d02000-0000800000d06000, binding_type=bind, object_type=VK_OBJECT_TYPE_COMMAND_BUFFER, object_handle=0x611dce1054f0
timestamp=17854360025683, VA=0000800000d06000-0000800000d0a000, binding_type=bind, object_type=VK_OBJECT_TYPE_COMMAND_BUFFER, object_handle=0x611dce10b3c0
timestamp=17854360114490, VA=0000800000d0a000-0000800000d0e000, binding_type=bind, object_type=VK_OBJECT_TYPE_COMMAND_BUFFER, object_handle=0x611dce111290
timestamp=17854360219708, VA=0000800000d0e000-0000800000d12000, binding_type=bind, object_type=VK_OBJECT_TYPE_COMMAND_BUFFER, object_handle=0x611dce117160
timestamp=17854360288107, VA=0000800000d12000-0000800000d16000, binding_type=bind, object_type=VK_OBJECT_TYPE_COMMAND_BUFFER, object_handle=0x611dce11d030
timestamp=17854360390310, VA=0000800000d16000-0000800000d1a000, binding_type=bind, object_type=VK_OBJECT_TYPE_COMMAND_BUFFER, object_handle=0x611dce122f00
timestamp=17854360460221, VA=0000800000d1a000-0000800000d1e000, binding_type=bind, object_type=VK_OBJECT_TYPE_COMMAND_BUFFER, object_handle=0x611dce128dd0
timestamp=17854360570259, VA=0000800000d1e000-0000800000d22000, binding_type=bind, object_type=VK_OBJECT_TYPE_COMMAND_BUFFER, object_handle=0x611dce12eca0
timestamp=17854360639519, VA=0000800000d22000-0000800000d26000, binding_type=bind, object_type=VK_OBJECT_TYPE_COMMAND_BUFFER, object_handle=0x611dce134b70
timestamp=17854360958941, VA=0000800000d26000-0000800000d2a000, binding_type=bind, object_type=VK_OBJECT_TYPE_COMMAND_BUFFER, object_handle=0x611dce13aa40
timestamp=17854361085138, VA=0000800000d2a000-0000800000d2e000, binding_type=bind, object_type=VK_OBJECT_TYPE_COMMAND_BUFFER, object_handle=0x611dce140910
timestamp=17854361178855, VA=0000800000d2e000-0000800000d32000, binding_type=bind, object_type=VK_OBJECT_TYPE_COMMAND_BUFFER, object_handle=0x611dce1467e0
timestamp=17854361242054, VA=0000800000d32000-0000800000d36000, binding_type=bind, object_type=VK_OBJECT_TYPE_COMMAND_BUFFER, object_handle=0x611dce14c6b0
timestamp=17854361345579, VA=0000800000d36000-0000800000d3a000, binding_type=bind, object_type=VK_OBJECT_TYPE_COMMAND_BUFFER, object_handle=0x611dce152580
timestamp=17854361412675, VA=0000800000d3a000-0000800000d3e000, binding_type=bind, object_type=VK_OBJECT_TYPE_COMMAND_BUFFER, object_handle=0x611dce158450
timestamp=17854361507835, VA=0000800000d3e000-0000800000d42000, binding_type=bind, object_type=VK_OBJECT_TYPE_COMMAND_BUFFER, object_handle=0x611dce15e320
timestamp=17854361574360, VA=0000800000d42000-0000800000d46000, binding_type=bind, object_type=VK_OBJECT_TYPE_COMMAND_BUFFER, object_handle=0x611dce1641f0
timestamp=17854361673767, VA=0000800000d46000-0000800000d4a000, binding_type=bind, object_type=VK_OBJECT_TYPE_COMMAND_BUFFER, object_handle=0x611dce16a0c0
timestamp=17854361745653, VA=0000800000d4a000-0000800000d4e000, binding_type=bind, object_type=VK_OBJECT_TYPE_COMMAND_BUFFER, object_handle=0x611dce16ff90
timestamp=17854361839008, VA=0000800000d4e000-0000800000d52000, binding_type=bind, object_type=VK_OBJECT_TYPE_COMMAND_BUFFER, object_handle=0x611dce175e60
timestamp=17854361902047, VA=0000800000d52000-0000800000d56000, binding_type=bind, object_type=VK_OBJECT_TYPE_COMMAND_BUFFER, object_handle=0x611dce17bd30
timestamp=17854361993199, VA=0000800000d56000-0000800000d5a000, binding_type=bind, object_type=VK_OBJECT_TYPE_COMMAND_BUFFER, object_handle=0x611dce181c00
timestamp=17854366680247, VA=0000800000d5a000-0000800000d5e000, binding_type=bind, object_type=VK_OBJECT_TYPE_COMMAND_BUFFER, object_handle=0x611dce187ad0
timestamp=17854367945711, VA=0000800000d5e000-0000800000d62000, binding_type=bind, object_type=VK_OBJECT_TYPE_COMMAND_BUFFER, object_handle=0x611dce18d9a0
timestamp=17854368019710, VA=0000800000d62000-0000800000d66000, binding_type=bind, object_type=VK_OBJECT_TYPE_COMMAND_BUFFER, object_handle=0x611dce193870
timestamp=17854368118336, VA=0000800000d66000-0000800000d6a000, binding_type=bind, object_type=VK_OBJECT_TYPE_COMMAND_BUFFER, object_handle=0x611dce199740
timestamp=17854368176566, VA=0000800000d6a000-0000800000d6e000, binding_type=bind, object_type=VK_OBJECT_TYPE_COMMAND_BUFFER, object_handle=0x611dce19f610
timestamp=17854368264411, VA=0000800000d6e000-0000800000d72000, binding_type=bind, object_type=VK_OBJECT_TYPE_COMMAND_BUFFER, object_handle=0x611dce1a54e0
timestamp=17854368322471, VA=0000800000d72000-0000800000d76000, binding_type=bind, object_type=VK_OBJECT_TYPE_COMMAND_BUFFER, object_handle=0x611dce1ab3b0
timestamp=17854368413151, VA=0000800000d76000-0000800000d7a000, binding_type=bind, object_type=VK_OBJECT_TYPE_COMMAND_BUFFER, object_handle=0x611dce1b1280
timestamp=17854368472984, VA=0000800000d7a000-0000800000d7e000, binding_type=bind, object_type=VK_OBJECT_TYPE_COMMAND_BUFFER, object_handle=0x611dce1b7150
timestamp=17854368563184, VA=0000800000d7e000-0000800000d82000, binding_type=bind, object_type=VK_OBJECT_TYPE_COMMAND_BUFFER, object_handle=0x611dce1bd020
timestamp=17854368627345, VA=0000800000d82000-0000800000d86000, binding_type=bind, object_type=VK_OBJECT_TYPE_COMMAND_BUFFER, object_handle=0x611dce1c2ef0
timestamp=17854368712295, VA=0000800000d86000-0000800000d8a000, binding_type=bind, object_type=VK_OBJECT_TYPE_COMMAND_BUFFER, object_handle=0x611dce1c8dc0
timestamp=17854368771036, VA=0000800000d8a000-0000800000d8e000, binding_type=bind, object_type=VK_OBJECT_TYPE_COMMAND_BUFFER, object_handle=0x611dce1cec90
timestamp=17854368986030, VA=0000800000d8e000-0000800000d92000, binding_type=bind, object_type=VK_OBJECT_TYPE_COMMAND_BUFFER, object_handle=0x611dce1d4b60
timestamp=17854369115214, VA=0000800000d92000-0000800000d96000, binding_type=bind, object_type=VK_OBJECT_TYPE_COMMAND_BUFFER, object_handle=0x611dce1daa30
timestamp=17854369219981, VA=0000800000d96000-0000800000d9a000, binding_type=bind, object_type=VK_OBJECT_TYPE_COMMAND_BUFFER, object_handle=0x611dce1e0900
timestamp=17854369293620, VA=0000800000d9a000-0000800000d9e000, binding_type=bind, object_type=VK_OBJECT_TYPE_COMMAND_BUFFER, object_handle=0x611dce1e67d0
timestamp=17854369397906, VA=0000800000d9e000-0000800000da2000, binding_type=bind, object_type=VK_OBJECT_TYPE_COMMAND_BUFFER, object_handle=0x611dce1ec6a0
timestamp=17854369474160, VA=0000800000da2000-0000800000da6000, binding_type=bind, object_type=VK_OBJECT_TYPE_COMMAND_BUFFER, object_handle=0x611dce1f2570
timestamp=17854369582574, VA=0000800000da6000-0000800000daa000, binding_type=bind, object_type=VK_OBJECT_TYPE_COMMAND_BUFFER, object_handle=0x611dce1f8440
timestamp=17854369652055, VA=0000800000daa000-0000800000dae000, binding_type=bind, object_type=VK_OBJECT_TYPE_COMMAND_BUFFER, object_handle=0x611dce1fe310
timestamp=17854369750781, VA=0000800000dae000-0000800000db2000, binding_type=bind, object_type=VK_OBJECT_TYPE_COMMAND_BUFFER, object_handle=0x611dce2041e0
timestamp=17854369815453, VA=0000800000db2000-0000800000db6000, binding_type=bind, object_type=VK_OBJECT_TYPE_COMMAND_BUFFER, object_handle=0x611dce20a0b0
timestamp=17854369902787, VA=0000800000db6000-0000800000dba000, binding_type=bind, object_type=VK_OBJECT_TYPE_COMMAND_BUFFER, object_handle=0x611dce20ff80
timestamp=17854369961829, VA=0000800000dba000-0000800000dbe000, binding_type=bind, object_type=VK_OBJECT_TYPE_COMMAND_BUFFER, object_handle=0x611dce215e50
timestamp=17854370048582, VA=0000800000dbe000-0000800000dc2000, binding_type=bind, object_type=VK_OBJECT_TYPE_COMMAND_BUFFER, object_handle=0x611dce21bd20
timestamp=17854374961045, VA=0000800000dc2000-0000800000dc6000, binding_type=bind, object_type=VK_OBJECT_TYPE_COMMAND_BUFFER, object_handle=0x611dce221bf0
timestamp=17854376233151, VA=0000800000dc6000-0000800000dca000, binding_type=bind, object_type=VK_OBJECT_TYPE_COMMAND_BUFFER, object_handle=0x611dce227ac0
timestamp=17854376294206, VA=0000800000dca000-0000800000dce000, binding_type=bind, object_type=VK_OBJECT_TYPE_COMMAND_BUFFER, object_handle=0x611dce22d990
timestamp=17854376376892, VA=0000800000dce000-0000800000dd2000, binding_type=bind, object_type=VK_OBJECT_TYPE_COMMAND_BUFFER, object_handle=0x611dce233860
timestamp=17854376429160, VA=0000800000dd2000-0000800000dd6000, binding_type=bind, object_type=VK_OBJECT_TYPE_COMMAND_BUFFER, object_handle=0x611dce239730
timestamp=17854376510043, VA=0000800000dd6000-0000800000dda000, binding_type=bind, object_type=VK_OBJECT_TYPE_COMMAND_BUFFER, object_handle=0x611dce23f600
timestamp=17854376563674, VA=0000800000dda000-0000800000dde000, binding_type=bind, object_type=VK_OBJECT_TYPE_COMMAND_BUFFER, object_handle=0x611dce2454d0
timestamp=17854376649836, VA=0000800000dde000-0000800000de2000, binding_type=bind, object_type=VK_OBJECT_TYPE_COMMAND_BUFFER, object_handle=0x611dce24b3a0
timestamp=17854376701884, VA=0000800000de2000-0000800000de6000, binding_type=bind, object_type=VK_OBJECT_TYPE_COMMAND_BUFFER, object_handle=0x611dce251270
timestamp=17854376781805, VA=0000800000de6000-0000800000dea000, binding_type=bind, object_type=VK_OBJECT_TYPE_COMMAND_BUFFER, object_handle=0x611dce257140
timestamp=17854376835015, VA=0000800000dea000-0000800000dee000, binding_type=bind, object_type=VK_OBJECT_TYPE_COMMAND_BUFFER, object_handle=0x611dce25d010
timestamp=17854376918893, VA=0000800000dee000-0000800000df2000, binding_type=bind, object_type=VK_OBJECT_TYPE_COMMAND_BUFFER, object_handle=0x611dce262ee0
timestamp=17854376968556, VA=0000800000df2000-0000800000df6000, binding_type=bind, object_type=VK_OBJECT_TYPE_COMMAND_BUFFER, object_handle=0x611dce268db0
timestamp=17854377166870, VA=0000800000df6000-0000800000dfa000, binding_type=bind, object_type=VK_OBJECT_TYPE_COMMAND_BUFFER, object_handle=0x611dce26ec80
timestamp=17854377274633, VA=0000800000dfa000-0000800000dfe000, binding_type=bind, object_type=VK_OBJECT_TYPE_COMMAND_BUFFER, object_handle=0x611dce274b50
timestamp=17854377361346, VA=0000800000dfe000-0000800000e02000, binding_type=bind, object_type=VK_OBJECT_TYPE_COMMAND_BUFFER, object_handle=0x611dce27aa20
timestamp=17854377435356, VA=0000800000e02000-0000800000e06000, binding_type=bind, object_type=VK_OBJECT_TYPE_COMMAND_BUFFER, object_handle=0x611dce2808f0
timestamp=17854377523191, VA=0000800000e06000-0000800000e0a000, binding_type=bind, object_type=VK_OBJECT_TYPE_COMMAND_BUFFER, object_handle=0x611dce2867c0
timestamp=17854377573025, VA=0000800000e0a000-0000800000e0e000, binding_type=bind, object_type=VK_OBJECT_TYPE_COMMAND_BUFFER, object_handle=0x611dce28c690
timestamp=17854377655460, VA=0000800000e0e000-0000800000e12000, binding_type=bind, object_type=VK_OBJECT_TYPE_COMMAND_BUFFER, object_handle=0x611dce292560
timestamp=17854979168301, VA=0000800138000000-0000800138f00000, binding_type=bind, object_type=VK_OBJECT_TYPE_DEVICE_MEMORY, object_handle=0x7f25b4004e00
timestamp=17854979187337, VA=0000800138000000-0000800138f00000, binding_type=bind, object_type=VK_OBJECT_TYPE_IMAGE, object_handle=0x7f25b4004060
timestamp=17856521054352, VA=0000800140a00000-0000800141710000, binding_type=bind, object_type=VK_OBJECT_TYPE_DEVICE_MEMORY, object_handle=0x7f25b4008540
timestamp=17856521109947, VA=0000800140a00000-0000800141710000, binding_type=bind, object_type=VK_OBJECT_TYPE_IMAGE, object_handle=0x7f25b4007940
timestamp=17856632258106, VA=00008001378c0000-00008001378c1000, binding_type=bind, object_type=VK_OBJECT_TYPE_DEVICE_MEMORY, object_handle=0x7f25e02ae350
timestamp=17856632272433, VA=00008001378c0000-00008001378c1000, binding_type=bind, object_type=VK_OBJECT_TYPE_IMAGE, object_handle=0x7f25e0220230
timestamp=17856840586624, VA=0000800137900000-0000800137901000, binding_type=bind, object_type=VK_OBJECT_TYPE_DEVICE_MEMORY, object_handle=0x7f25e015ca10
timestamp=17856840600310, VA=0000800137900000-0000800137901000, binding_type=bind, object_type=VK_OBJECT_TYPE_IMAGE, object_handle=0x7f25e016d5a0
timestamp=17856848874846, VA=0000800137940000-0000800137941000, binding_type=bind, object_type=VK_OBJECT_TYPE_DEVICE_MEMORY, object_handle=0x7f25e01cdef0
timestamp=17856848890245, VA=0000800137940000-0000800137941000, binding_type=bind, object_type=VK_OBJECT_TYPE_IMAGE, object_handle=0x7f25e014ef80
timestamp=17856849476229, VA=0000800137980000-0000800137981000, binding_type=bind, object_type=VK_OBJECT_TYPE_DEVICE_MEMORY, object_handle=0x7f25e0150610
timestamp=17856849486197, VA=0000800137980000-0000800137981000, binding_type=bind, object_type=VK_OBJECT_TYPE_IMAGE, object_handle=0x7f25e007db60
timestamp=17856849932047, VA=00008001379c0000-00008001379c1000, binding_type=bind, object_type=VK_OBJECT_TYPE_DEVICE_MEMORY, object_handle=0x7f25e0118f10
timestamp=17856849942557, VA=00008001379c0000-00008001379c1000, binding_type=bind, object_type=VK_OBJECT_TYPE_IMAGE, object_handle=0x7f25e025b8f0
timestamp=17860454790123, VA=000080011d299bd0-000080011d299c00, binding_type=bind, object_type=VK_OBJECT_TYPE_BUFFER, object_handle=0x7f25e0373250
timestamp=17860461636599, VA=000080011d299c00-000080011d299c30, binding_type=bind, object_type=VK_OBJECT_TYPE_BUFFER, object_handle=0x7f25e016e230
timestamp=17860461838680, VA=0000800137a00000-0000800137a0b000, binding_type=bind, object_type=VK_OBJECT_TYPE_DEVICE_MEMORY, object_handle=0x7f25e017b2b0
timestamp=17860461846054, VA=0000800137a00000-0000800137a0a2c0, binding_type=bind, object_type=VK_OBJECT_TYPE_BUFFER, object_handle=0x7f25e0222340
timestamp=17860461870750, VA=0000800000e12000-0000800000e1c2c0, binding_type=bind, object_type=VK_OBJECT_TYPE_COMMAND_BUFFER, object_handle=0x611dcc973920
timestamp=17860461934370, VA=0000800137a40000-0000800137a5d000, binding_type=bind, object_type=VK_OBJECT_TYPE_DEVICE_MEMORY, object_handle=0x7f25e046d890
timestamp=17860461937306, VA=0000800137a40000-0000800137a5cc30, binding_type=bind, object_type=VK_OBJECT_TYPE_BUFFER, object_handle=0x7f25e01d70f0
timestamp=17860461998691, VA=0000800137a80000-0000800137a81000, binding_type=bind, object_type=VK_OBJECT_TYPE_DEVICE_MEMORY, object_handle=0x7f25e0117be0
timestamp=17860462005574, VA=0000800137a80000-0000800137a80510, binding_type=bind, object_type=VK_OBJECT_TYPE_BUFFER, object_handle=0x7f25e023dc10
timestamp=17860462021805, VA=0000800000e1d000-0000800000e31580, binding_type=bind, object_type=VK_OBJECT_TYPE_COMMAND_BUFFER, object_handle=0x611dcc973920
timestamp=17860462065607, VA=0000800137ac0000-0000800137ac1000, binding_type=bind, object_type=VK_OBJECT_TYPE_DEVICE_MEMORY, object_handle=0x7f25e02bac70
timestamp=17860462068242, VA=0000800137ac0000-0000800137ac0980, binding_type=bind, object_type=VK_OBJECT_TYPE_BUFFER, object_handle=0x7f25e05ee380
timestamp=17860462101415, VA=0000800137b00000-0000800137b01000, binding_type=bind, object_type=VK_OBJECT_TYPE_DEVICE_MEMORY, object_handle=0x7f25e015e6a0
timestamp=17860462103699, VA=0000800137b00000-0000800137b00510, binding_type=bind, object_type=VK_OBJECT_TYPE_BUFFER, object_handle=0x7f25e0329700
timestamp=17860462128806, VA=0000800137b40000-0000800137b41000, binding_type=bind, object_type=VK_OBJECT_TYPE_DEVICE_MEMORY, object_handle=0x7f25e02dc2e0
timestamp=17860462130580, VA=0000800137b40000-0000800137b40980, binding_type=bind, object_type=VK_OBJECT_TYPE_BUFFER, object_handle=0x7f25e01f3e00
timestamp=17860462161208, VA=0000800137b80000-0000800137b81000, binding_type=bind, object_type=VK_OBJECT_TYPE_DEVICE_MEMORY, object_handle=0x7f25e016af70
timestamp=17860462163322, VA=0000800137b80000-0000800137b80140, binding_type=bind, object_type=VK_OBJECT_TYPE_BUFFER, object_handle=0x7f25e011b870
timestamp=17860462188258, VA=0000800137bc0000-0000800137bc1000, binding_type=bind, object_type=VK_OBJECT_TYPE_DEVICE_MEMORY, object_handle=0x7f25e00a64f0
timestamp=17860462190252, VA=0000800137bc0000-0000800137bc0440, binding_type=bind, object_type=VK_OBJECT_TYPE_BUFFER, object_handle=0x7f25e00f8b10
timestamp=17860462229807, VA=0000800137c00000-0000800137c01000, binding_type=bind, object_type=VK_OBJECT_TYPE_DEVICE_MEMORY, object_handle=0x7f25e01773d0
timestamp=17860462232141, VA=0000800137c00000-0000800137c00980, binding_type=bind, object_type=VK_OBJECT_TYPE_BUFFER, object_handle=0x7f25e023b540
timestamp=17860462258320, VA=0000800137c40000-0000800137c42000, binding_type=bind, object_type=VK_OBJECT_TYPE_DEVICE_MEMORY, object_handle=0x7f25e0074be0
timestamp=17860462260685, VA=0000800137c40000-0000800137c41810, binding_type=bind, object_type=VK_OBJECT_TYPE_BUFFER, object_handle=0x7f25e01ed370
timestamp=17860462292024, VA=0000800137c80000-0000800137c81000, binding_type=bind, object_type=VK_OBJECT_TYPE_DEVICE_MEMORY, object_handle=0x7f25e014c6b0
timestamp=17860462294098, VA=0000800137c80000-0000800137c80120, binding_type=bind, object_type=VK_OBJECT_TYPE_BUFFER, object_handle=0x7f25e01279a0
timestamp=17860462320377, VA=0000800137cc0000-0000800137cc1000, binding_type=bind, object_type=VK_OBJECT_TYPE_DEVICE_MEMORY, object_handle=0x7f25e017bd30
timestamp=17860462322311, VA=0000800137cc0000-0000800137cc02d0, binding_type=bind, object_type=VK_OBJECT_TYPE_BUFFER, object_handle=0x7f25e03badc0
timestamp=17860479041644, VA=000080011d299c30-000080011d299c50, binding_type=bind, object_type=VK_OBJECT_TYPE_BUFFER, object_handle=0x7f25e0546420
timestamp=17860479299409, VA=0000800137d00000-0000800137d01000, binding_type=bind, object_type=VK_OBJECT_TYPE_DEVICE_MEMORY, object_handle=0x7f25e0576560
timestamp=17860479308326, VA=0000800137d00000-0000800137d005a0, binding_type=bind, object_type=VK_OBJECT_TYPE_BUFFER, object_handle=0x7f25e0609870
timestamp=17860479351066, VA=0000800137d40000-0000800137d42000, binding_type=bind, object_type=VK_OBJECT_TYPE_DEVICE_MEMORY, object_handle=0x7f25e05f5ea0
timestamp=17860479353681, VA=0000800137d40000-0000800137d412e0, binding_type=bind, object_type=VK_OBJECT_TYPE_BUFFER, object_handle=0x7f25e06098f0
timestamp=17860479399528, VA=0000800137d80000-0000800137d81000, binding_type=bind, object_type=VK_OBJECT_TYPE_DEVICE_MEMORY, object_handle=0x7f25e0431a70
timestamp=17860479402113, VA=0000800137d80000-0000800137d80bd0, binding_type=bind, object_type=VK_OBJECT_TYPE_BUFFER, object_handle=0x7f25e05783b0
timestamp=17860479435856, VA=0000800137dc0000-0000800137dc2000, binding_type=bind, object_type=VK_OBJECT_TYPE_DEVICE_MEMORY, object_handle=0x7f25e02d5010
timestamp=17860479437740, VA=0000800137dc0000-0000800137dc1880, binding_type=bind, object_type=VK_OBJECT_TYPE_BUFFER, object_handle=0x7f25e05194d0
timestamp=17860479473547, VA=0000800137e00000-0000800137e01000, binding_type=bind, object_type=VK_OBJECT_TYPE_DEVICE_MEMORY, object_handle=0x7f25e0482620
timestamp=17860479475591, VA=0000800137e00000-0000800137e008f0, binding_type=bind, object_type=VK_OBJECT_TYPE_BUFFER, object_handle=0x7f25e043fb70
timestamp=17860479502632, VA=0000800137e40000-0000800137e42000, binding_type=bind, object_type=VK_OBJECT_TYPE_DEVICE_MEMORY, object_handle=0x7f25e0475760
timestamp=17860479504956, VA=0000800137e40000-0000800137e416a0, binding_type=bind, object_type=VK_OBJECT_TYPE_BUFFER, object_handle=0x7f25e06097f0
timestamp=17860479544992, VA=0000800138f00000-0000800138f01000, binding_type=bind, object_type=VK_OBJECT_TYPE_DEVICE_MEMORY, object_handle=0x7f25e0184390
timestamp=17860479547557, VA=0000800138f00000-0000800138f00980, binding_type=bind, object_type=VK_OBJECT_TYPE_BUFFER, object_handle=0x7f25e0371d30
timestamp=17860479573445, VA=0000800138f40000-0000800138f42000, binding_type=bind, object_type=VK_OBJECT_TYPE_DEVICE_MEMORY, object_handle=0x7f25e051a310
timestamp=17860479575589, VA=0000800138f40000-0000800138f416a0, binding_type=bind, object_type=VK_OBJECT_TYPE_BUFFER, object_handle=0x7f25e01d6ff0
timestamp=17860479622708, VA=0000800138f80000-0000800138f83000, binding_type=bind, object_type=VK_OBJECT_TYPE_DEVICE_MEMORY, object_handle=0x7f25e02d6110
timestamp=17860479625063, VA=0000800138f80000-0000800138f82b20, binding_type=bind, object_type=VK_OBJECT_TYPE_BUFFER, object_handle=0x7f25e04c0b10
timestamp=17860479659347, VA=0000800138fc0000-0000800138fca000, binding_type=bind, object_type=VK_OBJECT_TYPE_DEVICE_MEMORY, object_handle=0x7f25e02d78a0
timestamp=17860479661301, VA=0000800138fc0000-0000800138fc9950, binding_type=bind, object_type=VK_OBJECT_TYPE_BUFFER, object_handle=0x7f25e057c080
timestamp=17860479680106, VA=0000800000e32000-0000800000e5ab00, binding_type=bind, object_type=VK_OBJECT_TYPE_COMMAND_BUFFER, object_handle=0x611dcc973920
timestamp=17860488936602, VA=000080013d180000-000080013d181000, binding_type=bind, object_type=VK_OBJECT_TYPE_DEVICE_MEMORY, object_handle=0x7f25e016abf0
timestamp=17860488944106, VA=000080013d180000-000080013d180120, binding_type=bind, object_type=VK_OBJECT_TYPE_BUFFER, object_handle=0x7f25e0221600
timestamp=17860488986245, VA=000080013d1c0000-000080013d1c1000, binding_type=bind, object_type=VK_OBJECT_TYPE_DEVICE_MEMORY, object_handle=0x7f25e0443eb0
timestamp=17860488988550, VA=000080013d1c0000-000080013d1c0780, binding_type=bind, object_type=VK_OBJECT_TYPE_BUFFER, object_handle=0x7f25e0174a40
timestamp=17860489026191, VA=000080013e880000-000080013e881000, binding_type=bind, object_type=VK_OBJECT_TYPE_DEVICE_MEMORY, object_handle=0x7f25e0266730
timestamp=17860489028976, VA=000080013e880000-000080013e880090, binding_type=bind, object_type=VK_OBJECT_TYPE_BUFFER, object_handle=0x7f25e017ca10
timestamp=17860489054324, VA=000080013e8c0000-000080013e8c1000, binding_type=bind, object_type=VK_OBJECT_TYPE_DEVICE_MEMORY, object_handle=0x7f25e00a2f20
timestamp=17860489056628, VA=000080013e8c0000-000080013e8c03c0, binding_type=bind, object_type=VK_OBJECT_TYPE_BUFFER, object_handle=0x7f25e01ce530
timestamp=17860489081855, VA=000080013e900000-000080013e901000, binding_type=bind, object_type=VK_OBJECT_TYPE_DEVICE_MEMORY, object_handle=0x7f25e00a70f0
timestamp=17860489084300, VA=000080013e900000-000080013e900090, binding_type=bind, object_type=VK_OBJECT_TYPE_BUFFER, object_handle=0x7f25e01ceca0
timestamp=17860489117322, VA=000080013e940000-000080013e941000, binding_type=bind, object_type=VK_OBJECT_TYPE_DEVICE_MEMORY, object_handle=0x7f25e0158150
timestamp=17860489119807, VA=000080013e940000-000080013e9403c0, binding_type=bind, object_type=VK_OBJECT_TYPE_BUFFER, object_handle=0x7f25e01d7170
timestamp=17860489146607, VA=000080013e980000-000080013e981000, binding_type=bind, object_type=VK_OBJECT_TYPE_DEVICE_MEMORY, object_handle=0x7f25e00bb3e0
timestamp=17860489148982, VA=000080013e980000-000080013e980090, binding_type=bind, object_type=VK_OBJECT_TYPE_BUFFER, object_handle=0x7f25e0079940
timestamp=17860489175772, VA=000080013e9c0000-000080013e9c1000, binding_type=bind, object_type=VK_OBJECT_TYPE_DEVICE_MEMORY, object_handle=0x7f25e02d8e10
timestamp=17860489179119, VA=000080013e9c0000-000080013e9c03c0, binding_type=bind, object_type=VK_OBJECT_TYPE_BUFFER, object_handle=0x7f25e0137e30
timestamp=17860489205679, VA=0000800141740000-0000800141741000, binding_type=bind, object_type=VK_OBJECT_TYPE_DEVICE_MEMORY, object_handle=0x7f25e02d90e0
timestamp=17860489208113, VA=0000800141740000-0000800141740090, binding_type=bind, object_type=VK_OBJECT_TYPE_BUFFER, object_handle=0x7f25e014de20
timestamp=17860489232118, VA=0000800141780000-0000800141781000, binding_type=bind, object_type=VK_OBJECT_TYPE_DEVICE_MEMORY, object_handle=0x7f25e0150ca0
timestamp=17860489234423, VA=0000800141780000-00008001417803c0, binding_type=bind, object_type=VK_OBJECT_TYPE_BUFFER, object_handle=0x7f25e007f720
timestamp=17860506186454, VA=000080011d299c50-000080011d299c70, binding_type=bind, object_type=VK_OBJECT_TYPE_BUFFER, object_handle=0x7f25e047cef0
timestamp=17860525876221, VA=000080011d299c70-000080011d299ca0, binding_type=bind, object_type=VK_OBJECT_TYPE_BUFFER, object_handle=0x7f25e03d4620
timestamp=17860542799208, VA=000080011d299ca0-000080011d299cc0, binding_type=bind, object_type=VK_OBJECT_TYPE_BUFFER, object_handle=0x7f25e061d7e0
timestamp=17860543617379, VA=000080013900c000-000080013900d000, binding_type=bind, object_type=VK_OBJECT_TYPE_BUFFER, object_handle=0x7f25e0761eb0
timestamp=17860543938454, VA=000080011d299cc0-000080011d29acc0, binding_type=bind, object_type=VK_OBJECT_TYPE_BUFFER, object_handle=0x7f25e02a34d0
timestamp=17860555473862, VA=00008001417c0000-00008001417c1000, binding_type=bind, object_type=VK_OBJECT_TYPE_DEVICE_MEMORY, object_handle=0x7f25e01d96d0
timestamp=17860555484141, VA=00008001417c0000-00008001417c0030, binding_type=bind, object_type=VK_OBJECT_TYPE_BUFFER, object_handle=0x7f25e0074910
timestamp=17860555535798, VA=0000800141800000-0000800141801000, binding_type=bind, object_type=VK_OBJECT_TYPE_DEVICE_MEMORY, object_handle=0x7f25e01dae30
timestamp=17860555539125, VA=0000800141800000-00008001418000f0, binding_type=bind, object_type=VK_OBJECT_TYPE_BUFFER, object_handle=0x7f25e0263520
timestamp=17860555572097, VA=0000800141840000-0000800141841000, binding_type=bind, object_type=VK_OBJECT_TYPE_DEVICE_MEMORY, object_handle=0x7f25e0611a70
timestamp=17860555574571, VA=0000800141840000-0000800141840010, binding_type=bind, object_type=VK_OBJECT_TYPE_BUFFER, object_handle=0x7f25e01dddd0
timestamp=17860555600170, VA=0000800141880000-0000800141881000, binding_type=bind, object_type=VK_OBJECT_TYPE_DEVICE_MEMORY, object_handle=0x7f25e0184be0
timestamp=17860555602254, VA=0000800141880000-0000800141880050, binding_type=bind, object_type=VK_OBJECT_TYPE_BUFFER, object_handle=0x7f25e00abfe0
timestamp=17860565029861, VA=000080011d29acc0-000080011d29acf0, binding_type=bind, object_type=VK_OBJECT_TYPE_BUFFER, object_handle=0x7f25e003c390
timestamp=17860565332261, VA=0000800141a00000-0000800142f60000, binding_type=bind, object_type=VK_OBJECT_TYPE_DEVICE_MEMORY, object_handle=0x7f25e0433490
timestamp=17860565342160, VA=0000800141a00000-0000800142f60000, binding_type=bind, object_type=VK_OBJECT_TYPE_IMAGE, object_handle=0x7f25e0575b00
timestamp=17860578699470, VA=000080011d29acf0-000080011d29ad00, binding_type=bind, object_type=VK_OBJECT_TYPE_BUFFER, object_handle=0x7f25e05ee7a0
timestamp=17860590969081, VA=000080011d29ad00-000080011d29ad10, binding_type=bind, object_type=VK_OBJECT_TYPE_BUFFER, object_handle=0x7f25e0232e90
timestamp=17860591341973, VA=00008001418c0000-00008001418c1000, binding_type=bind, object_type=VK_OBJECT_TYPE_DEVICE_MEMORY, object_handle=0x7f25e01a8010
timestamp=17860591354737, VA=00008001418c0000-00008001418c03b0, binding_type=bind, object_type=VK_OBJECT_TYPE_BUFFER, object_handle=0x7f25e034af90
timestamp=17860591404821, VA=0000800141900000-0000800141901000, binding_type=bind, object_type=VK_OBJECT_TYPE_DEVICE_MEMORY, object_handle=0x7f25e0232f90
timestamp=17860591409140, VA=0000800141900000-0000800141900930, binding_type=bind, object_type=VK_OBJECT_TYPE_BUFFER, object_handle=0x7f25e061e2b0
timestamp=17860604897216, VA=000080011d29ad10-000080011d29ad30, binding_type=bind, object_type=VK_OBJECT_TYPE_BUFFER, object_handle=0x7f25e06f18c0
timestamp=17860605473992, VA=0000800143000000-0000800143560000, binding_type=bind, object_type=VK_OBJECT_TYPE_DEVICE_MEMORY, object_handle=0x7f25e03ac960
timestamp=17860605485344, VA=0000800143000000-0000800143560000, binding_type=bind, object_type=VK_OBJECT_TYPE_IMAGE, object_handle=0x7f25e036c840
timestamp=17860606382163, VA=000080013900d000-000080013900e000, binding_type=bind, object_type=VK_OBJECT_TYPE_BUFFER, object_handle=0x7f25e029f2f0
timestamp=17860606571660, VA=0000800141940000-00008001419a0000, binding_type=bind, object_type=VK_OBJECT_TYPE_DEVICE_MEMORY, object_handle=0x7f25e02d9b70
timestamp=17860606579314, VA=0000800141940000-00008001419a0000, binding_type=bind, object_type=VK_OBJECT_TYPE_IMAGE, object_handle=0x7f25e0112220
timestamp=17860617726782, VA=000080011d29ad30-000080011d29ad50, binding_type=bind, object_type=VK_OBJECT_TYPE_BUFFER, object_handle=0x7f25e0328b70
timestamp=17860625056889, VA=0000800143600000-0000800143e70000, binding_type=bind, object_type=VK_OBJECT_TYPE_DEVICE_MEMORY, object_handle=0x7f25a8004f50
timestamp=17860625070474, VA=0000800143600000-0000800143e70000, binding_type=bind, object_type=VK_OBJECT_TYPE_IMAGE, object_handle=0x7f25a8004350
timestamp=17860628684361, VA=000080011d29ad50-000080011d29ad80, binding_type=bind, object_type=VK_OBJECT_TYPE_BUFFER, object_handle=0x7f25e04d2070
timestamp=17860629699133, VA=0000800143e80000-0000800143f70000, binding_type=bind, object_type=VK_OBJECT_TYPE_DEVICE_MEMORY, object_handle=0x7f25a80082f0
timestamp=17860629711777, VA=0000800143e80000-0000800143f70000, binding_type=bind, object_type=VK_OBJECT_TYPE_IMAGE, object_handle=0x7f25a80077b0
timestamp=17860632779184, VA=0000800144000000-0000800144280000, binding_type=bind, object_type=VK_OBJECT_TYPE_DEVICE_MEMORY, object_handle=0x7f25a800b480
timestamp=17860632794022, VA=0000800144000000-0000800144280000, binding_type=bind, object_type=VK_OBJECT_TYPE_IMAGE, object_handle=0x7f25a800a880
timestamp=17860641849279, VA=000080011d29ad80-000080011d29bd80, binding_type=bind, object_type=VK_OBJECT_TYPE_BUFFER, object_handle=0x7f25e08ae0f0
timestamp=17860641853096, VA=000080011d29bd80-000080011d29bda0, binding_type=bind, object_type=VK_OBJECT_TYPE_BUFFER, object_handle=0x7f25e064eba0
timestamp=17860642579514, VA=000080013900e000-000080013900f000, binding_type=bind, object_type=VK_OBJECT_TYPE_BUFFER, object_handle=0x7f25e06bbe00
timestamp=17860642638095, VA=000080011d29bda0-000080011d29cda0, binding_type=bind, object_type=VK_OBJECT_TYPE_BUFFER, object_handle=0x7f25e06bbe80
timestamp=17860643117668, VA=000080011d29cda0-000080011d29dda0, binding_type=bind, object_type=VK_OBJECT_TYPE_BUFFER, object_handle=0x7f25e06ba8a0
timestamp=17860643692491, VA=000080011d29dda0-000080011d29eda0, binding_type=bind, object_type=VK_OBJECT_TYPE_BUFFER, object_handle=0x7f25e06ba920
timestamp=17860643721375, VA=000080011d29eda0-000080011d29fda0, binding_type=bind, object_type=VK_OBJECT_TYPE_BUFFER, object_handle=0x7f25e053f510
timestamp=17860643749248, VA=000080011d29fda0-000080011d2a0da0, binding_type=bind, object_type=VK_OBJECT_TYPE_BUFFER, object_handle=0x7f25e053f590
timestamp=17860655996667, VA=000080013900f000-0000800139010000, binding_type=bind, object_type=VK_OBJECT_TYPE_BUFFER, object_handle=0x7f25e006ef20
timestamp=17860668219109, VA=000080011d2a0da0-000080011d2a0dc0, binding_type=bind, object_type=VK_OBJECT_TYPE_BUFFER, object_handle=0x7f25e08b3980
timestamp=17860683657770, VA=000080011d2a0dc0-000080011d2a0df0, binding_type=bind, object_type=VK_OBJECT_TYPE_BUFFER, object_handle=0x7f25e06f9720
timestamp=17860698559018, VA=000080011d2a0df0-000080011d2a0e20, binding_type=bind, object_type=VK_OBJECT_TYPE_BUFFER, object_handle=0x7f25e08da090
timestamp=17860699059811, VA=000080011d2a0e20-000080011d2a1e20, binding_type=bind, object_type=VK_OBJECT_TYPE_BUFFER, object_handle=0x7f25e080a500
timestamp=17860699431832, VA=0000800139010000-0000800139011000, binding_type=bind, object_type=VK_OBJECT_TYPE_BUFFER, object_handle=0x7f25e0637950
timestamp=17860699520429, VA=000080011d2a1e20-000080011d2a2e20, binding_type=bind, object_type=VK_OBJECT_TYPE_BUFFER, object_handle=0x7f25e06f1840
timestamp=17860699743098, VA=000080011d2a2e20-000080011d2a3e20, binding_type=bind, object_type=VK_OBJECT_TYPE_BUFFER, object_handle=0x7f25e0474670
timestamp=17860699952623, VA=0000800139011000-0000800139012000, binding_type=bind, object_type=VK_OBJECT_TYPE_BUFFER, object_handle=0x7f25e06379d0
timestamp=17860700026321, VA=000080011d2a3e20-000080011d2a4e20, binding_type=bind, object_type=VK_OBJECT_TYPE_BUFFER, object_handle=0x7f25e08adad0
timestamp=17860700356002, VA=000080011d2a4e20-000080011d2a5e20, binding_type=bind, object_type=VK_OBJECT_TYPE_BUFFER, object_handle=0x7f25e02892a0
timestamp=17860700382252, VA=000080011d2a5e20-000080011d2a6e20, binding_type=bind, object_type=VK_OBJECT_TYPE_BUFFER, object_handle=0x7f25e081de10
timestamp=17860700407770, VA=000080011d2a6e20-000080011d2a7e20, binding_type=bind, object_type=VK_OBJECT_TYPE_BUFFER, object_handle=0x7f25e02b1a10
timestamp=17860700426425, VA=000080011d2a7e20-000080011d2a8e20, binding_type=bind, object_type=VK_OBJECT_TYPE_BUFFER, object_handle=0x7f25e016f490
timestamp=17860714689792, VA=0000800139012000-0000800139013000, binding_type=bind, object_type=VK_OBJECT_TYPE_BUFFER, object_handle=0x7f25e03ebec0
timestamp=17860726425447, VA=000080011d2a8e20-000080011d2a8e40, binding_type=bind, object_type=VK_OBJECT_TYPE_BUFFER, object_handle=0x7f25e0920ae0
timestamp=17860726788250, VA=00008001419c0000-00008001419c1000, binding_type=bind, object_type=VK_OBJECT_TYPE_DEVICE_MEMORY, object_handle=0x7f25e00a7260
timestamp=17860726799742, VA=00008001419c0000-00008001419c0960, binding_type=bind, object_type=VK_OBJECT_TYPE_BUFFER, object_handle=0x7f25e0921060
timestamp=17860726852091, VA=0000800142f80000-0000800142f82000, binding_type=bind, object_type=VK_OBJECT_TYPE_DEVICE_MEMORY, object_handle=0x7f25e017cb70
timestamp=17860726855818, VA=0000800142f80000-0000800142f818e0, binding_type=bind, object_type=VK_OBJECT_TYPE_BUFFER, object_handle=0x7f25e031eab0
timestamp=17860726920920, VA=0000800142fc0000-0000800142fc2000, binding_type=bind, object_type=VK_OBJECT_TYPE_DEVICE_MEMORY, object_handle=0x7f25e00549e0
timestamp=17860726924838, VA=0000800142fc0000-0000800142fc1200, binding_type=bind, object_type=VK_OBJECT_TYPE_BUFFER, object_handle=0x7f25e0920da0
timestamp=17860726955876, VA=0000800000e5b000-0000800000e63000, binding_type=bind, object_type=VK_OBJECT_TYPE_COMMAND_BUFFER, object_handle=0x611dcc95cfa0
timestamp=17860727068308, VA=0000800143580000-0000800143583000, binding_type=bind, object_type=VK_OBJECT_TYPE_DEVICE_MEMORY, object_handle=0x7f25e053f670
timestamp=17860727071945, VA=0000800143580000-00008001435824c0, binding_type=bind, object_type=VK_OBJECT_TYPE_BUFFER, object_handle=0x7f25e01a5ab0
timestamp=17860727407427, VA=000080011d2a8e40-000080011d2a9e40, binding_type=bind, object_type=VK_OBJECT_TYPE_BUFFER, object_handle=0x7f25e0055b20
timestamp=17860727753428, VA=0000800139013000-0000800139014000, binding_type=bind, object_type=VK_OBJECT_TYPE_BUFFER, object_handle=0x7f25e027cbf0
timestamp=17860727848167, VA=000080011d2a9e40-000080011d2aae40, binding_type=bind, object_type=VK_OBJECT_TYPE_BUFFER, object_handle=0x7f25e027cc70
timestamp=17860728114048, VA=000080011d2aae40-000080011d2abe40, binding_type=bind, object_type=VK_OBJECT_TYPE_BUFFER, object_handle=0x7f25e01a6580
timestamp=17860728331427, VA=0000800139014000-0000800139015000, binding_type=bind, object_type=VK_OBJECT_TYPE_BUFFER, object_handle=0x7f25e0474510
timestamp=17860728420775, VA=000080011d2abe40-000080011d2ace40, binding_type=bind, object_type=VK_OBJECT_TYPE_BUFFER, object_handle=0x7f25e04cdf30
timestamp=17860729026076, VA=000080011d2ace40-000080011d2ade40, binding_type=bind, object_type=VK_OBJECT_TYPE_BUFFER, object_handle=0x7f25e0520860
timestamp=17860729065330, VA=000080011d2ade40-000080011d2aee40, binding_type=bind, object_type=VK_OBJECT_TYPE_BUFFER, object_handle=0x7f25e03ea730
timestamp=17860729110264, VA=000080011d2aee40-000080011d2afe40, binding_type=bind, object_type=VK_OBJECT_TYPE_BUFFER, object_handle=0x7f25e015a780
timestamp=17860729134830, VA=000080011d2afe40-000080011d2b0e40, binding_type=bind, object_type=VK_OBJECT_TYPE_BUFFER, object_handle=0x7f25e08aceb0
timestamp=17860739204858, VA=0000800139015000-0000800139016000, binding_type=bind, object_type=VK_OBJECT_TYPE_BUFFER, object_handle=0x7f25e01bb9d0
timestamp=17860739530612, VA=000080011d2b0e40-000080011d2b1e40, binding_type=bind, object_type=VK_OBJECT_TYPE_BUFFER, object_handle=0x7f25e0944110
timestamp=17860740036565, VA=0000800139016000-0000800139017000, binding_type=bind, object_type=VK_OBJECT_TYPE_BUFFER, object_handle=0x7f25e08d00f0
timestamp=17860740069016, VA=000080011d2b1e40-000080011d2b2e40, binding_type=bind, object_type=VK_OBJECT_TYPE_BUFFER, object_handle=0x7f25e080c330
timestamp=17860740304981, VA=000080011d2b2e40-000080011d2b3e40, binding_type=bind, object_type=VK_OBJECT_TYPE_BUFFER, object_handle=0x7f25e0443760
timestamp=17860740494738, VA=0000800139017000-0000800139018000, binding_type=bind, object_type=VK_OBJECT_TYPE_BUFFER, object_handle=0x7f25e0897b80
timestamp=17860740524825, VA=000080011d2b3e40-000080011d2b4e40, binding_type=bind, object_type=VK_OBJECT_TYPE_BUFFER, object_handle=0x7f25e03596b0
timestamp=17860740809481, VA=000080011d2b4e40-000080011d2b5e40, binding_type=bind, object_type=VK_OBJECT_TYPE_BUFFER, object_handle=0x7f25e03f88e0
timestamp=17860740955466, VA=000080011d2b5e40-000080011d2b6e40, binding_type=bind, object_type=VK_OBJECT_TYPE_BUFFER, object_handle=0x7f25e03a3940
timestamp=17860740985863, VA=000080011d2b6e40-000080011d2b7e40, binding_type=bind, object_type=VK_OBJECT_TYPE_BUFFER, object_handle=0x7f25e02b9110
timestamp=17860741012593, VA=000080011d2b7e40-000080011d2b8e40, binding_type=bind, object_type=VK_OBJECT_TYPE_BUFFER, object_handle=0x7f25e03295a0
timestamp=17860741032451, VA=000080011d2b8e40-000080011d2b9e40, binding_type=bind, object_type=VK_OBJECT_TYPE_BUFFER, object_handle=0x7f25e0112100
timestamp=17860747335363, VA=0000800000e1d000-0000800000e31580, binding_type=unbind, object_type=VK_OBJECT_TYPE_COMMAND_BUFFER, object_handle=0x611dcc973920
timestamp=17860747388122, VA=0000800000e12000-0000800000e1c2c0, binding_type=unbind, object_type=VK_OBJECT_TYPE_COMMAND_BUFFER, object_handle=0x611dcc973920
timestamp=17860747406116, VA=0000800000b3e000-0000800000b42000, binding_type=unbind, object_type=VK_OBJECT_TYPE_COMMAND_BUFFER, object_handle=0x611dcc973920
timestamp=17860755972472, VA=0000800139018000-0000800139019000, binding_type=bind, object_type=VK_OBJECT_TYPE_BUFFER, object_handle=0x7f25e02194d0
timestamp=17860756314286, VA=000080011d2b9e40-000080011d2bae40, binding_type=bind, object_type=VK_OBJECT_TYPE_BUFFER, object_handle=0x7f25e0320090
timestamp=17860756824467, VA=0000800139019000-000080013901a000, binding_type=bind, object_type=VK_OBJECT_TYPE_BUFFER, object_handle=0x7f25e01718c0
timestamp=17860756854153, VA=000080011d2bae40-000080011d2bbe40, binding_type=bind, object_type=VK_OBJECT_TYPE_BUFFER, object_handle=0x7f25e08c3cc0
timestamp=17860757092261, VA=000080011d2bbe40-000080011d2bce40, binding_type=bind, object_type=VK_OBJECT_TYPE_BUFFER, object_handle=0x7f25e002c8e0
timestamp=17860757283662, VA=000080013901a000-000080013901b000, binding_type=bind, object_type=VK_OBJECT_TYPE_BUFFER, object_handle=0x7f25e02230a0
timestamp=17860757314360, VA=000080011d2bce40-000080011d2bde40, binding_type=bind, object_type=VK_OBJECT_TYPE_BUFFER, object_handle=0x7f25e02fb130
timestamp=17860757717439, VA=000080011d2bde40-000080011d2bee40, binding_type=bind, object_type=VK_OBJECT_TYPE_BUFFER, object_handle=0x7f25e0931d20
timestamp=17860757962821, VA=000080011d2bee40-000080011d2bfe40, binding_type=bind, object_type=VK_OBJECT_TYPE_BUFFER, object_handle=0x7f25e03d3bf0
timestamp=17860758011022, VA=000080011d2bfe40-000080011d2c0e40, binding_type=bind, object_type=VK_OBJECT_TYPE_BUFFER, object_handle=0x7f25e043e6c0
timestamp=17860758041710, VA=000080011d2c0e40-000080011d2c1e40, binding_type=bind, object_type=VK_OBJECT_TYPE_BUFFER, object_handle=0x7f25e0533b80
timestamp=17860758071085, VA=000080011d2c1e40-000080011d2c2e40, binding_type=bind, object_type=VK_OBJECT_TYPE_BUFFER, object_handle=0x7f25e0944e60
timestamp=17860773342901, VA=000080013901b000-000080013901c000, binding_type=bind, object_type=VK_OBJECT_TYPE_BUFFER, object_handle=0x7f25e0578010
timestamp=17860773373829, VA=000080011d2c2e40-000080011d2c3e40, binding_type=bind, object_type=VK_OBJECT_TYPE_BUFFER, object_handle=0x7f25e02187c0
timestamp=17860773602470, VA=000080011d2c3e40-000080011d2c4e40, binding_type=bind, object_type=VK_OBJECT_TYPE_BUFFER, object_handle=0x7f25e011c1f0
timestamp=17860773801345, VA=000080013901c000-000080013901d000, binding_type=bind, object_type=VK_OBJECT_TYPE_BUFFER, object_handle=0x7f25e022c270
timestamp=17860773831672, VA=000080011d2c4e40-000080011d2c5e40, binding_type=bind, object_type=VK_OBJECT_TYPE_BUFFER, object_handle=0x7f25e03f56d0
timestamp=17860774128060, VA=000080011d2c5e40-000080011d2c6e40, binding_type=bind, object_type=VK_OBJECT_TYPE_BUFFER, object_handle=0x7f25e01f9860
timestamp=17860774284404, VA=000080011d2c6e40-000080011d2c7e40, binding_type=bind, object_type=VK_OBJECT_TYPE_BUFFER, object_handle=0x7f25e03fe830
timestamp=17860774316084, VA=000080011d2c7e40-000080011d2c8e40, binding_type=bind, object_type=VK_OBJECT_TYPE_BUFFER, object_handle=0x7f25e015a680
timestamp=17860774336162, VA=000080011d2c8e40-000080011d2c9e40, binding_type=bind, object_type=VK_OBJECT_TYPE_BUFFER, object_handle=0x7f25e015c340
timestamp=17860774355368, VA=000080011d2c9e40-000080011d2cae40, binding_type=bind, object_type=VK_OBJECT_TYPE_BUFFER, object_handle=0x7f25e029e7d0
timestamp=17860790377878, VA=000080013901d000-000080013901e000, binding_type=bind, object_type=VK_OBJECT_TYPE_BUFFER, object_handle=0x7f25e015b6c0
timestamp=17860790878992, VA=000080011d2cae40-000080011d2cbe40, binding_type=bind, object_type=VK_OBJECT_TYPE_BUFFER, object_handle=0x7f25e001d1e0
timestamp=17860790901935, VA=000080011d2cbe40-000080011d2cce40, binding_type=bind, object_type=VK_OBJECT_TYPE_BUFFER, object_handle=0x7f25e06045a0
timestamp=17860790926932, VA=000080011d2cce40-000080011d2cde40, binding_type=bind, object_type=VK_OBJECT_TYPE_BUFFER, object_handle=0x7f25e057ced0
timestamp=17860807770279, VA=000080011d2cde40-000080011d2cee40, binding_type=bind, object_type=VK_OBJECT_TYPE_BUFFER, object_handle=0x7f25e057cbe0
timestamp=17860814840356, VA=0000800000a96000-0000800000a9a000, binding_type=unbind, object_type=VK_OBJECT_TYPE_COMMAND_BUFFER, object_handle=0x611dcc95cfa0
timestamp=17860824331664, VA=000080011d2cee40-000080011d2cfe40, binding_type=bind, object_type=VK_OBJECT_TYPE_BUFFER, object_handle=0x7f25e06f1700
timestamp=17863590432889, VA=00008001435c0000-00008001435eb000, binding_type=bind, object_type=VK_OBJECT_TYPE_DEVICE_MEMORY, object_handle=0x7f25e0682020
timestamp=17863590443709, VA=00008001435c0000-00008001435ea640, binding_type=bind, object_type=VK_OBJECT_TYPE_BUFFER, object_handle=0x7f25e02c29d0
timestamp=17863590563655, VA=0000800144400000-0000800144636000, binding_type=bind, object_type=VK_OBJECT_TYPE_DEVICE_MEMORY, object_handle=0x7f25e08d9960
timestamp=17863590567222, VA=0000800144400000-0000800144635320, binding_type=bind, object_type=VK_OBJECT_TYPE_BUFFER, object_handle=0x7f25e039fa70
timestamp=17863591318347, VA=0000800143f80000-0000800143f99000, binding_type=bind, object_type=VK_OBJECT_TYPE_DEVICE_MEMORY, object_handle=0x7f25e0736ac0
timestamp=17863591335128, VA=0000800143f80000-0000800143f99000, binding_type=bind, object_type=VK_OBJECT_TYPE_IMAGE, object_handle=0x7f25e09de010
timestamp=17863601605924, VA=000080011d2cfe40-000080011d2cfe50, binding_type=bind, object_type=VK_OBJECT_TYPE_BUFFER, object_handle=0x7f25e04cd4b0
timestamp=17863602012741, VA=0000800144280000-0000800144380000, binding_type=bind, object_type=VK_OBJECT_TYPE_DEVICE_MEMORY, object_handle=0x7f25e03280f0
timestamp=17863602029693, VA=0000800144280000-0000800144380000, binding_type=bind, object_type=VK_OBJECT_TYPE_IMAGE, object_handle=0x7f25e0915fe0
timestamp=17863615213035, VA=000080011d2cfe50-000080011d2cfe70, binding_type=bind, object_type=VK_OBJECT_TYPE_BUFFER, object_handle=0x7f25e0dd81a0
timestamp=17863634558665, VA=000080011d2cfe70-000080011d2cfe90, binding_type=bind, object_type=VK_OBJECT_TYPE_BUFFER, object_handle=0x7f25e0e07bf0
timestamp=17863642049294, VA=000080011d2cfe90-000080011d2cfea0, binding_type=bind, object_type=VK_OBJECT_TYPE_BUFFER, object_handle=0x7f25e04c3e10
timestamp=17863649099664, VA=000080011d2cfea0-000080011d2cfeb0, binding_type=bind, object_type=VK_OBJECT_TYPE_BUFFER, object_handle=0x7f25e0dd6760
timestamp=17863655289814, VA=000080011d2cfeb0-000080011d2cfec0, binding_type=bind, object_type=VK_OBJECT_TYPE_BUFFER, object_handle=0x7f25e0439270
timestamp=17863661695289, VA=000080011d2cfec0-000080011d2cfed0, binding_type=bind, object_type=VK_OBJECT_TYPE_BUFFER, object_handle=0x7f25e0ddba40
timestamp=17863667796872, VA=000080011d2cfed0-000080011d2cfee0, binding_type=bind, object_type=VK_OBJECT_TYPE_BUFFER, object_handle=0x7f25e08ae600
timestamp=17863673933441, VA=000080011d2cfee0-000080011d2cfef0, binding_type=bind, object_type=VK_OBJECT_TYPE_BUFFER, object_handle=0x7f25e09ddbb0
timestamp=17863680555955, VA=000080011d2cfef0-000080011d2cff00, binding_type=bind, object_type=VK_OBJECT_TYPE_BUFFER, object_handle=0x7f25e0df9990
timestamp=17863687052091, VA=000080011d2cff00-000080011d2cff10, binding_type=bind, object_type=VK_OBJECT_TYPE_BUFFER, object_handle=0x7f25e0d97940
timestamp=17863693158023, VA=000080011d2cff10-000080011d2cff20, binding_type=bind, object_type=VK_OBJECT_TYPE_BUFFER, object_handle=0x7f25e0a9c070
timestamp=17863699801957, VA=000080011d2cff20-000080011d2cff30, binding_type=bind, object_type=VK_OBJECT_TYPE_BUFFER, object_handle=0x7f25e0a27fc0
timestamp=17863706009139, VA=000080011d2cff30-000080011d2cff40, binding_type=bind, object_type=VK_OBJECT_TYPE_BUFFER, object_handle=0x7f25e0857270
timestamp=17863712598511, VA=000080011d2cff40-000080011d2cff50, binding_type=bind, object_type=VK_OBJECT_TYPE_BUFFER, object_handle=0x7f25e0a5a970
timestamp=17863719255420, VA=000080011d2cff50-000080011d2cff60, binding_type=bind, object_type=VK_OBJECT_TYPE_BUFFER, object_handle=0x7f25e0bed9a0
timestamp=17863725410975, VA=000080011d2cff60-000080011d2cff70, binding_type=bind, object_type=VK_OBJECT_TYPE_BUFFER, object_handle=0x7f25e0730d60
timestamp=17863739819104, VA=000080011d2cff70-000080011d2cffd0, binding_type=bind, object_type=VK_OBJECT_TYPE_BUFFER, object_handle=0x7f25e09f3920
timestamp=17863753987562, VA=000080011d2cffd0-000080011d2d0030, binding_type=bind, object_type=VK_OBJECT_TYPE_BUFFER, object_handle=0x7f25e0d9bcd0
timestamp=17863754310881, VA=0000800143fc0000-0000800143fd9000, binding_type=bind, object_type=VK_OBJECT_TYPE_DEVICE_MEMORY, object_handle=0x7f25e0df1bf0
timestamp=17863754321751, VA=0000800143fc0000-0000800143fd9000, binding_type=bind, object_type=VK_OBJECT_TYPE_IMAGE, object_handle=0x7f25e0bab5d0
timestamp=17863770418852, VA=000080011d2d0030-000080011d2d0090, binding_type=bind, object_type=VK_OBJECT_TYPE_BUFFER, object_handle=0x7f25e0dda5e0
timestamp=17863786619598, VA=000080011d2d0090-000080011d2d00f0, binding_type=bind, object_type=VK_OBJECT_TYPE_BUFFER, object_handle=0x7f25e0b98590
timestamp=17863786910926, VA=0000800144380000-0000800144399000, binding_type=bind, object_type=VK_OBJECT_TYPE_DEVICE_MEMORY, object_handle=0x7f25e0c98ea0
timestamp=17863786920514, VA=0000800144380000-0000800144399000, binding_type=bind, object_type=VK_OBJECT_TYPE_IMAGE, object_handle=0x7f25e084e480
timestamp=17863798215870, VA=000080011d2d00f0-000080011d2d0130, binding_type=bind, object_type=VK_OBJECT_TYPE_BUFFER, object_handle=0x7f25e0a0ae70
timestamp=17863809774683, VA=000080011d2d0130-000080011d2d0170, binding_type=bind, object_type=VK_OBJECT_TYPE_BUFFER, object_handle=0x7f25e0dd9b40
timestamp=17863810176319, VA=000080013901e000-000080013901f000, binding_type=bind, object_type=VK_OBJECT_TYPE_BUFFER, object_handle=0x7f25e0e2e620
timestamp=17863811223622, VA=000080011d2d0170-000080011d2d1170, binding_type=bind, object_type=VK_OBJECT_TYPE_BUFFER, object_handle=0x7f25e0a02a70
timestamp=17863811230244, VA=000080013901f000-0000800139020000, binding_type=bind, object_type=VK_OBJECT_TYPE_BUFFER, object_handle=0x7f25e09c2ef0
timestamp=17863811232228, VA=000080011d2d1170-000080011d2d2170, binding_type=bind, object_type=VK_OBJECT_TYPE_BUFFER, object_handle=0x7f25e0d5ef20
timestamp=17863811262164, VA=000080011d2d2170-000080011d2d3170, binding_type=bind, object_type=VK_OBJECT_TYPE_BUFFER, object_handle=0x7f25e0a418d0
timestamp=17863811281210, VA=000080011d2d3170-000080011d2d4170, binding_type=bind, object_type=VK_OBJECT_TYPE_BUFFER, object_handle=0x7f25e0d1e850
