timestamp=18010832536446, VA=0000800100003000-0000800100013000, binding_type=bind, object_type=VK_OBJECT_TYPE_DEVICE, object_handle=0x603103294bd0
timestamp=18010832595708, VA=0000800100027000-0000800100027380, binding_type=bind, object_type=VK_OBJECT_TYPE_DEVICE, object_handle=0x603103294bd0
timestamp=18010834142792, VA=0000800100040000-0000800100041000, binding_type=bind, object_type=VK_OBJECT_TYPE_DEVICE_MEMORY, object_handle=0x6031030353e0
timestamp=18010834157600, VA=0000800100040000-0000800100041000, binding_type=unbind, object_type=VK_OBJECT_TYPE_DEVICE_MEMORY, object_handle=0x6031030353e0
timestamp=18010834213485, VA=0000800100200000-00008001014e0000, binding_type=bind, object_type=VK_OBJECT_TYPE_DEVICE_MEMORY, object_handle=0x6031030353e0
timestamp=18010834220258, VA=0000800100200000-00008001014e0000, binding_type=bind, object_type=VK_OBJECT_TYPE_IMAGE, object_handle=0x60310308a0b0
timestamp=18010834246497, VA=0000800101600000-00008001028e0000, binding_type=bind, object_type=VK_OBJECT_TYPE_DEVICE_MEMORY, object_handle=0x603103190260
timestamp=18010834250104, VA=0000800101600000-00008001028e0000, binding_type=bind, object_type=VK_OBJECT_TYPE_IMAGE, object_handle=0x603103287210
timestamp=18010834272066, VA=0000800102a00000-0000800103ce0000, binding_type=bind, object_type=VK_OBJECT_TYPE_DEVICE_MEMORY, object_handle=0x603102e29030
timestamp=18010834275963, VA=0000800102a00000-0000800103ce0000, binding_type=bind, object_type=VK_OBJECT_TYPE_IMAGE, object_handle=0x603103287810
timestamp=18010835249096, VA=0000800103e00000-00008001050e0000, binding_type=bind, object_type=VK_OBJECT_TYPE_DEVICE_MEMORY, object_handle=0x60310328cb10
timestamp=18010835256390, VA=0000800103e00000-00008001050e0000, binding_type=bind, object_type=VK_OBJECT_TYPE_IMAGE, object_handle=0x60310328cc80
timestamp=18010835449053, VA=0000800105200000-00008001064e0000, binding_type=bind, object_type=VK_OBJECT_TYPE_DEVICE_MEMORY, object_handle=0x60310328eb60
timestamp=18010835454733, VA=0000800105200000-00008001064e0000, binding_type=bind, object_type=VK_OBJECT_TYPE_IMAGE, object_handle=0x603103191ae0
timestamp=18010835578487, VA=0000800106600000-00008001078e0000, binding_type=bind, object_type=VK_OBJECT_TYPE_DEVICE_MEMORY, object_handle=0x60310328d760
timestamp=18010835583125, VA=0000800106600000-00008001078e0000, binding_type=bind, object_type=VK_OBJECT_TYPE_IMAGE, object_handle=0x6031031920e0
timestamp=18010835706207, VA=0000800107a00000-0000800108ce0000, binding_type=bind, object_type=VK_OBJECT_TYPE_DEVICE_MEMORY, object_handle=0x60310328d9d0
timestamp=18010835711377, VA=0000800107a00000-0000800108ce0000, binding_type=bind, object_type=VK_OBJECT_TYPE_IMAGE, object_handle=0x6031031926e0
timestamp=18010836271322, VA=0000800100013000-0000800100013020, binding_type=bind, object_type=VK_OBJECT_TYPE_QUERY_POOL, object_handle=0x603102e13ce0
timestamp=18010836290588, VA=0000800100014000-0000800100014020, binding_type=bind, object_type=VK_OBJECT_TYPE_QUERY_POOL, object_handle=0x6031031974b0
timestamp=18010836305506, VA=0000800100015000-0000800100015010, binding_type=bind, object_type=VK_OBJECT_TYPE_QUERY_POOL, object_handle=0x603103197930
timestamp=18010836316667, VA=0000800100016000-0000800100016010, binding_type=bind, object_type=VK_OBJECT_TYPE_QUERY_POOL, object_handle=0x603103197e70
timestamp=18010839403902, VA=0000800108e00000-0000800118e00000, binding_type=bind, object_type=VK_OBJECT_TYPE_DEVICE_MEMORY, object_handle=0x60310319a7e0
timestamp=18010839414763, VA=0000800108e00000-0000800118e00000, binding_type=bind, object_type=VK_OBJECT_TYPE_BUFFER, object_handle=0x6031031af9c0
timestamp=18010839499252, VA=0000800000000000-000080000003c280, binding_type=bind, object_type=VK_OBJECT_TYPE_DESCRIPTOR_POOL, object_handle=0x603102fcf610
timestamp=18010840149146, VA=000080000003d000-0000800000041000, binding_type=bind, object_type=VK_OBJECT_TYPE_COMMAND_BUFFER, object_handle=0x6031032b5f60
timestamp=18010840461013, VA=0000800100017000-0000800100017020, binding_type=bind, object_type=VK_OBJECT_TYPE_QUERY_POOL, object_handle=0x6031032effa0
timestamp=18010840477705, VA=0000800100018000-0000800100018020, binding_type=bind, object_type=VK_OBJECT_TYPE_QUERY_POOL, object_handle=0x60310319b4d0
timestamp=18010843893379, VA=0000800118e00000-0000800128e00000, binding_type=bind, object_type=VK_OBJECT_TYPE_DEVICE_MEMORY, object_handle=0x603103512210
timestamp=18010843901885, VA=0000800118e00000-0000800128e00000, binding_type=bind, object_type=VK_OBJECT_TYPE_BUFFER, object_handle=0x603103648060
timestamp=18010843975474, VA=0000800000041000-000080000007d280, binding_type=bind, object_type=VK_OBJECT_TYPE_DESCRIPTOR_POOL, object_handle=0x603102ff43a0
timestamp=18010844740264, VA=000080000007e000-0000800000082000, binding_type=bind, object_type=VK_OBJECT_TYPE_COMMAND_BUFFER, object_handle=0x6031034f1560
timestamp=18010845161798, VA=00008001029c0000-00008001029c7000, binding_type=bind, object_type=VK_OBJECT_TYPE_DEVICE_MEMORY, object_handle=0x60310373bce0
timestamp=18010845168591, VA=00008001029c0000-00008001029c6910, binding_type=bind, object_type=VK_OBJECT_TYPE_BUFFER, object_handle=0x603103618f50
timestamp=18010845225859, VA=0000800000082000-000080000008a000, binding_type=bind, object_type=VK_OBJECT_TYPE_COMMAND_BUFFER, object_handle=0x6031034f1560
timestamp=18010845490157, VA=000080000008a000-00008000000ca000, binding_type=bind, object_type=VK_OBJECT_TYPE_DEVICE, object_handle=0x603103294bd0
timestamp=18010845543678, VA=0000800103d00000-0000800103d05000, binding_type=bind, object_type=VK_OBJECT_TYPE_DEVICE_MEMORY, object_handle=0x60310375e9b0
timestamp=18010845547054, VA=0000800103d00000-0000800103d04b00, binding_type=bind, object_type=VK_OBJECT_TYPE_BUFFER, object_handle=0x603103378230
timestamp=18010845560630, VA=00008000000ca000-00008000000da000, binding_type=bind, object_type=VK_OBJECT_TYPE_COMMAND_BUFFER, object_handle=0x6031034f1560
timestamp=18010845588252, VA=0000800103d40000-0000800103d41000, binding_type=bind, object_type=VK_OBJECT_TYPE_DEVICE_MEMORY, object_handle=0x60310375e240
timestamp=18010845590556, VA=0000800103d40000-0000800103d40330, binding_type=bind, object_type=VK_OBJECT_TYPE_BUFFER, object_handle=0x603103562ad0
timestamp=18010862617058, VA=0000800128e00000-0000800129200000, binding_type=bind, object_type=VK_OBJECT_TYPE_DEVICE_MEMORY, object_handle=0x6031037674b0
timestamp=18010862629482, VA=0000800128e00000-0000800129200000, binding_type=bind, object_type=VK_OBJECT_TYPE_IMAGE, object_handle=0x603103766880
timestamp=18010869155955, VA=0000800129200000-0000800129600000, binding_type=bind, object_type=VK_OBJECT_TYPE_DEVICE_MEMORY, object_handle=0x60310373b7d0
timestamp=18010869163980, VA=0000800129200000-0000800129600000, binding_type=bind, object_type=VK_OBJECT_TYPE_IMAGE, object_handle=0x6031037c8140
timestamp=18010874705940, VA=0000800129600000-0000800129a00000, binding_type=bind, object_type=VK_OBJECT_TYPE_DEVICE_MEMORY, object_handle=0x60310376aae0
timestamp=18010874716009, VA=0000800129600000-0000800129a00000, binding_type=bind, object_type=VK_OBJECT_TYPE_IMAGE, object_handle=0x60310373d490
timestamp=18010876631357, VA=0000800129a00000-0000800129e00000, binding_type=bind, object_type=VK_OBJECT_TYPE_DEVICE_MEMORY, object_handle=0x60310373fb90
timestamp=18010876638801, VA=0000800129a00000-0000800129e00000, binding_type=bind, object_type=VK_OBJECT_TYPE_IMAGE, object_handle=0x60310373f010
timestamp=18010877184989, VA=0000800100019000-00008001000190f0, binding_type=bind, object_type=VK_OBJECT_TYPE_QUERY_POOL, object_handle=0x603103740ef0
timestamp=18010877218613, VA=000080010001a000-000080010001a0f0, binding_type=bind, object_type=VK_OBJECT_TYPE_QUERY_POOL, object_handle=0x6031037412f0
timestamp=18010877294806, VA=0000800129e00000-0000800131e80000, binding_type=bind, object_type=VK_OBJECT_TYPE_DEVICE_MEMORY, object_handle=0x603103768a90
timestamp=18010877300247, VA=0000800129e00000-0000800131e80000, binding_type=bind, object_type=VK_OBJECT_TYPE_IMAGE, object_handle=0x603103741bb0
timestamp=18010877342666, VA=0000800132000000-0000800133000000, binding_type=bind, object_type=VK_OBJECT_TYPE_DEVICE_MEMORY, object_handle=0x6031037452e0
timestamp=18010877345512, VA=0000800132000000-0000800133000000, binding_type=bind, object_type=VK_OBJECT_TYPE_IMAGE, object_handle=0x603103744660
timestamp=18010893579291, VA=000080010001b000-000080010001b008, binding_type=bind, object_type=VK_OBJECT_TYPE_EVENT, object_handle=0x603103913cc0
timestamp=18010893760072, VA=0000800000200000-0000800000620000, binding_type=bind, object_type=VK_OBJECT_TYPE_DEVICE, object_handle=0x603103294bd0
timestamp=18010893771523, VA=000080010001c000-000080010001c130, binding_type=bind, object_type=VK_OBJECT_TYPE_DEVICE, object_handle=0x603103294bd0
timestamp=18010905715942, VA=00008000000da000-00008000000de000, binding_type=bind, object_type=VK_OBJECT_TYPE_COMMAND_BUFFER, object_handle=0x6031034f70e0
timestamp=18010905772419, VA=0000800100019000-00008001000190f0, binding_type=unbind, object_type=VK_OBJECT_TYPE_QUERY_POOL, object_handle=0x603103740ef0
timestamp=18010905807856, VA=000080010001a000-000080010001a0f0, binding_type=unbind, object_type=VK_OBJECT_TYPE_QUERY_POOL, object_handle=0x6031037412f0
timestamp=18010905838864, VA=0000800100019000-00008001000190f0, binding_type=bind, object_type=VK_OBJECT_TYPE_QUERY_POOL, object_handle=0x6031037a4ae0
timestamp=18010905857108, VA=000080010001a000-000080010001a0f0, binding_type=bind, object_type=VK_OBJECT_TYPE_QUERY_POOL, object_handle=0x603103803930
timestamp=18010906609095, VA=000080010001d000-000080010001d008, binding_type=bind, object_type=VK_OBJECT_TYPE_EVENT, object_handle=0x6031038273f0
timestamp=18010917710546, VA=00008000000de000-00008000000e2000, binding_type=bind, object_type=VK_OBJECT_TYPE_COMMAND_BUFFER, object_handle=0x6031034fcc60
timestamp=18010917767764, VA=0000800100019000-00008001000190f0, binding_type=unbind, object_type=VK_OBJECT_TYPE_QUERY_POOL, object_handle=0x6031037a4ae0
timestamp=18010917803772, VA=000080010001a000-000080010001a0f0, binding_type=unbind, object_type=VK_OBJECT_TYPE_QUERY_POOL, object_handle=0x603103803930
timestamp=18010917836373, VA=0000800100019000-00008001000190f0, binding_type=bind, object_type=VK_OBJECT_TYPE_QUERY_POOL, object_handle=0x603103803930
timestamp=18010917857213, VA=000080010001a000-000080010001a0f0, binding_type=bind, object_type=VK_OBJECT_TYPE_QUERY_POOL, object_handle=0x6031037a4ae0
timestamp=18010918961673, VA=000080010001e000-000080010001e008, binding_type=bind, object_type=VK_OBJECT_TYPE_EVENT, object_handle=0x603103752e30
timestamp=18010930112207, VA=00008000000e2000-00008000000e6000, binding_type=bind, object_type=VK_OBJECT_TYPE_COMMAND_BUFFER, object_handle=0x6031035027e0
timestamp=18010930168343, VA=0000800100019000-00008001000190f0, binding_type=unbind, object_type=VK_OBJECT_TYPE_QUERY_POOL, object_handle=0x603103803930
timestamp=18010930198349, VA=000080010001a000-000080010001a0f0, binding_type=unbind, object_type=VK_OBJECT_TYPE_QUERY_POOL, object_handle=0x6031037a4ae0
timestamp=18010930229017, VA=0000800100019000-00008001000190f0, binding_type=bind, object_type=VK_OBJECT_TYPE_QUERY_POOL, object_handle=0x6031037a4ae0
timestamp=18010930245879, VA=000080010001a000-000080010001a0f0, binding_type=bind, object_type=VK_OBJECT_TYPE_QUERY_POOL, object_handle=0x603103803930
timestamp=18010930955896, VA=000080010001f000-000080010001f008, binding_type=bind, object_type=VK_OBJECT_TYPE_EVENT, object_handle=0x603103856e40
timestamp=18010942046708, VA=00008000000e6000-00008000000ea000, binding_type=bind, object_type=VK_OBJECT_TYPE_COMMAND_BUFFER, object_handle=0x603103508360
timestamp=18010942106220, VA=0000800100019000-00008001000190f0, binding_type=unbind, object_type=VK_OBJECT_TYPE_QUERY_POOL, object_handle=0x6031037a4ae0
timestamp=18010942135445, VA=000080010001a000-000080010001a0f0, binding_type=unbind, object_type=VK_OBJECT_TYPE_QUERY_POOL, object_handle=0x603103803930
timestamp=18010942166463, VA=0000800100019000-00008001000190f0, binding_type=bind, object_type=VK_OBJECT_TYPE_QUERY_POOL, object_handle=0x603103803840
timestamp=18010942182594, VA=000080010001a000-000080010001a0f0, binding_type=bind, object_type=VK_OBJECT_TYPE_QUERY_POOL, object_handle=0x6031037a32b0
timestamp=18010942863576, VA=0000800100020000-0000800100020008, binding_type=bind, object_type=VK_OBJECT_TYPE_EVENT, object_handle=0x603103800090
timestamp=18010953927136, VA=00008000000ea000-00008000000ee000, binding_type=bind, object_type=VK_OBJECT_TYPE_COMMAND_BUFFER, object_handle=0x6031036a5da0
timestamp=18010954010984, VA=0000800100019000-00008001000190f0, binding_type=unbind, object_type=VK_OBJECT_TYPE_QUERY_POOL, object_handle=0x603103803840
timestamp=18010954046892, VA=000080010001a000-000080010001a0f0, binding_type=unbind, object_type=VK_OBJECT_TYPE_QUERY_POOL, object_handle=0x6031037a32b0
timestamp=18010954078231, VA=0000800100019000-00008001000190f0, binding_type=bind, object_type=VK_OBJECT_TYPE_QUERY_POOL, object_handle=0x6031037a32b0
timestamp=18010954096986, VA=000080010001a000-000080010001a0f0, binding_type=bind, object_type=VK_OBJECT_TYPE_QUERY_POOL, object_handle=0x603103803840
timestamp=18010954783490, VA=0000800100021000-0000800100021008, binding_type=bind, object_type=VK_OBJECT_TYPE_EVENT, object_handle=0x6031037a90a0
timestamp=18010965776076, VA=00008000000ee000-00008000000f2000, binding_type=bind, object_type=VK_OBJECT_TYPE_COMMAND_BUFFER, object_handle=0x6031036a9d60
timestamp=18010965829336, VA=0000800100019000-00008001000190f0, binding_type=unbind, object_type=VK_OBJECT_TYPE_QUERY_POOL, object_handle=0x6031037a32b0
timestamp=18010965864312, VA=000080010001a000-000080010001a0f0, binding_type=unbind, object_type=VK_OBJECT_TYPE_QUERY_POOL, object_handle=0x603103803840
timestamp=18010965903045, VA=0000800100019000-00008001000190f0, binding_type=bind, object_type=VK_OBJECT_TYPE_QUERY_POOL, object_handle=0x603103803840
timestamp=18010965925357, VA=000080010001a000-000080010001a0f0, binding_type=bind, object_type=VK_OBJECT_TYPE_QUERY_POOL, object_handle=0x6031037a32b0
timestamp=18010966629664, VA=0000800100022000-0000800100022008, binding_type=bind, object_type=VK_OBJECT_TYPE_EVENT, object_handle=0x603103926060
timestamp=18010977625607, VA=00008000000f2000-00008000000f6000, binding_type=bind, object_type=VK_OBJECT_TYPE_COMMAND_BUFFER, object_handle=0x6031036aede0
timestamp=18010977683736, VA=0000800100019000-00008001000190f0, binding_type=unbind, object_type=VK_OBJECT_TYPE_QUERY_POOL, object_handle=0x603103803840
timestamp=18010977711278, VA=000080010001a000-000080010001a0f0, binding_type=unbind, object_type=VK_OBJECT_TYPE_QUERY_POOL, object_handle=0x6031037a32b0
timestamp=18010977741164, VA=0000800100019000-00008001000190f0, binding_type=bind, object_type=VK_OBJECT_TYPE_QUERY_POOL, object_handle=0x6031037a32b0
timestamp=18010977763086, VA=000080010001a000-000080010001a0f0, binding_type=bind, object_type=VK_OBJECT_TYPE_QUERY_POOL, object_handle=0x603103803840
timestamp=18010978517607, VA=0000800100023000-0000800100023008, binding_type=bind, object_type=VK_OBJECT_TYPE_EVENT, object_handle=0x603103905270
timestamp=18010989529780, VA=00008000000f6000-00008000000fa000, binding_type=bind, object_type=VK_OBJECT_TYPE_COMMAND_BUFFER, object_handle=0x6031036b4960
timestamp=18010989595234, VA=0000800100019000-00008001000190f0, binding_type=unbind, object_type=VK_OBJECT_TYPE_QUERY_POOL, object_handle=0x6031037a32b0
timestamp=18010989626292, VA=000080010001a000-000080010001a0f0, binding_type=unbind, object_type=VK_OBJECT_TYPE_QUERY_POOL, object_handle=0x603103803840
timestamp=18010989657030, VA=0000800100019000-00008001000190f0, binding_type=bind, object_type=VK_OBJECT_TYPE_QUERY_POOL, object_handle=0x603103803840
timestamp=18010989674112, VA=000080010001a000-000080010001a0f0, binding_type=bind, object_type=VK_OBJECT_TYPE_QUERY_POOL, object_handle=0x6031037a32b0
timestamp=18010990380252, VA=0000800100024000-0000800100024008, binding_type=bind, object_type=VK_OBJECT_TYPE_EVENT, object_handle=0x60310374aff0
timestamp=18011001204291, VA=00008000000fa000-00008000000fe000, binding_type=bind, object_type=VK_OBJECT_TYPE_COMMAND_BUFFER, object_handle=0x6031036ba4e0
timestamp=18011001264805, VA=0000800100019000-00008001000190f0, binding_type=unbind, object_type=VK_OBJECT_TYPE_QUERY_POOL, object_handle=0x603103803840
timestamp=18011001293569, VA=000080010001a000-000080010001a0f0, binding_type=unbind, object_type=VK_OBJECT_TYPE_QUERY_POOL, object_handle=0x6031037a32b0
timestamp=18011001322724, VA=0000800100019000-00008001000190f0, binding_type=bind, object_type=VK_OBJECT_TYPE_QUERY_POOL, object_handle=0x6031037a32b0
timestamp=18011001338213, VA=000080010001a000-000080010001a0f0, binding_type=bind, object_type=VK_OBJECT_TYPE_QUERY_POOL, object_handle=0x603103803840
timestamp=18011002057779, VA=0000800100025000-0000800100025008, binding_type=bind, object_type=VK_OBJECT_TYPE_EVENT, object_handle=0x6031037eaa80
timestamp=18011012544633, VA=00008000000fe000-0000800000102000, binding_type=bind, object_type=VK_OBJECT_TYPE_COMMAND_BUFFER, object_handle=0x6031036c0060
timestamp=18011012622580, VA=0000800100019000-00008001000190f0, binding_type=unbind, object_type=VK_OBJECT_TYPE_QUERY_POOL, object_handle=0x6031037a32b0
timestamp=18011012659108, VA=000080010001a000-000080010001a0f0, binding_type=unbind, object_type=VK_OBJECT_TYPE_QUERY_POOL, object_handle=0x603103803840
timestamp=18011012699995, VA=0000800100019000-00008001000190f0, binding_type=bind, object_type=VK_OBJECT_TYPE_QUERY_POOL, object_handle=0x603103803840
timestamp=18011012720885, VA=000080010001a000-000080010001a0f0, binding_type=bind, object_type=VK_OBJECT_TYPE_QUERY_POOL, object_handle=0x6031037a32b0
timestamp=18011013596143, VA=0000800100026000-0000800100026008, binding_type=bind, object_type=VK_OBJECT_TYPE_EVENT, object_handle=0x6031037ef930
timestamp=18011023765489, VA=0000800000102000-0000800000106000, binding_type=bind, object_type=VK_OBJECT_TYPE_COMMAND_BUFFER, object_handle=0x6031036c5be0
timestamp=18011023831313, VA=0000800100019000-00008001000190f0, binding_type=unbind, object_type=VK_OBJECT_TYPE_QUERY_POOL, object_handle=0x603103803840
timestamp=18011023867411, VA=000080010001a000-000080010001a0f0, binding_type=unbind, object_type=VK_OBJECT_TYPE_QUERY_POOL, object_handle=0x6031037a32b0
timestamp=18011023908138, VA=0000800100019000-00008001000190f0, binding_type=bind, object_type=VK_OBJECT_TYPE_QUERY_POOL, object_handle=0x6031037a32b0
timestamp=18011023930690, VA=000080010001a000-000080010001a0f0, binding_type=bind, object_type=VK_OBJECT_TYPE_QUERY_POOL, object_handle=0x603103803840
timestamp=18011024704037, VA=00008001001f4000-00008001001f4008, binding_type=bind, object_type=VK_OBJECT_TYPE_EVENT, object_handle=0x60310390f380
timestamp=18011036223576, VA=0000800000082000-000080000008a000, binding_type=unbind, object_type=VK_OBJECT_TYPE_COMMAND_BUFFER, object_handle=0x6031034f1560
timestamp=18011036299259, VA=000080000007e000-0000800000082000, binding_type=unbind, object_type=VK_OBJECT_TYPE_COMMAND_BUFFER, object_handle=0x6031034f1560
timestamp=18011036405940, VA=0000800100019000-00008001000190f0, binding_type=unbind, object_type=VK_OBJECT_TYPE_QUERY_POOL, object_handle=0x6031037a32b0
timestamp=18011036437128, VA=000080010001a000-000080010001a0f0, binding_type=unbind, object_type=VK_OBJECT_TYPE_QUERY_POOL, object_handle=0x603103803840
timestamp=18011036490880, VA=0000800100019000-00008001000190f0, binding_type=bind, object_type=VK_OBJECT_TYPE_QUERY_POOL, object_handle=0x6031037a58f0
timestamp=18011036520435, VA=000080010001a000-000080010001a0f0, binding_type=bind, object_type=VK_OBJECT_TYPE_QUERY_POOL, object_handle=0x60310391f460
timestamp=18011037680390, VA=00008001001f5000-00008001001f5008, binding_type=bind, object_type=VK_OBJECT_TYPE_EVENT, object_handle=0x60310375bb50
timestamp=18011047648707, VA=000080010001b000-000080010001b008, binding_type=unbind, object_type=VK_OBJECT_TYPE_EVENT, object_handle=0x603103913cc0
timestamp=18011047774594, VA=0000800100019000-00008001000190f0, binding_type=unbind, object_type=VK_OBJECT_TYPE_QUERY_POOL, object_handle=0x6031037a58f0
timestamp=18011047791426, VA=000080010001a000-000080010001a0f0, binding_type=unbind, object_type=VK_OBJECT_TYPE_QUERY_POOL, object_handle=0x60310391f460
timestamp=18011047827554, VA=0000800100019000-00008001000190f0, binding_type=bind, object_type=VK_OBJECT_TYPE_QUERY_POOL, object_handle=0x6031037a58f0
timestamp=18011047850868, VA=000080010001a000-000080010001a0f0, binding_type=bind, object_type=VK_OBJECT_TYPE_QUERY_POOL, object_handle=0x6031037a4bd0
timestamp=18011048535387, VA=000080010001b000-000080010001b008, binding_type=bind, object_type=VK_OBJECT_TYPE_EVENT, object_handle=0x603103804ab0
timestamp=18011058361156, VA=000080010001d000-000080010001d008, binding_type=unbind, object_type=VK_OBJECT_TYPE_EVENT, object_handle=0x6031038273f0
timestamp=18011058477054, VA=0000800100019000-00008001000190f0, binding_type=unbind, object_type=VK_OBJECT_TYPE_QUERY_POOL, object_handle=0x6031037a58f0
timestamp=18011058494587, VA=000080010001a000-000080010001a0f0, binding_type=unbind, object_type=VK_OBJECT_TYPE_QUERY_POOL, object_handle=0x6031037a4bd0
timestamp=18011058532639, VA=0000800100019000-00008001000190f0, binding_type=bind, object_type=VK_OBJECT_TYPE_QUERY_POOL, object_handle=0x6031037a58f0
timestamp=18011058554370, VA=000080010001a000-000080010001a0f0, binding_type=bind, object_type=VK_OBJECT_TYPE_QUERY_POOL, object_handle=0x6031038219f0
timestamp=18011059262564, VA=000080010001d000-000080010001d008, binding_type=bind, object_type=VK_OBJECT_TYPE_EVENT, object_handle=0x60310373d270
timestamp=18011068504413, VA=000080010001e000-000080010001e008, binding_type=unbind, object_type=VK_OBJECT_TYPE_EVENT, object_handle=0x603103752e30
timestamp=18011068590505, VA=0000800100019000-00008001000190f0, binding_type=unbind, object_type=VK_OBJECT_TYPE_QUERY_POOL, object_handle=0x6031037a58f0
timestamp=18011068611354, VA=000080010001a000-000080010001a0f0, binding_type=unbind, object_type=VK_OBJECT_TYPE_QUERY_POOL, object_handle=0x6031038219f0
timestamp=18011068821320, VA=00008001001f4000-00008001001f4008, binding_type=unbind, object_type=VK_OBJECT_TYPE_EVENT, object_handle=0x60310390f380
timestamp=18011068840225, VA=00008001001f5000-00008001001f5008, binding_type=unbind, object_type=VK_OBJECT_TYPE_EVENT, object_handle=0x60310375bb50
timestamp=18011068854031, VA=000080010001b000-000080010001b008, binding_type=unbind, object_type=VK_OBJECT_TYPE_EVENT, object_handle=0x603103804ab0
timestamp=18011068869771, VA=000080010001d000-000080010001d008, binding_type=unbind, object_type=VK_OBJECT_TYPE_EVENT, object_handle=0x60310373d270
timestamp=18011068889989, VA=00008001029c0000-00008001029c6910, binding_type=unbind, object_type=VK_OBJECT_TYPE_BUFFER, object_handle=0x603103618f50
timestamp=18011068894287, VA=00008001029c0000-00008001029c7000, binding_type=unbind, object_type=VK_OBJECT_TYPE_DEVICE_MEMORY, object_handle=0x60310373bce0
timestamp=18011068916709, VA=0000800103d00000-0000800103d04b00, binding_type=unbind, object_type=VK_OBJECT_TYPE_BUFFER, object_handle=0x603103378230
timestamp=18011068918092, VA=0000800103d00000-0000800103d05000, binding_type=unbind, object_type=VK_OBJECT_TYPE_DEVICE_MEMORY, object_handle=0x60310375e9b0
timestamp=18011068938079, VA=0000800103d40000-0000800103d40330, binding_type=unbind, object_type=VK_OBJECT_TYPE_BUFFER, object_handle=0x603103562ad0
timestamp=18011068939933, VA=0000800103d40000-0000800103d41000, binding_type=unbind, object_type=VK_OBJECT_TYPE_DEVICE_MEMORY, object_handle=0x60310375e240
timestamp=18011068978325, VA=0000800129e00000-0000800131e80000, binding_type=unbind, object_type=VK_OBJECT_TYPE_IMAGE, object_handle=0x603103741bb0
timestamp=18011068980049, VA=0000800129e00000-0000800131e80000, binding_type=unbind, object_type=VK_OBJECT_TYPE_DEVICE_MEMORY, object_handle=0x603103768a90
timestamp=18011069014503, VA=0000800132000000-0000800133000000, binding_type=unbind, object_type=VK_OBJECT_TYPE_IMAGE, object_handle=0x603103744660
timestamp=18011069016207, VA=0000800132000000-0000800133000000, binding_type=unbind, object_type=VK_OBJECT_TYPE_DEVICE_MEMORY, object_handle=0x6031037452e0
timestamp=18011069033339, VA=0000800128e00000-0000800129200000, binding_type=unbind, object_type=VK_OBJECT_TYPE_IMAGE, object_handle=0x603103766880
timestamp=18011069034591, VA=0000800128e00000-0000800129200000, binding_type=unbind, object_type=VK_OBJECT_TYPE_DEVICE_MEMORY, object_handle=0x6031037674b0
timestamp=18011069080478, VA=0000800129200000-0000800129600000, binding_type=unbind, object_type=VK_OBJECT_TYPE_IMAGE, object_handle=0x6031037c8140
timestamp=18011069081890, VA=0000800129200000-0000800129600000, binding_type=unbind, object_type=VK_OBJECT_TYPE_DEVICE_MEMORY, object_handle=0x60310373b7d0
timestamp=18011069098922, VA=0000800129600000-0000800129a00000, binding_type=unbind, object_type=VK_OBJECT_TYPE_IMAGE, object_handle=0x60310373d490
timestamp=18011069100295, VA=0000800129600000-0000800129a00000, binding_type=unbind, object_type=VK_OBJECT_TYPE_DEVICE_MEMORY, object_handle=0x60310376aae0
timestamp=18011069127657, VA=0000800129a00000-0000800129e00000, binding_type=unbind, object_type=VK_OBJECT_TYPE_IMAGE, object_handle=0x60310373f010
timestamp=18011069130031, VA=0000800129a00000-0000800129e00000, binding_type=unbind, object_type=VK_OBJECT_TYPE_DEVICE_MEMORY, object_handle=0x60310373fb90
timestamp=18011069435857, VA=000080010001f000-000080010001f008, binding_type=unbind, object_type=VK_OBJECT_TYPE_EVENT, object_handle=0x603103856e40
timestamp=18011069452348, VA=0000800100020000-0000800100020008, binding_type=unbind, object_type=VK_OBJECT_TYPE_EVENT, object_handle=0x603103800090
timestamp=18011069465673, VA=0000800100021000-0000800100021008, binding_type=unbind, object_type=VK_OBJECT_TYPE_EVENT, object_handle=0x6031037a90a0
timestamp=18011069485080, VA=0000800100022000-0000800100022008, binding_type=unbind, object_type=VK_OBJECT_TYPE_EVENT, object_handle=0x603103926060
timestamp=18011069497022, VA=0000800100023000-0000800100023008, binding_type=unbind, object_type=VK_OBJECT_TYPE_EVENT, object_handle=0x603103905270
timestamp=18011069508294, VA=0000800100024000-0000800100024008, binding_type=unbind, object_type=VK_OBJECT_TYPE_EVENT, object_handle=0x60310374aff0
timestamp=18011069519765, VA=0000800100025000-0000800100025008, binding_type=unbind, object_type=VK_OBJECT_TYPE_EVENT, object_handle=0x6031037eaa80
timestamp=18011069531036, VA=0000800100026000-0000800100026008, binding_type=unbind, object_type=VK_OBJECT_TYPE_EVENT, object_handle=0x6031037ef930
timestamp=18011069711707, VA=0000800000102000-0000800000106000, binding_type=unbind, object_type=VK_OBJECT_TYPE_COMMAND_BUFFER, object_handle=0x6031036c5be0
timestamp=18011069744509, VA=00008000000fe000-0000800000102000, binding_type=unbind, object_type=VK_OBJECT_TYPE_COMMAND_BUFFER, object_handle=0x6031036c0060
timestamp=18011069772161, VA=00008000000fa000-00008000000fe000, binding_type=unbind, object_type=VK_OBJECT_TYPE_COMMAND_BUFFER, object_handle=0x6031036ba4e0
timestamp=18011069794312, VA=00008000000f6000-00008000000fa000, binding_type=unbind, object_type=VK_OBJECT_TYPE_COMMAND_BUFFER, object_handle=0x6031036b4960
timestamp=18011069821083, VA=00008000000f2000-00008000000f6000, binding_type=unbind, object_type=VK_OBJECT_TYPE_COMMAND_BUFFER, object_handle=0x6031036aede0
timestamp=18011069849907, VA=00008000000ee000-00008000000f2000, binding_type=unbind, object_type=VK_OBJECT_TYPE_COMMAND_BUFFER, object_handle=0x6031036a9d60
timestamp=18011069873522, VA=00008000000ea000-00008000000ee000, binding_type=unbind, object_type=VK_OBJECT_TYPE_COMMAND_BUFFER, object_handle=0x6031036a5da0
timestamp=18011069894832, VA=00008000000e6000-00008000000ea000, binding_type=unbind, object_type=VK_OBJECT_TYPE_COMMAND_BUFFER, object_handle=0x603103508360
timestamp=18011069914639, VA=00008000000e2000-00008000000e6000, binding_type=unbind, object_type=VK_OBJECT_TYPE_COMMAND_BUFFER, object_handle=0x6031035027e0
timestamp=18011069936099, VA=00008000000de000-00008000000e2000, binding_type=unbind, object_type=VK_OBJECT_TYPE_COMMAND_BUFFER, object_handle=0x6031034fcc60
timestamp=18011069957009, VA=00008000000da000-00008000000de000, binding_type=unbind, object_type=VK_OBJECT_TYPE_COMMAND_BUFFER, object_handle=0x6031034f70e0
timestamp=18011069976405, VA=00008000000ca000-00008000000da000, binding_type=unbind, object_type=VK_OBJECT_TYPE_COMMAND_BUFFER, object_handle=0x6031034f1560
timestamp=18011070233910, VA=0000800000041000-000080000007d280, binding_type=unbind, object_type=VK_OBJECT_TYPE_DESCRIPTOR_POOL, object_handle=0x603102ff43a0
timestamp=18011070251774, VA=0000800118e00000-0000800128e00000, binding_type=unbind, object_type=VK_OBJECT_TYPE_BUFFER, object_handle=0x603103648060
timestamp=18011070253708, VA=0000800118e00000-0000800128e00000, binding_type=unbind, object_type=VK_OBJECT_TYPE_DEVICE_MEMORY, object_handle=0x603103512210
timestamp=18011070816217, VA=0000800101500000-0000800101501000, binding_type=bind, object_type=VK_OBJECT_TYPE_DEVICE_MEMORY, object_handle=0x603103628b00
timestamp=18011070824583, VA=0000800101500000-0000800101500100, binding_type=bind, object_type=VK_OBJECT_TYPE_IMAGE, object_handle=0x6031037c8140
timestamp=18011070930673, VA=0000800101540000-0000800101541000, binding_type=bind, object_type=VK_OBJECT_TYPE_DEVICE_MEMORY, object_handle=0x603103730bc0
timestamp=18011070933158, VA=0000800101540000-0000800101540100, binding_type=bind, object_type=VK_OBJECT_TYPE_IMAGE, object_handle=0x60310373f010
timestamp=18011070976038, VA=0000800101580000-0000800101581000, binding_type=bind, object_type=VK_OBJECT_TYPE_DEVICE_MEMORY, object_handle=0x60310390fbc0
timestamp=18011070978383, VA=0000800101580000-0000800101580100, binding_type=bind, object_type=VK_OBJECT_TYPE_IMAGE, object_handle=0x6031035655f0
timestamp=18011071031212, VA=00008001015c0000-00008001015c1000, binding_type=bind, object_type=VK_OBJECT_TYPE_DEVICE_MEMORY, object_handle=0x603103666200
timestamp=18011071034048, VA=00008001015c0000-00008001015c1000, binding_type=bind, object_type=VK_OBJECT_TYPE_IMAGE, object_handle=0x60310364ec80
timestamp=18011071078682, VA=0000800102900000-0000800102901000, binding_type=bind, object_type=VK_OBJECT_TYPE_DEVICE_MEMORY, object_handle=0x603103720740
timestamp=18011071080836, VA=0000800102900000-0000800102900700, binding_type=bind, object_type=VK_OBJECT_TYPE_IMAGE, object_handle=0x603103621b10
timestamp=18011071165515, VA=0000800102940000-0000800102941000, binding_type=bind, object_type=VK_OBJECT_TYPE_DEVICE_MEMORY, object_handle=0x603103720b40
timestamp=18011071170915, VA=0000800102940000-0000800102940040, binding_type=bind, object_type=VK_OBJECT_TYPE_BUFFER, object_handle=0x6031037c91f0
timestamp=18011071183649, VA=0000800102980000-0000800102981000, binding_type=bind, object_type=VK_OBJECT_TYPE_DEVICE_MEMORY, object_handle=0x60310373b7d0
timestamp=18011071185282, VA=0000800102980000-0000800102980190, binding_type=bind, object_type=VK_OBJECT_TYPE_BUFFER, object_handle=0x603103759540
timestamp=18011071194610, VA=00008001029c0000-00008001029c1000, binding_type=bind, object_type=VK_OBJECT_TYPE_DEVICE_MEMORY, object_handle=0x6031031980d0
timestamp=18011071196033, VA=00008001029c0000-00008001029c0190, binding_type=bind, object_type=VK_OBJECT_TYPE_BUFFER, object_handle=0x60310375bbb0
timestamp=18011071207785, VA=0000800103d00000-0000800103d01000, binding_type=bind, object_type=VK_OBJECT_TYPE_DEVICE_MEMORY, object_handle=0x603103769c20
timestamp=18011071209358, VA=0000800103d00000-0000800103d00190, binding_type=bind, object_type=VK_OBJECT_TYPE_BUFFER, object_handle=0x60310375bca0
timestamp=18011071218325, VA=0000800103d40000-0000800103d41000, binding_type=bind, object_type=VK_OBJECT_TYPE_DEVICE_MEMORY, object_handle=0x603103824bd0
timestamp=18011071220429, VA=0000800103d40000-0000800103d40190, binding_type=bind, object_type=VK_OBJECT_TYPE_BUFFER, object_handle=0x603103803550
timestamp=18011071235988, VA=0000800103d80000-0000800103d81000, binding_type=bind, object_type=VK_OBJECT_TYPE_DEVICE_MEMORY, object_handle=0x603103930bf0
timestamp=18011071238302, VA=0000800103d80000-0000800103d80190, binding_type=bind, object_type=VK_OBJECT_TYPE_BUFFER, object_handle=0x603103826070
timestamp=18011071427659, VA=0000800103dc0000-0000800103dc1000, binding_type=bind, object_type=VK_OBJECT_TYPE_DEVICE_MEMORY, object_handle=0x60310374b8e0
timestamp=18011071430474, VA=0000800103dc0000-0000800103dc00c0, binding_type=bind, object_type=VK_OBJECT_TYPE_BUFFER, object_handle=0x603103826160
timestamp=18011071441465, VA=0000800105100000-0000800105101000, binding_type=bind, object_type=VK_OBJECT_TYPE_DEVICE_MEMORY, object_handle=0x603103905af0
timestamp=18011071443038, VA=0000800105100000-0000800105100af0, binding_type=bind, object_type=VK_OBJECT_TYPE_BUFFER, object_handle=0x603103858c40
timestamp=18011071466392, VA=0000800105140000-0000800105141000, binding_type=bind, object_type=VK_OBJECT_TYPE_DEVICE_MEMORY, object_handle=0x60310374bc10
timestamp=18011071468145, VA=0000800105140000-0000800105140af0, binding_type=bind, object_type=VK_OBJECT_TYPE_BUFFER, object_handle=0x603103858880
timestamp=18011071478044, VA=0000800105180000-0000800105181000, binding_type=bind, object_type=VK_OBJECT_TYPE_DEVICE_MEMORY, object_handle=0x6031037efd50
timestamp=18011071479577, VA=0000800105180000-0000800105180270, binding_type=bind, object_type=VK_OBJECT_TYPE_BUFFER, object_handle=0x603103858970
timestamp=18011071488754, VA=00008001051c0000-00008001051c1000, binding_type=bind, object_type=VK_OBJECT_TYPE_DEVICE_MEMORY, object_handle=0x6031037a99c0
timestamp=18011071490267, VA=00008001051c0000-00008001051c0270, binding_type=bind, object_type=VK_OBJECT_TYPE_BUFFER, object_handle=0x6031037a51e0
timestamp=18011071507349, VA=0000800106500000-0000800106501000, binding_type=bind, object_type=VK_OBJECT_TYPE_DEVICE_MEMORY, object_handle=0x60310391c0c0
timestamp=18011071508972, VA=0000800106500000-0000800106500010, binding_type=bind, object_type=VK_OBJECT_TYPE_BUFFER, object_handle=0x603103857510
timestamp=18011071623037, VA=0000800118e00000-000080011e864000, binding_type=bind, object_type=VK_OBJECT_TYPE_DEVICE_MEMORY, object_handle=0x603102ff4880
timestamp=18011071626283, VA=0000800118e00000-000080011e864000, binding_type=bind, object_type=VK_OBJECT_TYPE_IMAGE, object_handle=0x6031035e51c0
timestamp=18011071666639, VA=000080011ea00000-0000800125b11000, binding_type=bind, object_type=VK_OBJECT_TYPE_DEVICE_MEMORY, object_handle=0x603103766e80
timestamp=18011071668823, VA=000080011ea00000-0000800125b10008, binding_type=bind, object_type=VK_OBJECT_TYPE_IMAGE, object_handle=0x603103766880
timestamp=18011071700844, VA=0000800125c00000-00008001278b1000, binding_type=bind, object_type=VK_OBJECT_TYPE_DEVICE_MEMORY, object_handle=0x6031035e8460
timestamp=18011071702968, VA=0000800125c00000-00008001278b0008, binding_type=bind, object_type=VK_OBJECT_TYPE_IMAGE, object_handle=0x6031035e7e60
timestamp=18011071732133, VA=0000800127a00000-000080012909e000, binding_type=bind, object_type=VK_OBJECT_TYPE_DEVICE_MEMORY, object_handle=0x6031037eae10
timestamp=18011071733996, VA=0000800127a00000-000080012909e000, binding_type=bind, object_type=VK_OBJECT_TYPE_IMAGE, object_handle=0x603103737f20
timestamp=18011080688043, VA=0000800106540000-0000800106546000, binding_type=bind, object_type=VK_OBJECT_TYPE_DEVICE_MEMORY, object_handle=0x603103574d10
timestamp=18011080702620, VA=0000800106540000-0000800106545a40, binding_type=bind, object_type=VK_OBJECT_TYPE_BUFFER, object_handle=0x6031038cfef0
timestamp=18011080783913, VA=0000800106580000-0000800106596000, binding_type=bind, object_type=VK_OBJECT_TYPE_DEVICE_MEMORY, object_handle=0x603102ff43a0
timestamp=18011080786809, VA=0000800106580000-00008001065951b0, binding_type=bind, object_type=VK_OBJECT_TYPE_BUFFER, object_handle=0x60310308c420
timestamp=18011080845259, VA=00008001065c0000-00008001065ca000, binding_type=bind, object_type=VK_OBJECT_TYPE_DEVICE_MEMORY, object_handle=0x603103720610
timestamp=18011080847894, VA=00008001065c0000-00008001065c9610, binding_type=bind, object_type=VK_OBJECT_TYPE_BUFFER, object_handle=0x603103730350
timestamp=18011080869304, VA=0000800000041000-000080000004a610, binding_type=bind, object_type=VK_OBJECT_TYPE_COMMAND_BUFFER, object_handle=0x6031032b5f60
timestamp=18011080949856, VA=0000800107900000-000080010791a000, binding_type=bind, object_type=VK_OBJECT_TYPE_DEVICE_MEMORY, object_handle=0x603103720880
timestamp=18011080954444, VA=0000800107900000-0000800107919cb0, binding_type=bind, object_type=VK_OBJECT_TYPE_BUFFER, object_handle=0x60310355a450
timestamp=18011080997766, VA=0000800107940000-0000800107942000, binding_type=bind, object_type=VK_OBJECT_TYPE_DEVICE_MEMORY, object_handle=0x60310373e000
timestamp=18011081011291, VA=0000800107940000-00008001079411d0, binding_type=bind, object_type=VK_OBJECT_TYPE_BUFFER, object_handle=0x603103745ae0
timestamp=18011081036188, VA=0000800107980000-0000800107981000, binding_type=bind, object_type=VK_OBJECT_TYPE_DEVICE_MEMORY, object_handle=0x60310373fd50
timestamp=18011081038763, VA=0000800107980000-0000800107980050, binding_type=bind, object_type=VK_OBJECT_TYPE_BUFFER, object_handle=0x60310373f710
timestamp=18011089629475, VA=00008001079c0000-00008001079c6000, binding_type=bind, object_type=VK_OBJECT_TYPE_DEVICE_MEMORY, object_handle=0x603103596b50
timestamp=18011089641768, VA=00008001079c0000-00008001079c5a00, binding_type=bind, object_type=VK_OBJECT_TYPE_BUFFER, object_handle=0x603103568b10
timestamp=18011089693135, VA=000080000004b000-000080000005dc20, binding_type=bind, object_type=VK_OBJECT_TYPE_COMMAND_BUFFER, object_handle=0x6031032b5f60
timestamp=18011089777073, VA=0000800108d00000-0000800108d16000, binding_type=bind, object_type=VK_OBJECT_TYPE_DEVICE_MEMORY, object_handle=0x60310372ffc0
timestamp=18011089780380, VA=0000800108d00000-0000800108d151b0, binding_type=bind, object_type=VK_OBJECT_TYPE_BUFFER, object_handle=0x603103611be0
timestamp=18011089843228, VA=0000800108d40000-0000800108d4a000, binding_type=bind, object_type=VK_OBJECT_TYPE_DEVICE_MEMORY, object_handle=0x60310372ef10
timestamp=18011089845983, VA=0000800108d40000-0000800108d49610, binding_type=bind, object_type=VK_OBJECT_TYPE_BUFFER, object_handle=0x60310372edd0
timestamp=18011089895977, VA=0000800108d80000-0000800108d9a000, binding_type=bind, object_type=VK_OBJECT_TYPE_DEVICE_MEMORY, object_handle=0x603103911520
timestamp=18011089899504, VA=0000800108d80000-0000800108d99cb0, binding_type=bind, object_type=VK_OBJECT_TYPE_BUFFER, object_handle=0x60310390a790
timestamp=18011089947885, VA=0000800108dc0000-0000800108dc2000, binding_type=bind, object_type=VK_OBJECT_TYPE_DEVICE_MEMORY, object_handle=0x60310372fcc0
timestamp=18011089950710, VA=0000800108dc0000-0000800108dc1200, binding_type=bind, object_type=VK_OBJECT_TYPE_BUFFER, object_handle=0x603103731760
timestamp=18011089975567, VA=000080011e880000-000080011e881000, binding_type=bind, object_type=VK_OBJECT_TYPE_DEVICE_MEMORY, object_handle=0x603103733130
timestamp=18011089978322, VA=000080011e880000-000080011e880050, binding_type=bind, object_type=VK_OBJECT_TYPE_BUFFER, object_handle=0x60310376a940
timestamp=18011090037193, VA=000080011e8c0000-000080011e8c1000, binding_type=bind, object_type=VK_OBJECT_TYPE_DEVICE_MEMORY, object_handle=0x60310372f140
timestamp=18011090039758, VA=000080011e8c0000-000080011e8c0110, binding_type=bind, object_type=VK_OBJECT_TYPE_BUFFER, object_handle=0x6031037342e0
timestamp=18011090062210, VA=000080011e900000-000080011e901000, binding_type=bind, object_type=VK_OBJECT_TYPE_DEVICE_MEMORY, object_handle=0x603103731b00
timestamp=18011090064344, VA=000080011e900000-000080011e900110, binding_type=bind, object_type=VK_OBJECT_TYPE_BUFFER, object_handle=0x603103731a80
timestamp=18011091069879, VA=000080011e940000-000080011e943000, binding_type=bind, object_type=VK_OBJECT_TYPE_DEVICE_MEMORY, object_handle=0x603103540560
timestamp=18011091073395, VA=000080011e940000-000080011e942ee0, binding_type=bind, object_type=VK_OBJECT_TYPE_BUFFER, object_handle=0x603103804310
timestamp=18011091095617, VA=000080000005e000-0000800000083840, binding_type=bind, object_type=VK_OBJECT_TYPE_COMMAND_BUFFER, object_handle=0x6031032b5f60
timestamp=18011091129801, VA=000080011e980000-000080011e981000, binding_type=bind, object_type=VK_OBJECT_TYPE_DEVICE_MEMORY, object_handle=0x603103732040
timestamp=18011091132637, VA=000080011e980000-000080011e980710, binding_type=bind, object_type=VK_OBJECT_TYPE_BUFFER, object_handle=0x6031037a3cd0
timestamp=18011091161371, VA=000080011e9c0000-000080011e9c3000, binding_type=bind, object_type=VK_OBJECT_TYPE_DEVICE_MEMORY, object_handle=0x603103856fc0
timestamp=18011091164427, VA=000080011e9c0000-000080011e9c2ee0, binding_type=bind, object_type=VK_OBJECT_TYPE_BUFFER, object_handle=0x603103803340
timestamp=18011091185276, VA=0000800125b40000-0000800125b41000, binding_type=bind, object_type=VK_OBJECT_TYPE_DEVICE_MEMORY, object_handle=0x603103547570
timestamp=18011091187410, VA=0000800125b40000-0000800125b40710, binding_type=bind, object_type=VK_OBJECT_TYPE_BUFFER, object_handle=0x6031037558f0
timestamp=18011091218699, VA=0000800125b80000-0000800125b83000, binding_type=bind, object_type=VK_OBJECT_TYPE_DEVICE_MEMORY, object_handle=0x603103755b90
timestamp=18011091220913, VA=0000800125b80000-0000800125b82ee0, binding_type=bind, object_type=VK_OBJECT_TYPE_BUFFER, object_handle=0x603103755b10
timestamp=18011091239047, VA=0000800125bc0000-0000800125bc1000, binding_type=bind, object_type=VK_OBJECT_TYPE_DEVICE_MEMORY, object_handle=0x603103683e00
timestamp=18011091240791, VA=0000800125bc0000-0000800125bc0710, binding_type=bind, object_type=VK_OBJECT_TYPE_BUFFER, object_handle=0x603103611700
timestamp=18011091270026, VA=00008001278c0000-00008001278c3000, binding_type=bind, object_type=VK_OBJECT_TYPE_DEVICE_MEMORY, object_handle=0x6031036a16c0
timestamp=18011091272110, VA=00008001278c0000-00008001278c2ee0, binding_type=bind, object_type=VK_OBJECT_TYPE_BUFFER, object_handle=0x60310368df70
timestamp=18011091292458, VA=0000800127900000-0000800127901000, binding_type=bind, object_type=VK_OBJECT_TYPE_DEVICE_MEMORY, object_handle=0x603103732d00
timestamp=18011091294321, VA=0000800127900000-0000800127900710, binding_type=bind, object_type=VK_OBJECT_TYPE_BUFFER, object_handle=0x603103756760
timestamp=18011091323116, VA=0000800127940000-0000800127943000, binding_type=bind, object_type=VK_OBJECT_TYPE_DEVICE_MEMORY, object_handle=0x603103581770
timestamp=18011091324979, VA=0000800127940000-0000800127942ee0, binding_type=bind, object_type=VK_OBJECT_TYPE_BUFFER, object_handle=0x6031035816f0
timestamp=18011091349375, VA=0000800127980000-0000800127981000, binding_type=bind, object_type=VK_OBJECT_TYPE_DEVICE_MEMORY, object_handle=0x60310374de00
timestamp=18011091351239, VA=0000800127980000-0000800127980710, binding_type=bind, object_type=VK_OBJECT_TYPE_BUFFER, object_handle=0x6031037a3260
timestamp=18011091377749, VA=00008001279c0000-00008001279c3000, binding_type=bind, object_type=VK_OBJECT_TYPE_DEVICE_MEMORY, object_handle=0x603103734d10
timestamp=18011091379442, VA=00008001279c0000-00008001279c2ee0, binding_type=bind, object_type=VK_OBJECT_TYPE_BUFFER, object_handle=0x60310374df90
timestamp=18011091900433, VA=00008001290c0000-00008001290c1000, binding_type=bind, object_type=VK_OBJECT_TYPE_DEVICE_MEMORY, object_handle=0x603103862a20
timestamp=18011091902647, VA=00008001290c0000-00008001290c0710, binding_type=bind, object_type=VK_OBJECT_TYPE_BUFFER, object_handle=0x6031035f06d0
timestamp=18011091923537, VA=0000800129100000-0000800129101000, binding_type=bind, object_type=VK_OBJECT_TYPE_DEVICE_MEMORY, object_handle=0x60310355e5c0
timestamp=18011091925470, VA=0000800129100000-0000800129100010, binding_type=bind, object_type=VK_OBJECT_TYPE_BUFFER, object_handle=0x603103610dd0
timestamp=18011091945748, VA=0000800129140000-0000800129141000, binding_type=bind, object_type=VK_OBJECT_TYPE_DEVICE_MEMORY, object_handle=0x6031035ec8a0
timestamp=18011091948123, VA=0000800129140000-0000800129140050, binding_type=bind, object_type=VK_OBJECT_TYPE_BUFFER, object_handle=0x6031035ec480
timestamp=18011091966057, VA=0000800129180000-0000800129181000, binding_type=bind, object_type=VK_OBJECT_TYPE_DEVICE_MEMORY, object_handle=0x603103930eb0
timestamp=18011091967980, VA=0000800129180000-0000800129180010, binding_type=bind, object_type=VK_OBJECT_TYPE_BUFFER, object_handle=0x6031038d0390
timestamp=18011091983630, VA=00008001291c0000-00008001291c1000, binding_type=bind, object_type=VK_OBJECT_TYPE_DEVICE_MEMORY, object_handle=0x60310369e2f0
timestamp=18011091985303, VA=00008001291c0000-00008001291c0080, binding_type=bind, object_type=VK_OBJECT_TYPE_BUFFER, object_handle=0x603103564e30
timestamp=18011092020028, VA=0000800129200000-0000800129201000, binding_type=bind, object_type=VK_OBJECT_TYPE_DEVICE_MEMORY, object_handle=0x60310307c430
timestamp=18011092023074, VA=0000800129200000-0000800129200030, binding_type=bind, object_type=VK_OBJECT_TYPE_BUFFER, object_handle=0x603103754b20
timestamp=18011092040046, VA=0000800129240000-0000800129241000, binding_type=bind, object_type=VK_OBJECT_TYPE_DEVICE_MEMORY, object_handle=0x603103732740
timestamp=18011092042180, VA=0000800129240000-00008001292400d0, binding_type=bind, object_type=VK_OBJECT_TYPE_BUFFER, object_handle=0x60310307c6e0
timestamp=18011092057940, VA=0000800129280000-0000800129281000, binding_type=bind, object_type=VK_OBJECT_TYPE_DEVICE_MEMORY, object_handle=0x6031036392c0
timestamp=18011092059934, VA=0000800129280000-0000800129280030, binding_type=bind, object_type=VK_OBJECT_TYPE_BUFFER, object_handle=0x603103733890
timestamp=18011092073689, VA=00008001292c0000-00008001292c1000, binding_type=bind, object_type=VK_OBJECT_TYPE_DEVICE_MEMORY, object_handle=0x60310361b560
timestamp=18011092075854, VA=00008001292c0000-00008001292c0140, binding_type=bind, object_type=VK_OBJECT_TYPE_BUFFER, object_handle=0x603103759410
timestamp=18011092089549, VA=0000800129300000-0000800129301000, binding_type=bind, object_type=VK_OBJECT_TYPE_DEVICE_MEMORY, object_handle=0x603103619210
timestamp=18011092091433, VA=0000800129300000-0000800129300030, binding_type=bind, object_type=VK_OBJECT_TYPE_BUFFER, object_handle=0x60310369dc50
timestamp=18011092105329, VA=0000800129340000-0000800129341000, binding_type=bind, object_type=VK_OBJECT_TYPE_DEVICE_MEMORY, object_handle=0x603103566d60
timestamp=18011092107333, VA=0000800129340000-00008001293400d0, binding_type=bind, object_type=VK_OBJECT_TYPE_BUFFER, object_handle=0x6031035828c0
timestamp=18011092122652, VA=0000800129380000-0000800129381000, binding_type=bind, object_type=VK_OBJECT_TYPE_DEVICE_MEMORY, object_handle=0x6031037ac230
timestamp=18011092124535, VA=0000800129380000-0000800129380030, binding_type=bind, object_type=VK_OBJECT_TYPE_BUFFER, object_handle=0x6031035671b0
timestamp=18011092143802, VA=00008001293c0000-00008001293c1000, binding_type=bind, object_type=VK_OBJECT_TYPE_DEVICE_MEMORY, object_handle=0x6031037aa960
timestamp=18011092145575, VA=00008001293c0000-00008001293c00a0, binding_type=bind, object_type=VK_OBJECT_TYPE_BUFFER, object_handle=0x6031037ac650
timestamp=18011092163248, VA=0000800129400000-0000800129401000, binding_type=bind, object_type=VK_OBJECT_TYPE_DEVICE_MEMORY, object_handle=0x60310352b1a0
timestamp=18011092165021, VA=0000800129400000-0000800129400030, binding_type=bind, object_type=VK_OBJECT_TYPE_BUFFER, object_handle=0x6031037449d0
timestamp=18011092178677, VA=0000800129440000-0000800129441000, binding_type=bind, object_type=VK_OBJECT_TYPE_DEVICE_MEMORY, object_handle=0x60310391d160
timestamp=18011092180471, VA=0000800129440000-0000800129440100, binding_type=bind, object_type=VK_OBJECT_TYPE_BUFFER, object_handle=0x603103744d30
timestamp=18011092195349, VA=0000800129480000-0000800129481000, binding_type=bind, object_type=VK_OBJECT_TYPE_DEVICE_MEMORY, object_handle=0x60310356dce0
timestamp=18011092197012, VA=0000800129480000-0000800129480060, binding_type=bind, object_type=VK_OBJECT_TYPE_BUFFER, object_handle=0x60310391d4a0
timestamp=18011092210738, VA=00008001294c0000-00008001294c1000, binding_type=bind, object_type=VK_OBJECT_TYPE_DEVICE_MEMORY, object_handle=0x603103429f00
timestamp=18011092212902, VA=00008001294c0000-00008001294c0170, binding_type=bind, object_type=VK_OBJECT_TYPE_BUFFER, object_handle=0x60310356e2e0
timestamp=18011092226968, VA=0000800129500000-0000800129501000, binding_type=bind, object_type=VK_OBJECT_TYPE_DEVICE_MEMORY, object_handle=0x60310368e800
timestamp=18011092228631, VA=0000800129500000-0000800129500060, binding_type=bind, object_type=VK_OBJECT_TYPE_BUFFER, object_handle=0x60310368e440
timestamp=18011092242988, VA=0000800129540000-0000800129541000, binding_type=bind, object_type=VK_OBJECT_TYPE_DEVICE_MEMORY, object_handle=0x603103607120
timestamp=18011092244682, VA=0000800129540000-0000800129540240, binding_type=bind, object_type=VK_OBJECT_TYPE_BUFFER, object_handle=0x603103606cc0
timestamp=18011092260581, VA=0000800129580000-0000800129581000, binding_type=bind, object_type=VK_OBJECT_TYPE_DEVICE_MEMORY, object_handle=0x603103559e40
timestamp=18011092262355, VA=0000800129580000-0000800129580050, binding_type=bind, object_type=VK_OBJECT_TYPE_BUFFER, object_handle=0x60310369dbd0
timestamp=18011092277193, VA=00008001295c0000-00008001295c1000, binding_type=bind, object_type=VK_OBJECT_TYPE_DEVICE_MEMORY, object_handle=0x603103596560
timestamp=18011092279838, VA=00008001295c0000-00008001295c0120, binding_type=bind, object_type=VK_OBJECT_TYPE_BUFFER, object_handle=0x60310356b580
timestamp=18011092299445, VA=0000800129600000-0000800129601000, binding_type=bind, object_type=VK_OBJECT_TYPE_DEVICE_MEMORY, object_handle=0x603103510140
timestamp=18011092301589, VA=0000800129600000-0000800129600050, binding_type=bind, object_type=VK_OBJECT_TYPE_BUFFER, object_handle=0x603103609f60
timestamp=18011092315806, VA=0000800129640000-0000800129641000, binding_type=bind, object_type=VK_OBJECT_TYPE_DEVICE_MEMORY, object_handle=0x603103510840
timestamp=18011092317769, VA=0000800129640000-00008001296401c0, binding_type=bind, object_type=VK_OBJECT_TYPE_BUFFER, object_handle=0x603103510550
timestamp=18011092332908, VA=0000800129680000-0000800129681000, binding_type=bind, object_type=VK_OBJECT_TYPE_DEVICE_MEMORY, object_handle=0x60310354ee90
timestamp=18011092334821, VA=0000800129680000-00008001296800b0, binding_type=bind, object_type=VK_OBJECT_TYPE_BUFFER, object_handle=0x603103585060
timestamp=18011092350761, VA=00008001296c0000-00008001296c1000, binding_type=bind, object_type=VK_OBJECT_TYPE_DEVICE_MEMORY, object_handle=0x60310354f410
timestamp=18011092352775, VA=00008001296c0000-00008001296c0260, binding_type=bind, object_type=VK_OBJECT_TYPE_BUFFER, object_handle=0x603103585330
timestamp=18011092366371, VA=0000800129700000-0000800129701000, binding_type=bind, object_type=VK_OBJECT_TYPE_DEVICE_MEMORY, object_handle=0x60310362fe50
timestamp=18011092368034, VA=0000800129700000-00008001297000b0, binding_type=bind, object_type=VK_OBJECT_TYPE_BUFFER, object_handle=0x60310362fa50
timestamp=18011092385637, VA=0000800129740000-0000800129741000, binding_type=bind, object_type=VK_OBJECT_TYPE_DEVICE_MEMORY, object_handle=0x60310391e920
timestamp=18011092387100, VA=0000800129740000-00008001297403c0, binding_type=bind, object_type=VK_OBJECT_TYPE_BUFFER, object_handle=0x60310391e4d0
timestamp=18011092402960, VA=0000800129780000-0000800129781000, binding_type=bind, object_type=VK_OBJECT_TYPE_DEVICE_MEMORY, object_handle=0x6031035661a0
timestamp=18011092404703, VA=0000800129780000-0000800129780090, binding_type=bind, object_type=VK_OBJECT_TYPE_BUFFER, object_handle=0x60310391eee0
timestamp=18011092421845, VA=00008001297c0000-00008001297c1000, binding_type=bind, object_type=VK_OBJECT_TYPE_DEVICE_MEMORY, object_handle=0x60310367f120
timestamp=18011092423508, VA=00008001297c0000-00008001297c0210, binding_type=bind, object_type=VK_OBJECT_TYPE_BUFFER, object_handle=0x603103566910
timestamp=18011092445570, VA=0000800129800000-0000800129801000, binding_type=bind, object_type=VK_OBJECT_TYPE_DEVICE_MEMORY, object_handle=0x60310342be90
timestamp=18011092447624, VA=0000800129800000-0000800129800090, binding_type=bind, object_type=VK_OBJECT_TYPE_BUFFER, object_handle=0x60310367f660
timestamp=18011092462291, VA=0000800129840000-0000800129841000, binding_type=bind, object_type=VK_OBJECT_TYPE_DEVICE_MEMORY, object_handle=0x603103430dd0
timestamp=18011092464235, VA=0000800129840000-0000800129840340, binding_type=bind, object_type=VK_OBJECT_TYPE_BUFFER, object_handle=0x60310342c540
timestamp=18011092480957, VA=0000800129880000-0000800129881000, binding_type=bind, object_type=VK_OBJECT_TYPE_DEVICE_MEMORY, object_handle=0x6031035bdfa0
timestamp=18011092482640, VA=0000800129880000-0000800129880140, binding_type=bind, object_type=VK_OBJECT_TYPE_BUFFER, object_handle=0x603103431720
timestamp=18011092496285, VA=00008001298c0000-00008001298c1000, binding_type=bind, object_type=VK_OBJECT_TYPE_DEVICE_MEMORY, object_handle=0x60310373d4d0
timestamp=18011092497838, VA=00008001298c0000-00008001298c0440, binding_type=bind, object_type=VK_OBJECT_TYPE_BUFFER, object_handle=0x60310373d020
timestamp=18011092512967, VA=0000800129900000-0000800129901000, binding_type=bind, object_type=VK_OBJECT_TYPE_DEVICE_MEMORY, object_handle=0x6031035d63e0
timestamp=18011092514901, VA=0000800129900000-0000800129900140, binding_type=bind, object_type=VK_OBJECT_TYPE_BUFFER, object_handle=0x6031035d5f10
timestamp=18011092528636, VA=0000800129940000-0000800129941000, binding_type=bind, object_type=VK_OBJECT_TYPE_DEVICE_MEMORY, object_handle=0x603103568020
timestamp=18011092530209, VA=0000800129940000-00008001299406c0, binding_type=bind, object_type=VK_OBJECT_TYPE_BUFFER, object_handle=0x6031035d6b70
timestamp=18011092545398, VA=0000800129980000-0000800129981000, binding_type=bind, object_type=VK_OBJECT_TYPE_DEVICE_MEMORY, object_handle=0x603103767dd0
timestamp=18011092546951, VA=0000800129980000-0000800129980120, binding_type=bind, object_type=VK_OBJECT_TYPE_BUFFER, object_handle=0x6031035685e0
timestamp=18011092561629, VA=00008001299c0000-00008001299c1000, binding_type=bind, object_type=VK_OBJECT_TYPE_DEVICE_MEMORY, object_handle=0x603103768690
timestamp=18011092563512, VA=00008001299c0000-00008001299c03f0, binding_type=bind, object_type=VK_OBJECT_TYPE_BUFFER, object_handle=0x603103768300
timestamp=18011092581326, VA=0000800129a00000-0000800129a01000, binding_type=bind, object_type=VK_OBJECT_TYPE_DEVICE_MEMORY, object_handle=0x603103629710
timestamp=18011092582849, VA=0000800129a00000-0000800129a00120, binding_type=bind, object_type=VK_OBJECT_TYPE_BUFFER, object_handle=0x603103629230
timestamp=18011092598498, VA=0000800129a40000-0000800129a41000, binding_type=bind, object_type=VK_OBJECT_TYPE_DEVICE_MEMORY, object_handle=0x603103561800
timestamp=18011092600231, VA=0000800129a40000-0000800129a40640, binding_type=bind, object_type=VK_OBJECT_TYPE_BUFFER, object_handle=0x603103561300
timestamp=18011092618335, VA=0000800129a80000-0000800129a81000, binding_type=bind, object_type=VK_OBJECT_TYPE_DEVICE_MEMORY, object_handle=0x6031034312e0
timestamp=18011092619908, VA=0000800129a80000-0000800129a80260, binding_type=bind, object_type=VK_OBJECT_TYPE_BUFFER, object_handle=0x6031036d1960
timestamp=18011092633845, VA=0000800129ac0000-0000800129ac1000, binding_type=bind, object_type=VK_OBJECT_TYPE_DEVICE_MEMORY, object_handle=0x6031035bdb10
timestamp=18011092635468, VA=0000800129ac0000-0000800129ac0800, binding_type=bind, object_type=VK_OBJECT_TYPE_BUFFER, object_handle=0x6031035620b0
timestamp=18011092649905, VA=0000800129b00000-0000800129b01000, binding_type=bind, object_type=VK_OBJECT_TYPE_DEVICE_MEMORY, object_handle=0x6031036d3240
timestamp=18011092651448, VA=0000800129b00000-0000800129b00260, binding_type=bind, object_type=VK_OBJECT_TYPE_BUFFER, object_handle=0x6031036cf6e0
timestamp=18011092665554, VA=0000800129b40000-0000800129b41000, binding_type=bind, object_type=VK_OBJECT_TYPE_DEVICE_MEMORY, object_handle=0x6031036d5390
timestamp=18011092666957, VA=0000800129b40000-0000800129b40cc0, binding_type=bind, object_type=VK_OBJECT_TYPE_BUFFER, object_handle=0x6031036d3a30
timestamp=18011092682136, VA=0000800129b80000-0000800129b81000, binding_type=bind, object_type=VK_OBJECT_TYPE_DEVICE_MEMORY, object_handle=0x6031036d5d20
timestamp=18011092683618, VA=0000800129b80000-0000800129b80240, binding_type=bind, object_type=VK_OBJECT_TYPE_BUFFER, object_handle=0x6031036d5890
timestamp=18011092698687, VA=0000800129bc0000-0000800129bc1000, binding_type=bind, object_type=VK_OBJECT_TYPE_DEVICE_MEMORY, object_handle=0x6031036d7d60
timestamp=18011092700390, VA=0000800129bc0000-0000800129bc07b0, binding_type=bind, object_type=VK_OBJECT_TYPE_BUFFER, object_handle=0x6031036d7940
timestamp=18011092719646, VA=0000800129c00000-0000800129c01000, binding_type=bind, object_type=VK_OBJECT_TYPE_DEVICE_MEMORY, object_handle=0x603103722f60
timestamp=18011092721079, VA=0000800129c00000-0000800129c00240, binding_type=bind, object_type=VK_OBJECT_TYPE_BUFFER, object_handle=0x6031036d83b0
timestamp=18011092736127, VA=0000800129c40000-0000800129c41000, binding_type=bind, object_type=VK_OBJECT_TYPE_DEVICE_MEMORY, object_handle=0x603103723950
timestamp=18011092738382, VA=0000800129c40000-0000800129c40c40, binding_type=bind, object_type=VK_OBJECT_TYPE_BUFFER, object_handle=0x603103723490
timestamp=18011092756305, VA=0000800129c80000-0000800129c81000, binding_type=bind, object_type=VK_OBJECT_TYPE_DEVICE_MEMORY, object_handle=0x603103855fe0
timestamp=18011092757988, VA=0000800129c80000-0000800129c804a0, binding_type=bind, object_type=VK_OBJECT_TYPE_BUFFER, object_handle=0x6031036cd590
timestamp=18011092773798, VA=0000800129cc0000-0000800129cc1000, binding_type=bind, object_type=VK_OBJECT_TYPE_DEVICE_MEMORY, object_handle=0x6031036cf1a0
timestamp=18011092775411, VA=0000800129cc0000-0000800129cc0f80, binding_type=bind, object_type=VK_OBJECT_TYPE_BUFFER, object_handle=0x6031036cd680
timestamp=18011092789558, VA=0000800129d00000-0000800129d01000, binding_type=bind, object_type=VK_OBJECT_TYPE_DEVICE_MEMORY, object_handle=0x6031036d17e0
timestamp=18011092791091, VA=0000800129d00000-0000800129d004a0, binding_type=bind, object_type=VK_OBJECT_TYPE_BUFFER, object_handle=0x6031036d13c0
timestamp=18011092806149, VA=0000800129d40000-0000800129d42000, binding_type=bind, object_type=VK_OBJECT_TYPE_DEVICE_MEMORY, object_handle=0x6031037504a0
timestamp=18011092807973, VA=0000800129d40000-0000800129d418c0, binding_type=bind, object_type=VK_OBJECT_TYPE_BUFFER, object_handle=0x603103750030
timestamp=18011092826528, VA=0000800129d80000-0000800129d81000, binding_type=bind, object_type=VK_OBJECT_TYPE_DEVICE_MEMORY, object_handle=0x6031036d0250
timestamp=18011092828000, VA=0000800129d80000-0000800129d80480, binding_type=bind, object_type=VK_OBJECT_TYPE_BUFFER, object_handle=0x6031036cfda0
timestamp=18011092843239, VA=0000800129dc0000-0000800129dc1000, binding_type=bind, object_type=VK_OBJECT_TYPE_DEVICE_MEMORY, object_handle=0x6031036d0a00
timestamp=18011092844932, VA=0000800129dc0000-0000800129dc0f30, binding_type=bind, object_type=VK_OBJECT_TYPE_BUFFER, object_handle=0x6031037508d0
timestamp=18011092863337, VA=0000800129e00000-0000800129e01000, binding_type=bind, object_type=VK_OBJECT_TYPE_DEVICE_MEMORY, object_handle=0x6031036d29e0
timestamp=18011092865220, VA=0000800129e00000-0000800129e00480, binding_type=bind, object_type=VK_OBJECT_TYPE_BUFFER, object_handle=0x6031036d2570
timestamp=18011092879848, VA=0000800129e40000-0000800129e42000, binding_type=bind, object_type=VK_OBJECT_TYPE_DEVICE_MEMORY, object_handle=0x6031036d4840
timestamp=18011092881561, VA=0000800129e40000-0000800129e41840, binding_type=bind, object_type=VK_OBJECT_TYPE_BUFFER, object_handle=0x6031036d4340
timestamp=18011092904064, VA=0000800129e80000-0000800129e81000, binding_type=bind, object_type=VK_OBJECT_TYPE_DEVICE_MEMORY, object_handle=0x6031036d6ba0
timestamp=18011092905957, VA=0000800129e80000-0000800129e80920, binding_type=bind, object_type=VK_OBJECT_TYPE_BUFFER, object_handle=0x6031036d4e50
timestamp=18011092921046, VA=0000800129ec0000-0000800129ec2000, binding_type=bind, object_type=VK_OBJECT_TYPE_DEVICE_MEMORY, object_handle=0x6031036d8ad0
timestamp=18011092922558, VA=0000800129ec0000-0000800129ec1e80, binding_type=bind, object_type=VK_OBJECT_TYPE_BUFFER, object_handle=0x6031036d4ed0
timestamp=18011092945091, VA=0000800129f00000-0000800129f01000, binding_type=bind, object_type=VK_OBJECT_TYPE_DEVICE_MEMORY, object_handle=0x6031036d9600
timestamp=18011092946754, VA=0000800129f00000-0000800129f00920, binding_type=bind, object_type=VK_OBJECT_TYPE_BUFFER, object_handle=0x6031036d90d0
timestamp=18011092962454, VA=0000800129f40000-0000800129f44000, binding_type=bind, object_type=VK_OBJECT_TYPE_DEVICE_MEMORY, object_handle=0x6031036ce2c0
timestamp=18011092964227, VA=0000800129f40000-0000800129f430c0, binding_type=bind, object_type=VK_OBJECT_TYPE_BUFFER, object_handle=0x6031036cddc0
timestamp=18011092982762, VA=0000800129f80000-0000800129f81000, binding_type=bind, object_type=VK_OBJECT_TYPE_DEVICE_MEMORY, object_handle=0x60310367cb90
timestamp=18011092984675, VA=0000800129f80000-0000800129f80030, binding_type=bind, object_type=VK_OBJECT_TYPE_BUFFER, object_handle=0x60310367c840
timestamp=18011093012869, VA=0000800129fc0000-0000800129fc1000, binding_type=bind, object_type=VK_OBJECT_TYPE_DEVICE_MEMORY, object_handle=0x60310367d520
timestamp=18011093014642, VA=0000800129fc0000-0000800129fc00a0, binding_type=bind, object_type=VK_OBJECT_TYPE_BUFFER, object_handle=0x60310367d0e0
timestamp=18011093035010, VA=000080012a000000-000080012a001000, binding_type=bind, object_type=VK_OBJECT_TYPE_DEVICE_MEMORY, object_handle=0x603103721c90
timestamp=18011093036713, VA=000080012a000000-000080012a000030, binding_type=bind, object_type=VK_OBJECT_TYPE_BUFFER, object_handle=0x603103574460
timestamp=18011093052443, VA=000080012a040000-000080012a041000, binding_type=bind, object_type=VK_OBJECT_TYPE_DEVICE_MEMORY, object_handle=0x6031037225c0
timestamp=18011093054457, VA=000080012a040000-000080012a040100, binding_type=bind, object_type=VK_OBJECT_TYPE_BUFFER, object_handle=0x6031037221e0
timestamp=18011093069485, VA=000080012a080000-000080012a081000, binding_type=bind, object_type=VK_OBJECT_TYPE_DEVICE_MEMORY, object_handle=0x6031036859a0
timestamp=18011093071729, VA=000080012a080000-000080012a080060, binding_type=bind, object_type=VK_OBJECT_TYPE_BUFFER, object_handle=0x603103685580
timestamp=18011093087469, VA=000080012a0c0000-000080012a0c1000, binding_type=bind, object_type=VK_OBJECT_TYPE_DEVICE_MEMORY, object_handle=0x6031035891d0
timestamp=18011093089162, VA=000080012a0c0000-000080012a0c0170, binding_type=bind, object_type=VK_OBJECT_TYPE_BUFFER, object_handle=0x603103686110
timestamp=18011093104942, VA=000080012a100000-000080012a101000, binding_type=bind, object_type=VK_OBJECT_TYPE_DEVICE_MEMORY, object_handle=0x603103609080
timestamp=18011093107276, VA=000080012a100000-000080012a100060, binding_type=bind, object_type=VK_OBJECT_TYPE_BUFFER, object_handle=0x603103589770
timestamp=18011093123026, VA=000080012a140000-000080012a141000, binding_type=bind, object_type=VK_OBJECT_TYPE_DEVICE_MEMORY, object_handle=0x603103519be0
timestamp=18011093124829, VA=000080012a140000-000080012a140240, binding_type=bind, object_type=VK_OBJECT_TYPE_BUFFER, object_handle=0x603103609810
timestamp=18011093139938, VA=000080012a180000-000080012a181000, binding_type=bind, object_type=VK_OBJECT_TYPE_DEVICE_MEMORY, object_handle=0x60310351a390
timestamp=18011093141270, VA=000080012a180000-000080012a180070, binding_type=bind, object_type=VK_OBJECT_TYPE_BUFFER, object_handle=0x60310351a230
timestamp=18011093158643, VA=000080012a1c0000-000080012a1c1000, binding_type=bind, object_type=VK_OBJECT_TYPE_DEVICE_MEMORY, object_handle=0x603103667480
timestamp=18011093160266, VA=000080012a1c0000-000080012a1c0140, binding_type=bind, object_type=VK_OBJECT_TYPE_BUFFER, object_handle=0x60310350fb70
timestamp=18011093178661, VA=000080012a200000-000080012a201000, binding_type=bind, object_type=VK_OBJECT_TYPE_DEVICE_MEMORY, object_handle=0x6031035c0160
timestamp=18011093180334, VA=000080012a200000-000080012a200070, binding_type=bind, object_type=VK_OBJECT_TYPE_BUFFER, object_handle=0x6031035bfcf0
timestamp=18011093195833, VA=000080012a240000-000080012a241000, binding_type=bind, object_type=VK_OBJECT_TYPE_DEVICE_MEMORY, object_handle=0x6031035a56c0
timestamp=18011093197496, VA=000080012a240000-000080012a240200, binding_type=bind, object_type=VK_OBJECT_TYPE_BUFFER, object_handle=0x6031035a50e0
timestamp=18011093213807, VA=000080012a280000-000080012a281000, binding_type=bind, object_type=VK_OBJECT_TYPE_DEVICE_MEMORY, object_handle=0x60310352a120
timestamp=18011093215711, VA=000080012a280000-000080012a280090, binding_type=bind, object_type=VK_OBJECT_TYPE_BUFFER, object_handle=0x6031035296a0
timestamp=18011093234296, VA=000080012a2c0000-000080012a2c1000, binding_type=bind, object_type=VK_OBJECT_TYPE_DEVICE_MEMORY, object_handle=0x603103515080
timestamp=18011093236079, VA=000080012a2c0000-000080012a2c0210, binding_type=bind, object_type=VK_OBJECT_TYPE_BUFFER, object_handle=0x603103514ac0
timestamp=18011093251678, VA=000080012a300000-000080012a301000, binding_type=bind, object_type=VK_OBJECT_TYPE_DEVICE_MEMORY, object_handle=0x603103515ae0
timestamp=18011093253512, VA=000080012a300000-000080012a300090, binding_type=bind, object_type=VK_OBJECT_TYPE_BUFFER, object_handle=0x6031035156a0
timestamp=18011093268280, VA=000080012a340000-000080012a341000, binding_type=bind, object_type=VK_OBJECT_TYPE_DEVICE_MEMORY, object_handle=0x6031035e1f20
timestamp=18011093270263, VA=000080012a340000-000080012a340340, binding_type=bind, object_type=VK_OBJECT_TYPE_BUFFER, object_handle=0x6031035e1b00
timestamp=18011093286043, VA=000080012a380000-000080012a381000, binding_type=bind, object_type=VK_OBJECT_TYPE_DEVICE_MEMORY, object_handle=0x6031035131a0
timestamp=18011093287546, VA=000080012a380000-000080012a3800e0, binding_type=bind, object_type=VK_OBJECT_TYPE_BUFFER, object_handle=0x603103512d50
timestamp=18011093302234, VA=000080012a3c0000-000080012a3c1000, binding_type=bind, object_type=VK_OBJECT_TYPE_DEVICE_MEMORY, object_handle=0x603103619e60
timestamp=18011093303957, VA=000080012a3c0000-000080012a3c0230, binding_type=bind, object_type=VK_OBJECT_TYPE_BUFFER, object_handle=0x603103513760
timestamp=18011093328403, VA=000080012a400000-000080012a401000, binding_type=bind, object_type=VK_OBJECT_TYPE_DEVICE_MEMORY, object_handle=0x60310361a8a0
timestamp=18011093330347, VA=000080012a400000-000080012a4000e0, binding_type=bind, object_type=VK_OBJECT_TYPE_BUFFER, object_handle=0x6031037a3610
timestamp=18011093347289, VA=000080012a440000-000080012a441000, binding_type=bind, object_type=VK_OBJECT_TYPE_DEVICE_MEMORY, object_handle=0x60310361ac20
timestamp=18011093349553, VA=000080012a440000-000080012a440380, binding_type=bind, object_type=VK_OBJECT_TYPE_BUFFER, object_handle=0x603103686f80
timestamp=18011093365743, VA=000080012a480000-000080012a481000, binding_type=bind, object_type=VK_OBJECT_TYPE_DEVICE_MEMORY, object_handle=0x60310375ab60
timestamp=18011093367497, VA=000080012a480000-000080012a4800e0, binding_type=bind, object_type=VK_OBJECT_TYPE_BUFFER, object_handle=0x60310375a740
timestamp=18011093385651, VA=000080012a4c0000-000080012a4c1000, binding_type=bind, object_type=VK_OBJECT_TYPE_DEVICE_MEMORY, object_handle=0x60310390b960
timestamp=18011093387154, VA=000080012a4c0000-000080012a4c0300, binding_type=bind, object_type=VK_OBJECT_TYPE_BUFFER, object_handle=0x60310375acf0
timestamp=18011093402493, VA=000080012a500000-000080012a501000, binding_type=bind, object_type=VK_OBJECT_TYPE_DEVICE_MEMORY, object_handle=0x60310374c300
timestamp=18011093404075, VA=000080012a500000-000080012a5000e0, binding_type=bind, object_type=VK_OBJECT_TYPE_BUFFER, object_handle=0x603103616090
timestamp=18011093418883, VA=000080012a540000-000080012a541000, binding_type=bind, object_type=VK_OBJECT_TYPE_DEVICE_MEMORY, object_handle=0x60310374cae0
timestamp=18011093420446, VA=000080012a540000-000080012a5404c0, binding_type=bind, object_type=VK_OBJECT_TYPE_BUFFER, object_handle=0x60310374c750
timestamp=18011093435795, VA=000080012a580000-000080012a581000, binding_type=bind, object_type=VK_OBJECT_TYPE_DEVICE_MEMORY, object_handle=0x60310368ee30
timestamp=18011093437318, VA=000080012a580000-000080012a5801b0, binding_type=bind, object_type=VK_OBJECT_TYPE_BUFFER, object_handle=0x60310374d0f0
timestamp=18011093451284, VA=000080012a5c0000-000080012a5c1000, binding_type=bind, object_type=VK_OBJECT_TYPE_DEVICE_MEMORY, object_handle=0x60310368fa00
timestamp=18011093452757, VA=000080012a5c0000-000080012a5c0410, binding_type=bind, object_type=VK_OBJECT_TYPE_BUFFER, object_handle=0x60310368f410
timestamp=18011093470841, VA=000080012a600000-000080012a601000, binding_type=bind, object_type=VK_OBJECT_TYPE_DEVICE_MEMORY, object_handle=0x603103684320
timestamp=18011093472484, VA=000080012a600000-000080012a6001b0, binding_type=bind, object_type=VK_OBJECT_TYPE_BUFFER, object_handle=0x60310374d320
timestamp=18011093487964, VA=000080012a640000-000080012a641000, binding_type=bind, object_type=VK_OBJECT_TYPE_DEVICE_MEMORY, object_handle=0x603103684d20
timestamp=18011093489597, VA=000080012a640000-000080012a640680, binding_type=bind, object_type=VK_OBJECT_TYPE_BUFFER, object_handle=0x6031036848d0
timestamp=18011093505587, VA=000080012a680000-000080012a681000, binding_type=bind, object_type=VK_OBJECT_TYPE_DEVICE_MEMORY, object_handle=0x603103685260
timestamp=18011093507049, VA=000080012a680000-000080012a680170, binding_type=bind, object_type=VK_OBJECT_TYPE_BUFFER, object_handle=0x6031036851e0
timestamp=18011093522599, VA=000080012a6c0000-000080012a6c1000, binding_type=bind, object_type=VK_OBJECT_TYPE_DEVICE_MEMORY, object_handle=0x6031039183c0
timestamp=18011093524562, VA=000080012a6c0000-000080012a6c04e0, binding_type=bind, object_type=VK_OBJECT_TYPE_BUFFER, object_handle=0x603103917dd0
timestamp=18011093539230, VA=000080012a700000-000080012a701000, binding_type=bind, object_type=VK_OBJECT_TYPE_DEVICE_MEMORY, object_handle=0x6031037422a0
timestamp=18011093540773, VA=000080012a700000-000080012a700170, binding_type=bind, object_type=VK_OBJECT_TYPE_BUFFER, object_handle=0x603103741e80
timestamp=18011093554970, VA=000080012a740000-000080012a741000, binding_type=bind, object_type=VK_OBJECT_TYPE_DEVICE_MEMORY, object_handle=0x603103742ce0
timestamp=18011093557334, VA=000080012a740000-000080012a7407c0, binding_type=bind, object_type=VK_OBJECT_TYPE_BUFFER, object_handle=0x6031037428a0
timestamp=18011093572463, VA=00008000000ca000-0000800000115080, binding_type=bind, object_type=VK_OBJECT_TYPE_COMMAND_BUFFER, object_handle=0x6031032b5f60
timestamp=18011093602870, VA=000080012a780000-000080012a781000, binding_type=bind, object_type=VK_OBJECT_TYPE_DEVICE_MEMORY, object_handle=0x603103630fa0
timestamp=18011093604703, VA=000080012a780000-000080012a780360, binding_type=bind, object_type=VK_OBJECT_TYPE_BUFFER, object_handle=0x603103630b30
timestamp=18011093621605, VA=000080012a7c0000-000080012a7c1000, binding_type=bind, object_type=VK_OBJECT_TYPE_DEVICE_MEMORY, object_handle=0x6031034eff20
timestamp=18011093623308, VA=000080012a7c0000-000080012a7c07d0, binding_type=bind, object_type=VK_OBJECT_TYPE_BUFFER, object_handle=0x6031036315a0
timestamp=18011093641723, VA=000080012a800000-000080012a801000, binding_type=bind, object_type=VK_OBJECT_TYPE_DEVICE_MEMORY, object_handle=0x6031034f0860
timestamp=18011093643396, VA=000080012a800000-000080012a800360, binding_type=bind, object_type=VK_OBJECT_TYPE_BUFFER, object_handle=0x60310367f860
timestamp=18011093660739, VA=000080012a840000-000080012a841000, binding_type=bind, object_type=VK_OBJECT_TYPE_DEVICE_MEMORY, object_handle=0x6031037ec040
timestamp=18011093662372, VA=000080012a840000-000080012a840c80, binding_type=bind, object_type=VK_OBJECT_TYPE_BUFFER, object_handle=0x6031034f0e60
timestamp=18011093679865, VA=000080012a880000-000080012a881000, binding_type=bind, object_type=VK_OBJECT_TYPE_DEVICE_MEMORY, object_handle=0x6031037eca60
timestamp=18011093681478, VA=000080012a880000-000080012a880290, binding_type=bind, object_type=VK_OBJECT_TYPE_BUFFER, object_handle=0x6031037ec620
timestamp=18011093696767, VA=000080012a8c0000-000080012a8c1000, binding_type=bind, object_type=VK_OBJECT_TYPE_DEVICE_MEMORY, object_handle=0x6031036078b0
timestamp=18011093698680, VA=000080012a8c0000-000080012a8c08a0, binding_type=bind, object_type=VK_OBJECT_TYPE_BUFFER, object_handle=0x6031037ecfe0
timestamp=18011093714440, VA=000080012a900000-000080012a901000, binding_type=bind, object_type=VK_OBJECT_TYPE_DEVICE_MEMORY, object_handle=0x603103608400
timestamp=18011093715873, VA=000080012a900000-000080012a900290, binding_type=bind, object_type=VK_OBJECT_TYPE_BUFFER, object_handle=0x603103607e20
timestamp=18011093731202, VA=000080012a940000-000080012a941000, binding_type=bind, object_type=VK_OBJECT_TYPE_DEVICE_MEMORY, object_handle=0x6031037ff0e0
timestamp=18011093732885, VA=000080012a940000-000080012a940dc0, binding_type=bind, object_type=VK_OBJECT_TYPE_BUFFER, object_handle=0x603103608a50
timestamp=18011093749286, VA=000080012a980000-000080012a981000, binding_type=bind, object_type=VK_OBJECT_TYPE_DEVICE_MEMORY, object_handle=0x6031037ffaa0
timestamp=18011093750809, VA=000080012a980000-000080012a9806c0, binding_type=bind, object_type=VK_OBJECT_TYPE_BUFFER, object_handle=0x6031037ff660
timestamp=18011093766849, VA=000080012a9c0000-000080012a9c1000, binding_type=bind, object_type=VK_OBJECT_TYPE_DEVICE_MEMORY, object_handle=0x60310367daf0
timestamp=18011093768442, VA=000080012a9c0000-000080012a9c0f50, binding_type=bind, object_type=VK_OBJECT_TYPE_BUFFER, object_handle=0x6031038000a0
timestamp=18011093788409, VA=000080012aa00000-000080012aa01000, binding_type=bind, object_type=VK_OBJECT_TYPE_DEVICE_MEMORY, object_handle=0x60310367e4e0
timestamp=18011093790223, VA=000080012aa00000-000080012aa006c0, binding_type=bind, object_type=VK_OBJECT_TYPE_BUFFER, object_handle=0x60310367e090
timestamp=18011093806964, VA=000080012aa40000-000080012aa42000, binding_type=bind, object_type=VK_OBJECT_TYPE_DEVICE_MEMORY, object_handle=0x60310360fae0
timestamp=18011093808577, VA=000080012aa40000-000080012aa41880, binding_type=bind, object_type=VK_OBJECT_TYPE_BUFFER, object_handle=0x6031037ed1e0
timestamp=18011093828565, VA=000080012aa80000-000080012aa81000, binding_type=bind, object_type=VK_OBJECT_TYPE_DEVICE_MEMORY, object_handle=0x603103610560
timestamp=18011093830098, VA=000080012aa80000-000080012aa804d0, binding_type=bind, object_type=VK_OBJECT_TYPE_BUFFER, object_handle=0x603103610110
timestamp=18011093845717, VA=000080012aac0000-000080012aac2000, binding_type=bind, object_type=VK_OBJECT_TYPE_DEVICE_MEMORY, object_handle=0x6031035f8160
timestamp=18011093847210, VA=000080012aac0000-000080012aac1020, binding_type=bind, object_type=VK_OBJECT_TYPE_BUFFER, object_handle=0x603103610b70
timestamp=18011093864102, VA=000080012ab00000-000080012ab01000, binding_type=bind, object_type=VK_OBJECT_TYPE_DEVICE_MEMORY, object_handle=0x6031035f8d00
timestamp=18011093865685, VA=000080012ab00000-000080012ab004d0, binding_type=bind, object_type=VK_OBJECT_TYPE_BUFFER, object_handle=0x6031035f8720
timestamp=18011093882477, VA=000080012ab40000-000080012ab42000, binding_type=bind, object_type=VK_OBJECT_TYPE_DEVICE_MEMORY, object_handle=0x6031035be550
timestamp=18011093884561, VA=000080012ab40000-000080012ab419c0, binding_type=bind, object_type=VK_OBJECT_TYPE_BUFFER, object_handle=0x6031035f9320
timestamp=18011093919005, VA=000080012ab80000-000080012ab81000, binding_type=bind, object_type=VK_OBJECT_TYPE_DEVICE_MEMORY, object_handle=0x6031036d6620
timestamp=18011093921490, VA=000080012ab80000-000080012ab80d80, binding_type=bind, object_type=VK_OBJECT_TYPE_BUFFER, object_handle=0x6031035bf860
timestamp=18011093942159, VA=000080012abc0000-000080012abc2000, binding_type=bind, object_type=VK_OBJECT_TYPE_DEVICE_MEMORY, object_handle=0x6031035bc220
timestamp=18011093944674, VA=000080012abc0000-000080012abc1e50, binding_type=bind, object_type=VK_OBJECT_TYPE_BUFFER, object_handle=0x6031035bbe00
timestamp=18011093971324, VA=000080012ac00000-000080012ac01000, binding_type=bind, object_type=VK_OBJECT_TYPE_DEVICE_MEMORY, object_handle=0x6031035bcd80
timestamp=18011093973799, VA=000080012ac00000-000080012ac00d80, binding_type=bind, object_type=VK_OBJECT_TYPE_BUFFER, object_handle=0x6031035bc790
timestamp=18011093996091, VA=000080012ac40000-000080012ac44000, binding_type=bind, object_type=VK_OBJECT_TYPE_DEVICE_MEMORY, object_handle=0x60310367fed0
timestamp=18011093998255, VA=000080012ac40000-000080012ac43080, binding_type=bind, object_type=VK_OBJECT_TYPE_BUFFER, object_handle=0x6031035bd320
timestamp=18011094045654, VA=000080012ac80000-000080012ac81000, binding_type=bind, object_type=VK_OBJECT_TYPE_DEVICE_MEMORY, object_handle=0x603103680610
timestamp=18011094048419, VA=000080012ac80000-000080012ac80950, binding_type=bind, object_type=VK_OBJECT_TYPE_BUFFER, object_handle=0x603103525e10
timestamp=18011094070310, VA=000080012acc0000-000080012acc2000, binding_type=bind, object_type=VK_OBJECT_TYPE_DEVICE_MEMORY, object_handle=0x603103681180
timestamp=18011094072915, VA=000080012acc0000-000080012acc1f20, binding_type=bind, object_type=VK_OBJECT_TYPE_BUFFER, object_handle=0x603103680ba0
timestamp=18011094095227, VA=000080012ad00000-000080012ad01000, binding_type=bind, object_type=VK_OBJECT_TYPE_DEVICE_MEMORY, object_handle=0x603103553e20
timestamp=18011094097492, VA=000080012ad00000-000080012ad00950, binding_type=bind, object_type=VK_OBJECT_TYPE_BUFFER, object_handle=0x6031035539d0
timestamp=18011094116788, VA=000080012ad40000-000080012ad44000, binding_type=bind, object_type=VK_OBJECT_TYPE_DEVICE_MEMORY, object_handle=0x603103554820
timestamp=18011094119323, VA=000080012ad40000-000080012ad431c0, binding_type=bind, object_type=VK_OBJECT_TYPE_BUFFER, object_handle=0x6031035543e0
timestamp=18011094143328, VA=000080012ad80000-000080012ad81000, binding_type=bind, object_type=VK_OBJECT_TYPE_DEVICE_MEMORY, object_handle=0x6031035ad960
timestamp=18011094145672, VA=000080012ad80000-000080012ad80050, binding_type=bind, object_type=VK_OBJECT_TYPE_BUFFER, object_handle=0x6031035ad4f0
timestamp=18011094168285, VA=000080012adc0000-000080012adc1000, binding_type=bind, object_type=VK_OBJECT_TYPE_DEVICE_MEMORY, object_handle=0x6031035ae360
timestamp=18011094170279, VA=000080012adc0000-000080012adc0120, binding_type=bind, object_type=VK_OBJECT_TYPE_BUFFER, object_handle=0x6031035adf20
timestamp=18011094195116, VA=000080012ae00000-000080012ae01000, binding_type=bind, object_type=VK_OBJECT_TYPE_DEVICE_MEMORY, object_handle=0x60310353b8c0
timestamp=18011094197680, VA=000080012ae00000-000080012ae00050, binding_type=bind, object_type=VK_OBJECT_TYPE_BUFFER, object_handle=0x6031035ae8a0
timestamp=18011094219642, VA=000080012ae40000-000080012ae41000, binding_type=bind, object_type=VK_OBJECT_TYPE_DEVICE_MEMORY, object_handle=0x60310353c320
timestamp=18011094221726, VA=000080012ae40000-000080012ae401c0, binding_type=bind, object_type=VK_OBJECT_TYPE_BUFFER, object_handle=0x60310353bee0
timestamp=18011094244959, VA=000080012ae80000-000080012ae81000, binding_type=bind, object_type=VK_OBJECT_TYPE_DEVICE_MEMORY, object_handle=0x60310353cce0
timestamp=18011094247264, VA=000080012ae80000-000080012ae800b0, binding_type=bind, object_type=VK_OBJECT_TYPE_BUFFER, object_handle=0x6031035aec80
timestamp=18011094268965, VA=000080012aec0000-000080012aec1000, binding_type=bind, object_type=VK_OBJECT_TYPE_DEVICE_MEMORY, object_handle=0x603103548100
timestamp=18011094271640, VA=000080012aec0000-000080012aec0260, binding_type=bind, object_type=VK_OBJECT_TYPE_BUFFER, object_handle=0x603103547af0
timestamp=18011094292098, VA=000080012af00000-000080012af01000, binding_type=bind, object_type=VK_OBJECT_TYPE_DEVICE_MEMORY, object_handle=0x603103548ae0
timestamp=18011094294353, VA=000080012af00000-000080012af000b0, binding_type=bind, object_type=VK_OBJECT_TYPE_BUFFER, object_handle=0x6031035486a0
timestamp=18011094316394, VA=000080012af40000-000080012af41000, binding_type=bind, object_type=VK_OBJECT_TYPE_DEVICE_MEMORY, object_handle=0x6031036cc360
timestamp=18011094318648, VA=000080012af40000-000080012af403c0, binding_type=bind, object_type=VK_OBJECT_TYPE_BUFFER, object_handle=0x6031036cbf00
timestamp=18011094339728, VA=000080012af80000-000080012af81000, binding_type=bind, object_type=VK_OBJECT_TYPE_DEVICE_MEMORY, object_handle=0x6031036cce20
timestamp=18011094342092, VA=000080012af80000-000080012af800e0, binding_type=bind, object_type=VK_OBJECT_TYPE_BUFFER, object_handle=0x6031036cc970
timestamp=18011094363282, VA=000080012afc0000-000080012afc1000, binding_type=bind, object_type=VK_OBJECT_TYPE_DEVICE_MEMORY, object_handle=0x60310365b0c0
timestamp=18011094365677, VA=000080012afc0000-000080012afc0230, binding_type=bind, object_type=VK_OBJECT_TYPE_BUFFER, object_handle=0x60310365aad0
timestamp=18011094393289, VA=000080012b000000-000080012b001000, binding_type=bind, object_type=VK_OBJECT_TYPE_DEVICE_MEMORY, object_handle=0x60310365baa0
timestamp=18011094395623, VA=000080012b000000-000080012b0000e0, binding_type=bind, object_type=VK_OBJECT_TYPE_BUFFER, object_handle=0x60310365b660
timestamp=18011094416903, VA=000080012b040000-000080012b041000, binding_type=bind, object_type=VK_OBJECT_TYPE_DEVICE_MEMORY, object_handle=0x60310365c460
timestamp=18011094419037, VA=000080012b040000-000080012b040380, binding_type=bind, object_type=VK_OBJECT_TYPE_BUFFER, object_handle=0x60310365c020
timestamp=18011094442331, VA=000080012b080000-000080012b081000, binding_type=bind, object_type=VK_OBJECT_TYPE_DEVICE_MEMORY, object_handle=0x6031038235e0
timestamp=18011094444435, VA=000080012b080000-000080012b0800e0, binding_type=bind, object_type=VK_OBJECT_TYPE_BUFFER, object_handle=0x603103823170
timestamp=18011094474452, VA=000080012b0c0000-000080012b0c1000, binding_type=bind, object_type=VK_OBJECT_TYPE_DEVICE_MEMORY, object_handle=0x603103823fe0
timestamp=18011094476956, VA=000080012b0c0000-000080012b0c0300, binding_type=bind, object_type=VK_OBJECT_TYPE_BUFFER, object_handle=0x603103823ba0
timestamp=18011094500591, VA=000080012b100000-000080012b101000, binding_type=bind, object_type=VK_OBJECT_TYPE_DEVICE_MEMORY, object_handle=0x6031036374c0
timestamp=18011094503306, VA=000080012b100000-000080012b1000e0, binding_type=bind, object_type=VK_OBJECT_TYPE_BUFFER, object_handle=0x603103824630
timestamp=18011094524566, VA=000080012b140000-000080012b141000, binding_type=bind, object_type=VK_OBJECT_TYPE_DEVICE_MEMORY, object_handle=0x603103637cd0
timestamp=18011094526390, VA=000080012b140000-000080012b1404c0, binding_type=bind, object_type=VK_OBJECT_TYPE_BUFFER, object_handle=0x603103637950
timestamp=18011094544484, VA=000080012b180000-000080012b181000, binding_type=bind, object_type=VK_OBJECT_TYPE_DEVICE_MEMORY, object_handle=0x603103638620
timestamp=18011094546337, VA=000080012b180000-000080012b1801b0, binding_type=bind, object_type=VK_OBJECT_TYPE_BUFFER, object_handle=0x6031036381a0
timestamp=18011094563109, VA=000080012b1c0000-000080012b1c1000, binding_type=bind, object_type=VK_OBJECT_TYPE_DEVICE_MEMORY, object_handle=0x6031035457b0
timestamp=18011094564612, VA=000080012b1c0000-000080012b1c03e0, binding_type=bind, object_type=VK_OBJECT_TYPE_BUFFER, object_handle=0x603103638c20
timestamp=18011094584830, VA=000080012b200000-000080012b201000, binding_type=bind, object_type=VK_OBJECT_TYPE_DEVICE_MEMORY, object_handle=0x6031035461e0
timestamp=18011094586773, VA=000080012b200000-000080012b2001b0, binding_type=bind, object_type=VK_OBJECT_TYPE_BUFFER, object_handle=0x603103545da0
timestamp=18011094603555, VA=000080012b240000-000080012b241000, binding_type=bind, object_type=VK_OBJECT_TYPE_DEVICE_MEMORY, object_handle=0x603103546be0
timestamp=18011094605148, VA=000080012b240000-000080012b240620, binding_type=bind, object_type=VK_OBJECT_TYPE_BUFFER, object_handle=0x6031035467a0
timestamp=18011094623442, VA=000080012b280000-000080012b281000, binding_type=bind, object_type=VK_OBJECT_TYPE_DEVICE_MEMORY, object_handle=0x6031035a6060
timestamp=18011094624925, VA=000080012b280000-000080012b280120, binding_type=bind, object_type=VK_OBJECT_TYPE_BUFFER, object_handle=0x6031035a5c20
timestamp=18011094641086, VA=000080012b2c0000-000080012b2c1000, binding_type=bind, object_type=VK_OBJECT_TYPE_DEVICE_MEMORY, object_handle=0x603103517ce0
timestamp=18011094642939, VA=000080012b2c0000-000080012b2c03f0, binding_type=bind, object_type=VK_OBJECT_TYPE_BUFFER, object_handle=0x603103517890
timestamp=18011094659480, VA=000080012b300000-000080012b301000, binding_type=bind, object_type=VK_OBJECT_TYPE_DEVICE_MEMORY, object_handle=0x603103583100
timestamp=18011094660983, VA=000080012b300000-000080012b300120, binding_type=bind, object_type=VK_OBJECT_TYPE_BUFFER, object_handle=0x603103582b20
timestamp=18011094676472, VA=000080012b340000-000080012b341000, binding_type=bind, object_type=VK_OBJECT_TYPE_DEVICE_MEMORY, object_handle=0x603103583d00
timestamp=18011094677985, VA=000080012b340000-000080012b340640, binding_type=bind, object_type=VK_OBJECT_TYPE_BUFFER, object_handle=0x603103583720
timestamp=18011094697572, VA=000080012b380000-000080012b381000, binding_type=bind, object_type=VK_OBJECT_TYPE_DEVICE_MEMORY, object_handle=0x603103512880
timestamp=18011094699476, VA=000080012b380000-000080012b380360, binding_type=bind, object_type=VK_OBJECT_TYPE_BUFFER, object_handle=0x603103584320
timestamp=18011094716488, VA=000080012b3c0000-000080012b3c1000, binding_type=bind, object_type=VK_OBJECT_TYPE_DEVICE_MEMORY, object_handle=0x6031035f6730
timestamp=18011094718111, VA=000080012b3c0000-000080012b3c0720, binding_type=bind, object_type=VK_OBJECT_TYPE_BUFFER, object_handle=0x6031035f6240
timestamp=18011094740573, VA=000080012b400000-000080012b401000, binding_type=bind, object_type=VK_OBJECT_TYPE_DEVICE_MEMORY, object_handle=0x603103800f30
timestamp=18011094742266, VA=000080012b400000-000080012b400360, binding_type=bind, object_type=VK_OBJECT_TYPE_BUFFER, object_handle=0x603103584860
timestamp=18011094762394, VA=000080012b440000-000080012b441000, binding_type=bind, object_type=VK_OBJECT_TYPE_DEVICE_MEMORY, object_handle=0x603103801920
timestamp=18011094764017, VA=000080012b440000-000080012b440b60, binding_type=bind, object_type=VK_OBJECT_TYPE_BUFFER, object_handle=0x6031038014d0
timestamp=18011094783334, VA=000080012b480000-000080012b481000, binding_type=bind, object_type=VK_OBJECT_TYPE_DEVICE_MEMORY, object_handle=0x6031038022e0
timestamp=18011094784987, VA=000080012b480000-000080012b4801b0, binding_type=bind, object_type=VK_OBJECT_TYPE_BUFFER, object_handle=0x603103801ea0
timestamp=18011094800977, VA=000080012b4c0000-000080012b4c1000, binding_type=bind, object_type=VK_OBJECT_TYPE_DEVICE_MEMORY, object_handle=0x603103859980
timestamp=18011094802389, VA=000080012b4c0000-000080012b4c05d0, binding_type=bind, object_type=VK_OBJECT_TYPE_BUFFER, object_handle=0x603103802a80
timestamp=18011094817819, VA=000080012b500000-000080012b501000, binding_type=bind, object_type=VK_OBJECT_TYPE_DEVICE_MEMORY, object_handle=0x60310385a3e0
timestamp=18011094819381, VA=000080012b500000-000080012b5001b0, binding_type=bind, object_type=VK_OBJECT_TYPE_BUFFER, object_handle=0x603103859f70
timestamp=18011094834209, VA=000080012b540000-000080012b541000, binding_type=bind, object_type=VK_OBJECT_TYPE_DEVICE_MEMORY, object_handle=0x60310385ae60
timestamp=18011094835863, VA=000080012b540000-000080012b540940, binding_type=bind, object_type=VK_OBJECT_TYPE_BUFFER, object_handle=0x60310385aa10
timestamp=18011094853195, VA=000080012b580000-000080012b581000, binding_type=bind, object_type=VK_OBJECT_TYPE_DEVICE_MEMORY, object_handle=0x60310361f8e0
timestamp=18011094854648, VA=000080012b580000-000080012b5806c0, binding_type=bind, object_type=VK_OBJECT_TYPE_BUFFER, object_handle=0x60310385b420
timestamp=18011094870137, VA=000080012b5c0000-000080012b5c1000, binding_type=bind, object_type=VK_OBJECT_TYPE_DEVICE_MEMORY, object_handle=0x6031036202a0
timestamp=18011094871800, VA=000080012b5c0000-000080012b5c0db0, binding_type=bind, object_type=VK_OBJECT_TYPE_BUFFER, object_handle=0x60310385b4a0
timestamp=18011094890776, VA=000080012b600000-000080012b601000, binding_type=bind, object_type=VK_OBJECT_TYPE_DEVICE_MEMORY, object_handle=0x603103621000
timestamp=18011094892519, VA=000080012b600000-000080012b6006c0, binding_type=bind, object_type=VK_OBJECT_TYPE_BUFFER, object_handle=0x603103620a40
timestamp=18011094909551, VA=000080012b640000-000080012b642000, binding_type=bind, object_type=VK_OBJECT_TYPE_DEVICE_MEMORY, object_handle=0x603103562860
timestamp=18011094911084, VA=000080012b640000-000080012b6415e0, binding_type=bind, object_type=VK_OBJECT_TYPE_BUFFER, object_handle=0x603103621610
timestamp=18011094930060, VA=000080012b680000-000080012b681000, binding_type=bind, object_type=VK_OBJECT_TYPE_DEVICE_MEMORY, object_handle=0x603103563260
timestamp=18011094931813, VA=000080012b680000-000080012b6802d0, binding_type=bind, object_type=VK_OBJECT_TYPE_BUFFER, object_handle=0x603103562e10
timestamp=18011094948284, VA=000080012b6c0000-000080012b6c1000, binding_type=bind, object_type=VK_OBJECT_TYPE_DEVICE_MEMORY, object_handle=0x603103563de0
timestamp=18011094949957, VA=000080012b6c0000-000080012b6c0990, binding_type=bind, object_type=VK_OBJECT_TYPE_BUFFER, object_handle=0x6031035639c0
timestamp=18011094965918, VA=000080012b700000-000080012b701000, binding_type=bind, object_type=VK_OBJECT_TYPE_DEVICE_MEMORY, object_handle=0x60310363ec80
timestamp=18011094967330, VA=000080012b700000-000080012b7002d0, binding_type=bind, object_type=VK_OBJECT_TYPE_BUFFER, object_handle=0x603103564580
timestamp=18011094985304, VA=000080012b740000-000080012b741000, binding_type=bind, object_type=VK_OBJECT_TYPE_DEVICE_MEMORY, object_handle=0x60310363f6a0
timestamp=18011094986797, VA=000080012b740000-000080012b740f40, binding_type=bind, object_type=VK_OBJECT_TYPE_BUFFER, object_handle=0x60310363f250
timestamp=18011095016022, VA=000080012b780000-000080012b781000, binding_type=bind, object_type=VK_OBJECT_TYPE_DEVICE_MEMORY, object_handle=0x6031036400a0
timestamp=18011095018366, VA=000080012b780000-000080012b780d80, binding_type=bind, object_type=VK_OBJECT_TYPE_BUFFER, object_handle=0x60310363fc60
timestamp=18011095035589, VA=000080012b7c0000-000080012b7c2000, binding_type=bind, object_type=VK_OBJECT_TYPE_DEVICE_MEMORY, object_handle=0x603103750d90
timestamp=18011095037593, VA=000080012b7c0000-000080012b7c1ad0, binding_type=bind, object_type=VK_OBJECT_TYPE_BUFFER, object_handle=0x603103640840
timestamp=18011095064664, VA=000080012b800000-000080012b801000, binding_type=bind, object_type=VK_OBJECT_TYPE_DEVICE_MEMORY, object_handle=0x603103640bc0
timestamp=18011095066397, VA=000080012b800000-000080012b800d80, binding_type=bind, object_type=VK_OBJECT_TYPE_BUFFER, object_handle=0x603103759490
timestamp=18011095088478, VA=000080012b840000-000080012b843000, binding_type=bind, object_type=VK_OBJECT_TYPE_DEVICE_MEMORY, object_handle=0x603103752220
timestamp=18011095090532, VA=000080012b840000-000080012b842ae0, binding_type=bind, object_type=VK_OBJECT_TYPE_BUFFER, object_handle=0x603103751de0
timestamp=18011095111802, VA=000080012b880000-000080012b881000, binding_type=bind, object_type=VK_OBJECT_TYPE_DEVICE_MEMORY, object_handle=0x603103752c60
timestamp=18011095113806, VA=000080012b880000-000080012b880510, binding_type=bind, object_type=VK_OBJECT_TYPE_BUFFER, object_handle=0x603103752820
timestamp=18011095129476, VA=000080012b8c0000-000080012b8c2000, binding_type=bind, object_type=VK_OBJECT_TYPE_DEVICE_MEMORY, object_handle=0x6031035b6200
timestamp=18011095131039, VA=000080012b8c0000-000080012b8c1110, binding_type=bind, object_type=VK_OBJECT_TYPE_BUFFER, object_handle=0x6031035b5c40
timestamp=18011095148652, VA=000080012b900000-000080012b901000, binding_type=bind, object_type=VK_OBJECT_TYPE_DEVICE_MEMORY, object_handle=0x6031035b6e40
timestamp=18011095150375, VA=000080012b900000-000080012b900510, binding_type=bind, object_type=VK_OBJECT_TYPE_BUFFER, object_handle=0x6031035b6850
timestamp=18011095169531, VA=000080012b940000-000080012b942000, binding_type=bind, object_type=VK_OBJECT_TYPE_DEVICE_MEMORY, object_handle=0x6031035b7920
timestamp=18011095171515, VA=000080012b940000-000080012b941b40, binding_type=bind, object_type=VK_OBJECT_TYPE_BUFFER, object_handle=0x6031035b7470
timestamp=18011095197474, VA=000080012b980000-000080012b982000, binding_type=bind, object_type=VK_OBJECT_TYPE_DEVICE_MEMORY, object_handle=0x6031035e7710
timestamp=18011095199077, VA=000080012b980000-000080012b981b00, binding_type=bind, object_type=VK_OBJECT_TYPE_BUFFER, object_handle=0x603103564690
timestamp=18011095242218, VA=000080012b9c0000-000080012b9c4000, binding_type=bind, object_type=VK_OBJECT_TYPE_DEVICE_MEMORY, object_handle=0x6031035bf0c0
timestamp=18011095244031, VA=000080012b9c0000-000080012b9c3510, binding_type=bind, object_type=VK_OBJECT_TYPE_BUFFER, object_handle=0x6031035bead0
timestamp=18011095265532, VA=000080012ba00000-000080012ba02000, binding_type=bind, object_type=VK_OBJECT_TYPE_DEVICE_MEMORY, object_handle=0x60310350e550
timestamp=18011095267325, VA=000080012ba00000-000080012ba01b00, binding_type=bind, object_type=VK_OBJECT_TYPE_BUFFER, object_handle=0x6031035bf6b0
timestamp=18011095288054, VA=000080012ba40000-000080012ba46000, binding_type=bind, object_type=VK_OBJECT_TYPE_DEVICE_MEMORY, object_handle=0x60310350ef20
timestamp=18011095289587, VA=000080012ba40000-000080012ba454e0, binding_type=bind, object_type=VK_OBJECT_TYPE_BUFFER, object_handle=0x60310350eae0
timestamp=18011095318452, VA=000080012ba80000-000080012ba81000, binding_type=bind, object_type=VK_OBJECT_TYPE_DEVICE_MEMORY, object_handle=0x60310350f920
timestamp=18011095320325, VA=000080012ba80000-000080012ba80990, binding_type=bind, object_type=VK_OBJECT_TYPE_BUFFER, object_handle=0x60310350f4e0
timestamp=18011095340834, VA=000080012bac0000-000080012bac3000, binding_type=bind, object_type=VK_OBJECT_TYPE_DEVICE_MEMORY, object_handle=0x60310366bfe0
timestamp=18011095342878, VA=000080012bac0000-000080012bac2010, binding_type=bind, object_type=VK_OBJECT_TYPE_BUFFER, object_handle=0x60310366bbc0
timestamp=18011095360330, VA=000080012bb00000-000080012bb01000, binding_type=bind, object_type=VK_OBJECT_TYPE_DEVICE_MEMORY, object_handle=0x60310366cd40
timestamp=18011095362054, VA=000080012bb00000-000080012bb00990, binding_type=bind, object_type=VK_OBJECT_TYPE_BUFFER, object_handle=0x60310366c780
timestamp=18011095378174, VA=000080012bb40000-000080012bb44000, binding_type=bind, object_type=VK_OBJECT_TYPE_DEVICE_MEMORY, object_handle=0x60310356bb60
timestamp=18011095380108, VA=000080012bb40000-000080012bb43340, binding_type=bind, object_type=VK_OBJECT_TYPE_BUFFER, object_handle=0x60310366d360
timestamp=18011095398993, VA=000080012bb80000-000080012bb81000, binding_type=bind, object_type=VK_OBJECT_TYPE_DEVICE_MEMORY, object_handle=0x60310356c440
timestamp=18011095400496, VA=000080012bb80000-000080012bb80090, binding_type=bind, object_type=VK_OBJECT_TYPE_BUFFER, object_handle=0x60310356be50
timestamp=18011095416085, VA=000080012bbc0000-000080012bbc1000, binding_type=bind, object_type=VK_OBJECT_TYPE_DEVICE_MEMORY, object_handle=0x60310356cea0
timestamp=18011095418630, VA=000080012bbc0000-000080012bbc0210, binding_type=bind, object_type=VK_OBJECT_TYPE_BUFFER, object_handle=0x60310356ca30
timestamp=18011095443798, VA=000080012bc00000-000080012bc01000, binding_type=bind, object_type=VK_OBJECT_TYPE_DEVICE_MEMORY, object_handle=0x603103573d60
timestamp=18011095445471, VA=000080012bc00000-000080012bc00090, binding_type=bind, object_type=VK_OBJECT_TYPE_BUFFER, object_handle=0x603103573910
timestamp=18011095462733, VA=000080012bc40000-000080012bc41000, binding_type=bind, object_type=VK_OBJECT_TYPE_DEVICE_MEMORY, object_handle=0x60310356dba0
timestamp=18011095464156, VA=000080012bc40000-000080012bc40340, binding_type=bind, object_type=VK_OBJECT_TYPE_BUFFER, object_handle=0x60310356d760
timestamp=18011095481108, VA=000080012bc80000-000080012bc81000, binding_type=bind, object_type=VK_OBJECT_TYPE_DEVICE_MEMORY, object_handle=0x6031035cc4a0
timestamp=18011095482571, VA=000080012bc80000-000080012bc80140, binding_type=bind, object_type=VK_OBJECT_TYPE_BUFFER, object_handle=0x6031035cc030
timestamp=18011095499102, VA=000080012bcc0000-000080012bcc1000, binding_type=bind, object_type=VK_OBJECT_TYPE_DEVICE_MEMORY, object_handle=0x6031035ccee0
timestamp=18011095501777, VA=000080012bcc0000-000080012bcc0440, binding_type=bind, object_type=VK_OBJECT_TYPE_BUFFER, object_handle=0x6031035ccaa0
timestamp=18011095518679, VA=000080012bd00000-000080012bd01000, binding_type=bind, object_type=VK_OBJECT_TYPE_DEVICE_MEMORY, object_handle=0x603103588d40
timestamp=18011095520602, VA=000080012bd00000-000080012bd00140, binding_type=bind, object_type=VK_OBJECT_TYPE_BUFFER, object_handle=0x6031035cd260
timestamp=18011095536332, VA=000080012bd40000-000080012bd41000, binding_type=bind, object_type=VK_OBJECT_TYPE_DEVICE_MEMORY, object_handle=0x60310356a320
timestamp=18011095539217, VA=000080012bd40000-000080012bd406c0, binding_type=bind, object_type=VK_OBJECT_TYPE_BUFFER, object_handle=0x6031035cd2e0
timestamp=18011095555819, VA=000080012bd80000-000080012bd81000, binding_type=bind, object_type=VK_OBJECT_TYPE_DEVICE_MEMORY, object_handle=0x6031035197a0
timestamp=18011095557482, VA=000080012bd80000-000080012bd801b0, binding_type=bind, object_type=VK_OBJECT_TYPE_BUFFER, object_handle=0x603103519360
timestamp=18011095573412, VA=000080012bdc0000-000080012bdc1000, binding_type=bind, object_type=VK_OBJECT_TYPE_DEVICE_MEMORY, object_handle=0x60310356b0a0
timestamp=18011095574864, VA=000080012bdc0000-000080012bdc0410, binding_type=bind, object_type=VK_OBJECT_TYPE_BUFFER, object_handle=0x60310356ac60
timestamp=18011095594311, VA=000080012be00000-000080012be01000, binding_type=bind, object_type=VK_OBJECT_TYPE_DEVICE_MEMORY, object_handle=0x6031037eed00
timestamp=18011095596445, VA=000080012be00000-000080012be001b0, binding_type=bind, object_type=VK_OBJECT_TYPE_BUFFER, object_handle=0x6031037ee6f0
timestamp=18011095613427, VA=000080012be40000-000080012be41000, binding_type=bind, object_type=VK_OBJECT_TYPE_DEVICE_MEMORY, object_handle=0x6031037ef6a0
timestamp=18011095615000, VA=000080012be40000-000080012be40680, binding_type=bind, object_type=VK_OBJECT_TYPE_BUFFER, object_handle=0x6031037ef250
timestamp=18011095632343, VA=000080012be80000-000080012be81000, binding_type=bind, object_type=VK_OBJECT_TYPE_DEVICE_MEMORY, object_handle=0x6031037efa20
timestamp=18011095633816, VA=000080012be80000-000080012be80170, binding_type=bind, object_type=VK_OBJECT_TYPE_BUFFER, object_handle=0x603103529ca0
timestamp=18011095649575, VA=000080012bec0000-000080012bec1000, binding_type=bind, object_type=VK_OBJECT_TYPE_DEVICE_MEMORY, object_handle=0x603103617f60
timestamp=18011095651399, VA=000080012bec0000-000080012bec04e0, binding_type=bind, object_type=VK_OBJECT_TYPE_BUFFER, object_handle=0x603103617b10
timestamp=18011095668581, VA=000080012bf00000-000080012bf01000, binding_type=bind, object_type=VK_OBJECT_TYPE_DEVICE_MEMORY, object_handle=0x6031036189e0
timestamp=18011095670144, VA=000080012bf00000-000080012bf00170, binding_type=bind, object_type=VK_OBJECT_TYPE_BUFFER, object_handle=0x603103618570
timestamp=18011095686695, VA=000080012bf40000-000080012bf41000, binding_type=bind, object_type=VK_OBJECT_TYPE_DEVICE_MEMORY, object_handle=0x6031036225e0
timestamp=18011095688298, VA=000080012bf40000-000080012bf407c0, binding_type=bind, object_type=VK_OBJECT_TYPE_BUFFER, object_handle=0x603103622170
timestamp=18011095705981, VA=000080012bf80000-000080012bf81000, binding_type=bind, object_type=VK_OBJECT_TYPE_DEVICE_MEMORY, object_handle=0x603103623160
timestamp=18011095707765, VA=000080012bf80000-000080012bf80360, binding_type=bind, object_type=VK_OBJECT_TYPE_BUFFER, object_handle=0x603103622d40
timestamp=18011095724837, VA=000080012bfc0000-000080012bfc1000, binding_type=bind, object_type=VK_OBJECT_TYPE_DEVICE_MEMORY, object_handle=0x603103686560
timestamp=18011095726280, VA=000080012bfc0000-000080012bfc0720, binding_type=bind, object_type=VK_OBJECT_TYPE_BUFFER, object_handle=0x603103623750
timestamp=18011095745556, VA=000080012c000000-000080012c001000, binding_type=bind, object_type=VK_OBJECT_TYPE_DEVICE_MEMORY, object_handle=0x603103623f60
timestamp=18011095748241, VA=000080012c000000-000080012c000360, binding_type=bind, object_type=VK_OBJECT_TYPE_BUFFER, object_handle=0x603103686b20
timestamp=18011095767698, VA=000080012c040000-000080012c041000, binding_type=bind, object_type=VK_OBJECT_TYPE_DEVICE_MEMORY, object_handle=0x603103624720
timestamp=18011095769201, VA=000080012c040000-000080012c040b60, binding_type=bind, object_type=VK_OBJECT_TYPE_BUFFER, object_handle=0x603103624520
timestamp=18011095788206, VA=000080012c080000-000080012c081000, binding_type=bind, object_type=VK_OBJECT_TYPE_DEVICE_MEMORY, object_handle=0x60310390aea0
timestamp=18011095791503, VA=000080012c080000-000080012c0801b0, binding_type=bind, object_type=VK_OBJECT_TYPE_BUFFER, object_handle=0x60310390aa30
timestamp=18011095809867, VA=000080012c0c0000-000080012c0c1000, binding_type=bind, object_type=VK_OBJECT_TYPE_DEVICE_MEMORY, object_handle=0x60310360f4d0
timestamp=18011095811430, VA=000080012c0c0000-000080012c0c05d0, binding_type=bind, object_type=VK_OBJECT_TYPE_BUFFER, object_handle=0x603103759f20
timestamp=18011095827540, VA=000080012c100000-000080012c101000, binding_type=bind, object_type=VK_OBJECT_TYPE_DEVICE_MEMORY, object_handle=0x60310351bc60
timestamp=18011095829003, VA=000080012c100000-000080012c1001b0, binding_type=bind, object_type=VK_OBJECT_TYPE_BUFFER, object_handle=0x60310351b7f0
timestamp=18011095845003, VA=000080012c140000-000080012c141000, binding_type=bind, object_type=VK_OBJECT_TYPE_DEVICE_MEMORY, object_handle=0x60310351c460
timestamp=18011095846727, VA=000080012c140000-000080012c140940, binding_type=bind, object_type=VK_OBJECT_TYPE_BUFFER, object_handle=0x60310351c250
timestamp=18011095864240, VA=000080012c180000-000080012c181000, binding_type=bind, object_type=VK_OBJECT_TYPE_DEVICE_MEMORY, object_handle=0x60310360c760
timestamp=18011095865712, VA=000080012c180000-000080012c1806c0, binding_type=bind, object_type=VK_OBJECT_TYPE_BUFFER, object_handle=0x60310360c320
timestamp=18011095883466, VA=000080012c1c0000-000080012c1c1000, binding_type=bind, object_type=VK_OBJECT_TYPE_DEVICE_MEMORY, object_handle=0x603103681820
timestamp=18011095886031, VA=000080012c1c0000-000080012c1c0d40, binding_type=bind, object_type=VK_OBJECT_TYPE_BUFFER, object_handle=0x6031036813b0
timestamp=18011095905497, VA=000080012c200000-000080012c201000, binding_type=bind, object_type=VK_OBJECT_TYPE_DEVICE_MEMORY, object_handle=0x603103682720
timestamp=18011095907030, VA=000080012c200000-000080012c2006c0, binding_type=bind, object_type=VK_OBJECT_TYPE_BUFFER, object_handle=0x6031036822e0
timestamp=18011095932408, VA=000080012c240000-000080012c242000, binding_type=bind, object_type=VK_OBJECT_TYPE_DEVICE_MEMORY, object_handle=0x603103682f90
timestamp=18011095934712, VA=000080012c240000-000080012c241520, binding_type=bind, object_type=VK_OBJECT_TYPE_BUFFER, object_handle=0x603103682c20
timestamp=18011095953868, VA=000080012c280000-000080012c281000, binding_type=bind, object_type=VK_OBJECT_TYPE_DEVICE_MEMORY, object_handle=0x603103683aa0
timestamp=18011095955451, VA=000080012c280000-000080012c280240, binding_type=bind, object_type=VK_OBJECT_TYPE_BUFFER, object_handle=0x603103683630
timestamp=18011095971772, VA=000080012c2c0000-000080012c2c1000, binding_type=bind, object_type=VK_OBJECT_TYPE_DEVICE_MEMORY, object_handle=0x6031038fef60
timestamp=18011095973395, VA=000080012c2c0000-000080012c2c07b0, binding_type=bind, object_type=VK_OBJECT_TYPE_BUFFER, object_handle=0x6031038feb20
timestamp=18011095990036, VA=000080012c300000-000080012c301000, binding_type=bind, object_type=VK_OBJECT_TYPE_DEVICE_MEMORY, object_handle=0x6031038ff9e0
timestamp=18011095992070, VA=000080012c300000-000080012c300240, binding_type=bind, object_type=VK_OBJECT_TYPE_BUFFER, object_handle=0x6031038ff570
timestamp=18011096018079, VA=000080012c340000-000080012c341000, binding_type=bind, object_type=VK_OBJECT_TYPE_DEVICE_MEMORY, object_handle=0x603103900290
timestamp=18011096019933, VA=000080012c340000-000080012c340c40, binding_type=bind, object_type=VK_OBJECT_TYPE_BUFFER, object_handle=0x6031038fff10
timestamp=18011096039099, VA=000080012c380000-000080012c381000, binding_type=bind, object_type=VK_OBJECT_TYPE_DEVICE_MEMORY, object_handle=0x603103900ca0
timestamp=18011096040672, VA=000080012c380000-000080012c380d80, binding_type=bind, object_type=VK_OBJECT_TYPE_BUFFER, object_handle=0x603103900860
timestamp=18011096057243, VA=000080012c3c0000-000080012c3c2000, binding_type=bind, object_type=VK_OBJECT_TYPE_DEVICE_MEMORY, object_handle=0x603103900d30
timestamp=18011096058756, VA=000080012c3c0000-000080012c3c1970, binding_type=bind, object_type=VK_OBJECT_TYPE_BUFFER, object_handle=0x60310354c650
timestamp=18011096079615, VA=000080012c400000-000080012c401000, binding_type=bind, object_type=VK_OBJECT_TYPE_DEVICE_MEMORY, object_handle=0x60310354d420
timestamp=18011096081178, VA=000080012c400000-000080012c400d80, binding_type=bind, object_type=VK_OBJECT_TYPE_BUFFER, object_handle=0x60310354cfe0
timestamp=18011096106816, VA=000080012c440000-000080012c443000, binding_type=bind, object_type=VK_OBJECT_TYPE_DEVICE_MEMORY, object_handle=0x60310354dd90
timestamp=18011096108640, VA=000080012c440000-000080012c4428a0, binding_type=bind, object_type=VK_OBJECT_TYPE_BUFFER, object_handle=0x60310354da20
timestamp=18011096131673, VA=000080012c480000-000080012c481000, binding_type=bind, object_type=VK_OBJECT_TYPE_DEVICE_MEMORY, object_handle=0x60310354e610
timestamp=18011096133517, VA=000080012c480000-000080012c480360, binding_type=bind, object_type=VK_OBJECT_TYPE_BUFFER, object_handle=0x60310354e290
timestamp=18011096150188, VA=000080012c4c0000-000080012c4c1000, binding_type=bind, object_type=VK_OBJECT_TYPE_DEVICE_MEMORY, object_handle=0x603103526d50
timestamp=18011096153645, VA=000080012c4c0000-000080012c4c0b70, binding_type=bind, object_type=VK_OBJECT_TYPE_BUFFER, object_handle=0x6031035269e0
timestamp=18011096170426, VA=000080012c500000-000080012c501000, binding_type=bind, object_type=VK_OBJECT_TYPE_DEVICE_MEMORY, object_handle=0x6031035280a0
timestamp=18011096172049, VA=000080012c500000-000080012c500360, binding_type=bind, object_type=VK_OBJECT_TYPE_BUFFER, object_handle=0x603103527c30
timestamp=18011096188090, VA=000080012c540000-000080012c542000, binding_type=bind, object_type=VK_OBJECT_TYPE_DEVICE_MEMORY, object_handle=0x603103528c80
timestamp=18011096189913, VA=000080012c540000-000080012c541240, binding_type=bind, object_type=VK_OBJECT_TYPE_BUFFER, object_handle=0x603103528690
timestamp=18011096211554, VA=000080012c580000-000080012c582000, binding_type=bind, object_type=VK_OBJECT_TYPE_DEVICE_MEMORY, object_handle=0x603103528f10
timestamp=18011096213067, VA=000080012c580000-000080012c581b00, binding_type=bind, object_type=VK_OBJECT_TYPE_BUFFER, object_handle=0x60310369edf0
timestamp=18011096226011, VA=0000800000116000-00008000001ac100, binding_type=bind, object_type=VK_OBJECT_TYPE_COMMAND_BUFFER, object_handle=0x6031032b5f60
timestamp=18011096255186, VA=000080012c5c0000-000080012c5c4000, binding_type=bind, object_type=VK_OBJECT_TYPE_DEVICE_MEMORY, object_handle=0x60310369ffe0
timestamp=18011096257831, VA=000080012c5c0000-000080012c5c31d0, binding_type=bind, object_type=VK_OBJECT_TYPE_BUFFER, object_handle=0x60310369fba0
timestamp=18011096281225, VA=000080012c600000-000080012c602000, binding_type=bind, object_type=VK_OBJECT_TYPE_DEVICE_MEMORY, object_handle=0x6031036a0e60
timestamp=18011096283038, VA=000080012c600000-000080012c601b00, binding_type=bind, object_type=VK_OBJECT_TYPE_BUFFER, object_handle=0x603103621a60
timestamp=18011096305581, VA=000080012c640000-000080012c645000, binding_type=bind, object_type=VK_OBJECT_TYPE_DEVICE_MEMORY, object_handle=0x6031035edca0
timestamp=18011096307194, VA=000080012c640000-000080012c644fa0, binding_type=bind, object_type=VK_OBJECT_TYPE_BUFFER, object_handle=0x6031035ed830
timestamp=18011096329606, VA=000080012c680000-000080012c681000, binding_type=bind, object_type=VK_OBJECT_TYPE_DEVICE_MEMORY, object_handle=0x6031035ee6e0
timestamp=18011096331169, VA=000080012c680000-000080012c6805a0, binding_type=bind, object_type=VK_OBJECT_TYPE_BUFFER, object_handle=0x6031035ee2a0
timestamp=18011096349083, VA=000080012c6c0000-000080012c6c2000, binding_type=bind, object_type=VK_OBJECT_TYPE_DEVICE_MEMORY, object_handle=0x6031035ef160
timestamp=18011096350706, VA=000080012c6c0000-000080012c6c12f0, binding_type=bind, object_type=VK_OBJECT_TYPE_BUFFER, object_handle=0x6031035eecf0
timestamp=18011096369080, VA=000080012c700000-000080012c701000, binding_type=bind, object_type=VK_OBJECT_TYPE_DEVICE_MEMORY, object_handle=0x6031035efc60
timestamp=18011096371405, VA=000080012c700000-000080012c7005a0, binding_type=bind, object_type=VK_OBJECT_TYPE_BUFFER, object_handle=0x6031035ef760
timestamp=18011096388086, VA=000080012c740000-000080012c742000, binding_type=bind, object_type=VK_OBJECT_TYPE_DEVICE_MEMORY, object_handle=0x6031035e2ff0
timestamp=18011096390100, VA=000080012c740000-000080012c741e40, binding_type=bind, object_type=VK_OBJECT_TYPE_BUFFER, object_handle=0x6031035e2960
timestamp=18011096417832, VA=000080012c780000-000080012c784000, binding_type=bind, object_type=VK_OBJECT_TYPE_DEVICE_MEMORY, object_handle=0x603103531b50
timestamp=18011096419315, VA=000080012c780000-000080012c783600, binding_type=bind, object_type=VK_OBJECT_TYPE_BUFFER, object_handle=0x603103531a10
timestamp=18011096451626, VA=000080012c7c0000-000080012c7c7000, binding_type=bind, object_type=VK_OBJECT_TYPE_DEVICE_MEMORY, object_handle=0x603103552e40
timestamp=18011096453379, VA=000080012c7c0000-000080012c7c6290, binding_type=bind, object_type=VK_OBJECT_TYPE_BUFFER, object_handle=0x60310367c2e0
timestamp=18011096475892, VA=000080012c800000-000080012c804000, binding_type=bind, object_type=VK_OBJECT_TYPE_DEVICE_MEMORY, object_handle=0x6031035e3fd0
timestamp=18011096477915, VA=000080012c800000-000080012c803600, binding_type=bind, object_type=VK_OBJECT_TYPE_BUFFER, object_handle=0x603103552ed0
timestamp=18011096499536, VA=000080012c840000-000080012c84a000, binding_type=bind, object_type=VK_OBJECT_TYPE_DEVICE_MEMORY, object_handle=0x6031035e4ae0
timestamp=18011096501219, VA=000080012c840000-000080012c849da0, binding_type=bind, object_type=VK_OBJECT_TYPE_BUFFER, object_handle=0x6031035e46c0
timestamp=18011096532047, VA=000080012c880000-000080012c881000, binding_type=bind, object_type=VK_OBJECT_TYPE_DEVICE_MEMORY, object_handle=0x6031035e5da0
timestamp=18011096534272, VA=000080012c880000-000080012c880a20, binding_type=bind, object_type=VK_OBJECT_TYPE_BUFFER, object_handle=0x6031035e5930
timestamp=18011096553378, VA=000080012c8c0000-000080012c8c3000, binding_type=bind, object_type=VK_OBJECT_TYPE_DEVICE_MEMORY, object_handle=0x6031035e6ca0
timestamp=18011096554870, VA=000080012c8c0000-000080012c8c21f0, binding_type=bind, object_type=VK_OBJECT_TYPE_BUFFER, object_handle=0x6031035e6830
timestamp=18011096574267, VA=000080012c900000-000080012c901000, binding_type=bind, object_type=VK_OBJECT_TYPE_DEVICE_MEMORY, object_handle=0x6031037e8380
timestamp=18011096576591, VA=000080012c900000-000080012c900a20, binding_type=bind, object_type=VK_OBJECT_TYPE_BUFFER, object_handle=0x6031035e7290
timestamp=18011096593373, VA=000080012c940000-000080012c944000, binding_type=bind, object_type=VK_OBJECT_TYPE_DEVICE_MEMORY, object_handle=0x6031037e91e0
timestamp=18011096595116, VA=000080012c940000-000080012c943640, binding_type=bind, object_type=VK_OBJECT_TYPE_BUFFER, object_handle=0x603103574c60
timestamp=18011096617238, VA=000080012c980000-000080012c981000, binding_type=bind, object_type=VK_OBJECT_TYPE_DEVICE_MEMORY, object_handle=0x6031037e9be0
timestamp=18011096618831, VA=000080012c980000-000080012c980120, binding_type=bind, object_type=VK_OBJECT_TYPE_BUFFER, object_handle=0x6031037e9790
timestamp=18011096635823, VA=000080012c9c0000-000080012c9c1000, binding_type=bind, object_type=VK_OBJECT_TYPE_DEVICE_MEMORY, object_handle=0x6031037ea5a0
timestamp=18011096637406, VA=000080012c9c0000-000080012c9c03f0, binding_type=bind, object_type=VK_OBJECT_TYPE_BUFFER, object_handle=0x6031037ea160
timestamp=18011096656612, VA=000080012ca00000-000080012ca01000, binding_type=bind, object_type=VK_OBJECT_TYPE_DEVICE_MEMORY, object_handle=0x6031036a1da0
timestamp=18011096659427, VA=000080012ca00000-000080012ca00120, binding_type=bind, object_type=VK_OBJECT_TYPE_BUFFER, object_handle=0x6031036a1960
timestamp=18011096675948, VA=000080012ca40000-000080012ca41000, binding_type=bind, object_type=VK_OBJECT_TYPE_DEVICE_MEMORY, object_handle=0x6031036a2d90
timestamp=18011096677491, VA=000080012ca40000-000080012ca40640, binding_type=bind, object_type=VK_OBJECT_TYPE_BUFFER, object_handle=0x6031036a2a40
timestamp=18011096695946, VA=000080012ca80000-000080012ca81000, binding_type=bind, object_type=VK_OBJECT_TYPE_DEVICE_MEMORY, object_handle=0x6031036a3720
timestamp=18011096698641, VA=000080012ca80000-000080012ca80260, binding_type=bind, object_type=VK_OBJECT_TYPE_BUFFER, object_handle=0x60310355a3d0
timestamp=18011096715964, VA=000080012cac0000-000080012cac1000, binding_type=bind, object_type=VK_OBJECT_TYPE_DEVICE_MEMORY, object_handle=0x603103549460
timestamp=18011096717447, VA=000080012cac0000-000080012cac0800, binding_type=bind, object_type=VK_OBJECT_TYPE_BUFFER, object_handle=0x603103549010
timestamp=18011096735681, VA=000080012cb00000-000080012cb01000, binding_type=bind, object_type=VK_OBJECT_TYPE_DEVICE_MEMORY, object_handle=0x603103549e60
timestamp=18011096737514, VA=000080012cb00000-000080012cb00260, binding_type=bind, object_type=VK_OBJECT_TYPE_BUFFER, object_handle=0x603103549a20
timestamp=18011096754006, VA=000080012cb40000-000080012cb41000, binding_type=bind, object_type=VK_OBJECT_TYPE_DEVICE_MEMORY, object_handle=0x60310354a8a0
timestamp=18011096755408, VA=000080012cb40000-000080012cb40cc0, binding_type=bind, object_type=VK_OBJECT_TYPE_BUFFER, object_handle=0x60310354a460
timestamp=18011096773382, VA=000080012cb80000-000080012cb81000, binding_type=bind, object_type=VK_OBJECT_TYPE_DEVICE_MEMORY, object_handle=0x60310354b480
timestamp=18011096774915, VA=000080012cb80000-000080012cb80360, binding_type=bind, object_type=VK_OBJECT_TYPE_BUFFER, object_handle=0x60310354aea0
timestamp=18011096791466, VA=000080012cbc0000-000080012cbc1000, binding_type=bind, object_type=VK_OBJECT_TYPE_DEVICE_MEMORY, object_handle=0x60310354bc60
timestamp=18011096793320, VA=000080012cbc0000-000080012cbc07d0, binding_type=bind, object_type=VK_OBJECT_TYPE_BUFFER, object_handle=0x60310354ba50
timestamp=18011096814079, VA=000080012cc00000-000080012cc01000, binding_type=bind, object_type=VK_OBJECT_TYPE_DEVICE_MEMORY, object_handle=0x6031035d7f90
timestamp=18011096816193, VA=000080012cc00000-000080012cc00360, binding_type=bind, object_type=VK_OBJECT_TYPE_BUFFER, object_handle=0x6031035d7c40
timestamp=18011096833245, VA=000080012cc40000-000080012cc41000, binding_type=bind, object_type=VK_OBJECT_TYPE_DEVICE_MEMORY, object_handle=0x6031035d8b20
timestamp=18011096835098, VA=000080012cc40000-000080012cc40c80, binding_type=bind, object_type=VK_OBJECT_TYPE_BUFFER, object_handle=0x6031035d8700
timestamp=18011096854335, VA=000080012cc80000-000080012cc81000, binding_type=bind, object_type=VK_OBJECT_TYPE_DEVICE_MEMORY, object_handle=0x6031035d9760
timestamp=18011096855717, VA=000080012cc80000-000080012cc80290, binding_type=bind, object_type=VK_OBJECT_TYPE_BUFFER, object_handle=0x6031035d9310
timestamp=18011096872368, VA=000080012ccc0000-000080012ccc1000, binding_type=bind, object_type=VK_OBJECT_TYPE_DEVICE_MEMORY, object_handle=0x60310353d3c0
timestamp=18011096873921, VA=000080012ccc0000-000080012ccc08a0, binding_type=bind, object_type=VK_OBJECT_TYPE_BUFFER, object_handle=0x6031035d9d50
timestamp=18011096897145, VA=000080012cd00000-000080012cd01000, binding_type=bind, object_type=VK_OBJECT_TYPE_DEVICE_MEMORY, object_handle=0x60310353dda0
timestamp=18011096898828, VA=000080012cd00000-000080012cd00290, binding_type=bind, object_type=VK_OBJECT_TYPE_BUFFER, object_handle=0x60310353d960
timestamp=18011096915900, VA=000080012cd40000-000080012cd41000, binding_type=bind, object_type=VK_OBJECT_TYPE_DEVICE_MEMORY, object_handle=0x60310353e940
timestamp=18011096917524, VA=000080012cd40000-000080012cd40dc0, binding_type=bind, object_type=VK_OBJECT_TYPE_BUFFER, object_handle=0x60310353e360
timestamp=18011096937000, VA=000080012cd80000-000080012cd81000, binding_type=bind, object_type=VK_OBJECT_TYPE_DEVICE_MEMORY, object_handle=0x60310353fd80
timestamp=18011096938874, VA=000080012cd80000-000080012cd806c0, binding_type=bind, object_type=VK_OBJECT_TYPE_BUFFER, object_handle=0x60310353eee0
timestamp=18011096956026, VA=000080012cdc0000-000080012cdc1000, binding_type=bind, object_type=VK_OBJECT_TYPE_DEVICE_MEMORY, object_handle=0x6031035c8060
timestamp=18011096957709, VA=000080012cdc0000-000080012cdc0db0, binding_type=bind, object_type=VK_OBJECT_TYPE_BUFFER, object_handle=0x6031035c7c20
timestamp=18011096978238, VA=000080012ce00000-000080012ce01000, binding_type=bind, object_type=VK_OBJECT_TYPE_DEVICE_MEMORY, object_handle=0x6031035c8aa0
timestamp=18011096980973, VA=000080012ce00000-000080012ce006c0, binding_type=bind, object_type=VK_OBJECT_TYPE_BUFFER, object_handle=0x6031035c8660
timestamp=18011096999558, VA=000080012ce40000-000080012ce42000, binding_type=bind, object_type=VK_OBJECT_TYPE_DEVICE_MEMORY, object_handle=0x6031035c99a0
timestamp=18011097005309, VA=000080012ce40000-000080012ce415e0, binding_type=bind, object_type=VK_OBJECT_TYPE_BUFFER, object_handle=0x6031035c9560
timestamp=18011097027831, VA=000080012ce80000-000080012ce81000, binding_type=bind, object_type=VK_OBJECT_TYPE_DEVICE_MEMORY, object_handle=0x6031035ca3e0
timestamp=18011097029885, VA=000080012ce80000-000080012ce802d0, binding_type=bind, object_type=VK_OBJECT_TYPE_BUFFER, object_handle=0x6031035c9f90
timestamp=18011097048550, VA=000080012cec0000-000080012cec1000, binding_type=bind, object_type=VK_OBJECT_TYPE_DEVICE_MEMORY, object_handle=0x60310366fa50
timestamp=18011097051726, VA=000080012cec0000-000080012cec0990, binding_type=bind, object_type=VK_OBJECT_TYPE_BUFFER, object_handle=0x60310366f700
timestamp=18011097072626, VA=000080012cf00000-000080012cf01000, binding_type=bind, object_type=VK_OBJECT_TYPE_DEVICE_MEMORY, object_handle=0x603103670ad0
timestamp=18011097074119, VA=000080012cf00000-000080012cf002d0, binding_type=bind, object_type=VK_OBJECT_TYPE_BUFFER, object_handle=0x603103670750
timestamp=18011097090950, VA=000080012cf40000-000080012cf41000, binding_type=bind, object_type=VK_OBJECT_TYPE_DEVICE_MEMORY, object_handle=0x6031036714a0
timestamp=18011097092683, VA=000080012cf40000-000080012cf40f40, binding_type=bind, object_type=VK_OBJECT_TYPE_BUFFER, object_handle=0x603103671050
timestamp=18011097115166, VA=000080012cf80000-000080012cf81000, binding_type=bind, object_type=VK_OBJECT_TYPE_DEVICE_MEMORY, object_handle=0x60310390c460
timestamp=18011097116889, VA=000080012cf80000-000080012cf80d80, binding_type=bind, object_type=VK_OBJECT_TYPE_BUFFER, object_handle=0x603103671c00
timestamp=18011097135715, VA=000080012cfc0000-000080012cfc2000, binding_type=bind, object_type=VK_OBJECT_TYPE_DEVICE_MEMORY, object_handle=0x60310390d2f0
timestamp=18011097137428, VA=000080012cfc0000-000080012cfc1970, binding_type=bind, object_type=VK_OBJECT_TYPE_BUFFER, object_handle=0x603103671d10
timestamp=18011097159630, VA=000080012d000000-000080012d001000, binding_type=bind, object_type=VK_OBJECT_TYPE_DEVICE_MEMORY, object_handle=0x60310390dce0
timestamp=18011097161633, VA=000080012d000000-000080012d000d80, binding_type=bind, object_type=VK_OBJECT_TYPE_BUFFER, object_handle=0x60310390d890
timestamp=18011097182994, VA=000080012d040000-000080012d043000, binding_type=bind, object_type=VK_OBJECT_TYPE_DEVICE_MEMORY, object_handle=0x60310390e790
timestamp=18011097184526, VA=000080012d040000-000080012d0428a0, binding_type=bind, object_type=VK_OBJECT_TYPE_BUFFER, object_handle=0x60310390e440
timestamp=18011097205787, VA=000080012d080000-000080012d081000, binding_type=bind, object_type=VK_OBJECT_TYPE_DEVICE_MEMORY, object_handle=0x603103918ab0
timestamp=18011097208381, VA=000080012d080000-000080012d080360, binding_type=bind, object_type=VK_OBJECT_TYPE_BUFFER, object_handle=0x60310390ed90
timestamp=18011097225464, VA=000080012d0c0000-000080012d0c1000, binding_type=bind, object_type=VK_OBJECT_TYPE_DEVICE_MEMORY, object_handle=0x603103919ad0
timestamp=18011097227377, VA=000080012d0c0000-000080012d0c0b70, binding_type=bind, object_type=VK_OBJECT_TYPE_BUFFER, object_handle=0x603103564db0
timestamp=18011097246934, VA=000080012d100000-000080012d101000, binding_type=bind, object_type=VK_OBJECT_TYPE_DEVICE_MEMORY, object_handle=0x60310391a9b0
timestamp=18011097248577, VA=000080012d100000-000080012d100360, binding_type=bind, object_type=VK_OBJECT_TYPE_BUFFER, object_handle=0x60310391a340
timestamp=18011097265810, VA=000080012d140000-000080012d142000, binding_type=bind, object_type=VK_OBJECT_TYPE_DEVICE_MEMORY, object_handle=0x60310391b250
timestamp=18011097267543, VA=000080012d140000-000080012d141240, binding_type=bind, object_type=VK_OBJECT_TYPE_BUFFER, object_handle=0x60310391af00
timestamp=18011097290747, VA=000080012d180000-000080012d182000, binding_type=bind, object_type=VK_OBJECT_TYPE_DEVICE_MEMORY, object_handle=0x603103585860
timestamp=18011097292520, VA=000080012d180000-000080012d181b00, binding_type=bind, object_type=VK_OBJECT_TYPE_BUFFER, object_handle=0x60310391b6d0
timestamp=18011097312357, VA=000080012d1c0000-000080012d1c4000, binding_type=bind, object_type=VK_OBJECT_TYPE_DEVICE_MEMORY, object_handle=0x603103586450
timestamp=18011097314511, VA=000080012d1c0000-000080012d1c30e0, binding_type=bind, object_type=VK_OBJECT_TYPE_BUFFER, object_handle=0x6031035860b0
timestamp=18011097348896, VA=000080012d200000-000080012d202000, binding_type=bind, object_type=VK_OBJECT_TYPE_DEVICE_MEMORY, object_handle=0x603103587010
timestamp=18011097350870, VA=000080012d200000-000080012d201b00, binding_type=bind, object_type=VK_OBJECT_TYPE_BUFFER, object_handle=0x603103586c70
timestamp=18011097373673, VA=000080012d240000-000080012d245000, binding_type=bind, object_type=VK_OBJECT_TYPE_DEVICE_MEMORY, object_handle=0x603103587b20
timestamp=18011097375216, VA=000080012d240000-000080012d244e20, binding_type=bind, object_type=VK_OBJECT_TYPE_BUFFER, object_handle=0x603103587700
timestamp=18011097398780, VA=000080012d280000-000080012d281000, binding_type=bind, object_type=VK_OBJECT_TYPE_DEVICE_MEMORY, object_handle=0x6031035884a0
timestamp=18011097400644, VA=000080012d280000-000080012d280480, binding_type=bind, object_type=VK_OBJECT_TYPE_BUFFER, object_handle=0x60310391b750
timestamp=18011097418818, VA=000080012d2c0000-000080012d2c1000, binding_type=bind, object_type=VK_OBJECT_TYPE_DEVICE_MEMORY, object_handle=0x603103524690
timestamp=18011097420341, VA=000080012d2c0000-000080012d2c0f30, binding_type=bind, object_type=VK_OBJECT_TYPE_BUFFER, object_handle=0x603103516fb0
timestamp=18011097440839, VA=000080012d300000-000080012d301000, binding_type=bind, object_type=VK_OBJECT_TYPE_DEVICE_MEMORY, object_handle=0x603103524f10
timestamp=18011097442342, VA=000080012d300000-000080012d300480, binding_type=bind, object_type=VK_OBJECT_TYPE_BUFFER, object_handle=0x603103524b90
timestamp=18011097459525, VA=000080012d340000-000080012d342000, binding_type=bind, object_type=VK_OBJECT_TYPE_DEVICE_MEMORY, object_handle=0x603103525ac0
timestamp=18011097461268, VA=000080012d340000-000080012d341840, binding_type=bind, object_type=VK_OBJECT_TYPE_BUFFER, object_handle=0x6031035254e0
timestamp=18011097486866, VA=000080012d380000-000080012d384000, binding_type=bind, object_type=VK_OBJECT_TYPE_DEVICE_MEMORY, object_handle=0x6031035f5830
timestamp=18011097488369, VA=000080012d380000-000080012d383600, binding_type=bind, object_type=VK_OBJECT_TYPE_BUFFER, object_handle=0x6031035f51c0
timestamp=18011097515480, VA=000080012d3c0000-000080012d3c6000, binding_type=bind, object_type=VK_OBJECT_TYPE_DEVICE_MEMORY, object_handle=0x6031035b0e80
timestamp=18011097517123, VA=000080012d3c0000-000080012d3c5fc0, binding_type=bind, object_type=VK_OBJECT_TYPE_BUFFER, object_handle=0x6031035f5d50
timestamp=18011097546829, VA=000080012d400000-000080012d404000, binding_type=bind, object_type=VK_OBJECT_TYPE_DEVICE_MEMORY, object_handle=0x6031035b18e0
timestamp=18011097548592, VA=000080012d400000-000080012d403600, binding_type=bind, object_type=VK_OBJECT_TYPE_BUFFER, object_handle=0x6031035b1470
timestamp=18011097570453, VA=000080012d440000-000080012d44a000, binding_type=bind, object_type=VK_OBJECT_TYPE_DEVICE_MEMORY, object_handle=0x6031035b2620
timestamp=18011097572167, VA=000080012d440000-000080012d449920, binding_type=bind, object_type=VK_OBJECT_TYPE_BUFFER, object_handle=0x6031035b2080
timestamp=18011097602364, VA=000080012d480000-000080012d481000, binding_type=bind, object_type=VK_OBJECT_TYPE_DEVICE_MEMORY, object_handle=0x6031035b31a0
timestamp=18011097603927, VA=000080012d480000-000080012d4806c0, binding_type=bind, object_type=VK_OBJECT_TYPE_BUFFER, object_handle=0x6031035b2d80
timestamp=18011097621700, VA=000080012d4c0000-000080012d4c2000, binding_type=bind, object_type=VK_OBJECT_TYPE_DEVICE_MEMORY, object_handle=0x6031035b3be0
timestamp=18011097623233, VA=000080012d4c0000-000080012d4c16b0, binding_type=bind, object_type=VK_OBJECT_TYPE_BUFFER, object_handle=0x6031035b3770
timestamp=18011097641968, VA=000080012d500000-000080012d501000, binding_type=bind, object_type=VK_OBJECT_TYPE_DEVICE_MEMORY, object_handle=0x6031035b4870
timestamp=18011097643752, VA=000080012d500000-000080012d5006c0, binding_type=bind, object_type=VK_OBJECT_TYPE_BUFFER, object_handle=0x6031035b41d0
timestamp=18011097663910, VA=000080012d540000-000080012d543000, binding_type=bind, object_type=VK_OBJECT_TYPE_DEVICE_MEMORY, object_handle=0x6031035b51a0
timestamp=18011097665613, VA=000080012d540000-000080012d542440, binding_type=bind, object_type=VK_OBJECT_TYPE_BUFFER, object_handle=0x6031035b4d50
timestamp=18011097706640, VA=000080012d580000-000080012d587000, binding_type=bind, object_type=VK_OBJECT_TYPE_DEVICE_MEMORY, object_handle=0x6031035ff4d0
timestamp=18011097708213, VA=000080012d580000-000080012d586c00, binding_type=bind, object_type=VK_OBJECT_TYPE_BUFFER, object_handle=0x6031035b2100
timestamp=18011097731537, VA=000080012d5c0000-000080012d5cc000, binding_type=bind, object_type=VK_OBJECT_TYPE_DEVICE_MEMORY, object_handle=0x6031035fffe0
timestamp=18011097733070, VA=000080012d5c0000-000080012d5cbd80, binding_type=bind, object_type=VK_OBJECT_TYPE_BUFFER, object_handle=0x6031035812a0
timestamp=18011097769348, VA=000080012d600000-000080012d607000, binding_type=bind, object_type=VK_OBJECT_TYPE_DEVICE_MEMORY, object_handle=0x603103600960
timestamp=18011097771212, VA=000080012d600000-000080012d606c00, binding_type=bind, object_type=VK_OBJECT_TYPE_BUFFER, object_handle=0x603103575260
timestamp=18011097802300, VA=000080012d640000-000080012d653000, binding_type=bind, object_type=VK_OBJECT_TYPE_DEVICE_MEMORY, object_handle=0x603103601360
timestamp=18011097803783, VA=000080012d640000-000080012d652f20, binding_type=bind, object_type=VK_OBJECT_TYPE_BUFFER, object_handle=0x603103600f20
timestamp=18011097861953, VA=000080012d680000-000080012d681000, binding_type=bind, object_type=VK_OBJECT_TYPE_DEVICE_MEMORY, object_handle=0x603103601da0
timestamp=18011097863606, VA=000080012d680000-000080012d680b40, binding_type=bind, object_type=VK_OBJECT_TYPE_BUFFER, object_handle=0x603103601960
timestamp=18011097885307, VA=000080012d6c0000-000080012d6c3000, binding_type=bind, object_type=VK_OBJECT_TYPE_DEVICE_MEMORY, object_handle=0x60310354f8e0
timestamp=18011097886849, VA=000080012d6c0000-000080012d6c25b0, binding_type=bind, object_type=VK_OBJECT_TYPE_BUFFER, object_handle=0x603103602390
timestamp=18011097905955, VA=000080012d700000-000080012d701000, binding_type=bind, object_type=VK_OBJECT_TYPE_DEVICE_MEMORY, object_handle=0x603103550150
timestamp=18011097907468, VA=000080012d700000-000080012d700b40, binding_type=bind, object_type=VK_OBJECT_TYPE_BUFFER, object_handle=0x60310354fe00
timestamp=18011097925172, VA=000080012d740000-000080012d744000, binding_type=bind, object_type=VK_OBJECT_TYPE_DEVICE_MEMORY, object_handle=0x603103550db0
timestamp=18011097926614, VA=000080012d740000-000080012d743c40, binding_type=bind, object_type=VK_OBJECT_TYPE_BUFFER, object_handle=0x603103602730
timestamp=18011097949377, VA=000080012d780000-000080012d781000, binding_type=bind, object_type=VK_OBJECT_TYPE_DEVICE_MEMORY, object_handle=0x603103551760
timestamp=18011097950850, VA=000080012d780000-000080012d780240, binding_type=bind, object_type=VK_OBJECT_TYPE_BUFFER, object_handle=0x603103551300
timestamp=18011097968694, VA=000080012d7c0000-000080012d7c1000, binding_type=bind, object_type=VK_OBJECT_TYPE_DEVICE_MEMORY, object_handle=0x603103552470
timestamp=18011097970206, VA=000080012d7c0000-000080012d7c07b0, binding_type=bind, object_type=VK_OBJECT_TYPE_BUFFER, object_handle=0x603103551db0
timestamp=18011097991076, VA=000080012d800000-000080012d801000, binding_type=bind, object_type=VK_OBJECT_TYPE_DEVICE_MEMORY, object_handle=0x603103667bf0
timestamp=18011097992639, VA=000080012d800000-000080012d800240, binding_type=bind, object_type=VK_OBJECT_TYPE_BUFFER, object_handle=0x603103552990
timestamp=18011098016874, VA=000080012d840000-000080012d841000, binding_type=bind, object_type=VK_OBJECT_TYPE_DEVICE_MEMORY, object_handle=0x603103668660
timestamp=18011098018668, VA=000080012d840000-000080012d840c40, binding_type=bind, object_type=VK_OBJECT_TYPE_BUFFER, object_handle=0x603103668210
timestamp=18011098039287, VA=000080012d880000-000080012d881000, binding_type=bind, object_type=VK_OBJECT_TYPE_DEVICE_MEMORY, object_handle=0x603103669060
timestamp=18011098040779, VA=000080012d880000-000080012d8804a0, binding_type=bind, object_type=VK_OBJECT_TYPE_BUFFER, object_handle=0x603103668c20
timestamp=18011098058463, VA=000080012d8c0000-000080012d8c1000, binding_type=bind, object_type=VK_OBJECT_TYPE_DEVICE_MEMORY, object_handle=0x603103669aa0
timestamp=18011098060426, VA=000080012d8c0000-000080012d8c0f80, binding_type=bind, object_type=VK_OBJECT_TYPE_BUFFER, object_handle=0x603103669660
timestamp=18011098078140, VA=000080012d900000-000080012d901000, binding_type=bind, object_type=VK_OBJECT_TYPE_DEVICE_MEMORY, object_handle=0x60310366a9b0
timestamp=18011098079753, VA=000080012d900000-000080012d9004a0, binding_type=bind, object_type=VK_OBJECT_TYPE_BUFFER, object_handle=0x60310366a2f0
timestamp=18011098097025, VA=000080012d940000-000080012d942000, binding_type=bind, object_type=VK_OBJECT_TYPE_DEVICE_MEMORY, object_handle=0x60310366b1d0
timestamp=18011098098939, VA=000080012d940000-000080012d9418c0, binding_type=bind, object_type=VK_OBJECT_TYPE_BUFFER, object_handle=0x60310366ae80
timestamp=18011098120930, VA=000080012d980000-000080012d981000, binding_type=bind, object_type=VK_OBJECT_TYPE_DEVICE_MEMORY, object_handle=0x60310361c3f0
timestamp=18011098123074, VA=000080012d980000-000080012d9806c0, binding_type=bind, object_type=VK_OBJECT_TYPE_BUFFER, object_handle=0x60310361bd50
timestamp=18011098140848, VA=000080012d9c0000-000080012d9c1000, binding_type=bind, object_type=VK_OBJECT_TYPE_DEVICE_MEMORY, object_handle=0x60310361cfd0
timestamp=18011098142461, VA=000080012d9c0000-000080012d9c0f50, binding_type=bind, object_type=VK_OBJECT_TYPE_BUFFER, object_handle=0x60310361cc30
timestamp=18011098163661, VA=000080012da00000-000080012da01000, binding_type=bind, object_type=VK_OBJECT_TYPE_DEVICE_MEMORY, object_handle=0x60310361d920
timestamp=18011098165635, VA=000080012da00000-000080012da006c0, binding_type=bind, object_type=VK_OBJECT_TYPE_BUFFER, object_handle=0x60310361d500
timestamp=18011098185783, VA=000080012da40000-000080012da42000, binding_type=bind, object_type=VK_OBJECT_TYPE_DEVICE_MEMORY, object_handle=0x6031035ed7a0
timestamp=18011098187456, VA=000080012da40000-000080012da41880, binding_type=bind, object_type=VK_OBJECT_TYPE_BUFFER, object_handle=0x60310361e040
timestamp=18011098209417, VA=000080012da80000-000080012da81000, binding_type=bind, object_type=VK_OBJECT_TYPE_DEVICE_MEMORY, object_handle=0x60310361f480
timestamp=18011098210980, VA=000080012da80000-000080012da804d0, binding_type=bind, object_type=VK_OBJECT_TYPE_BUFFER, object_handle=0x60310361f0b0
timestamp=18011098230076, VA=000080012dac0000-000080012dac2000, binding_type=bind, object_type=VK_OBJECT_TYPE_DEVICE_MEMORY, object_handle=0x603103603a20
timestamp=18011098231789, VA=000080012dac0000-000080012dac1020, binding_type=bind, object_type=VK_OBJECT_TYPE_BUFFER, object_handle=0x6031036035e0
timestamp=18011098260313, VA=000080012db00000-000080012db01000, binding_type=bind, object_type=VK_OBJECT_TYPE_DEVICE_MEMORY, object_handle=0x603103604460
timestamp=18011098261856, VA=000080012db00000-000080012db004d0, binding_type=bind, object_type=VK_OBJECT_TYPE_BUFFER, object_handle=0x603103604010
timestamp=18011098279459, VA=000080012db40000-000080012db42000, binding_type=bind, object_type=VK_OBJECT_TYPE_DEVICE_MEMORY, object_handle=0x603103604e60
timestamp=18011098281012, VA=000080012db40000-000080012db419c0, binding_type=bind, object_type=VK_OBJECT_TYPE_BUFFER, object_handle=0x603103604a20
timestamp=18011098305248, VA=000080012db80000-000080012db81000, binding_type=bind, object_type=VK_OBJECT_TYPE_DEVICE_MEMORY, object_handle=0x603103605af0
timestamp=18011098306750, VA=000080012db80000-000080012db80d80, binding_type=bind, object_type=VK_OBJECT_TYPE_BUFFER, object_handle=0x603103605460
timestamp=18011098325566, VA=000080012dbc0000-000080012dbc2000, binding_type=bind, object_type=VK_OBJECT_TYPE_DEVICE_MEMORY, object_handle=0x6031036066b0
timestamp=18011098327600, VA=000080012dbc0000-000080012dbc1ad0, binding_type=bind, object_type=VK_OBJECT_TYPE_BUFFER, object_handle=0x603103606010
timestamp=18011098350823, VA=000080012dc00000-000080012dc01000, binding_type=bind, object_type=VK_OBJECT_TYPE_DEVICE_MEMORY, object_handle=0x60310385ebb0
timestamp=18011098352637, VA=000080012dc00000-000080012dc00d80, binding_type=bind, object_type=VK_OBJECT_TYPE_BUFFER, object_handle=0x60310385e540
timestamp=18011098373987, VA=000080012dc40000-000080012dc43000, binding_type=bind, object_type=VK_OBJECT_TYPE_DEVICE_MEMORY, object_handle=0x60310385f450
timestamp=18011098375710, VA=000080012dc40000-000080012dc42ae0, binding_type=bind, object_type=VK_OBJECT_TYPE_BUFFER, object_handle=0x60310385f0d0
timestamp=18011098389486, VA=0000800000620000-000080000074c200, binding_type=bind, object_type=VK_OBJECT_TYPE_COMMAND_BUFFER, object_handle=0x6031032b5f60
timestamp=18011098426276, VA=000080012dc80000-000080012dc81000, binding_type=bind, object_type=VK_OBJECT_TYPE_DEVICE_MEMORY, object_handle=0x603103860380
timestamp=18011098428520, VA=000080012dc80000-000080012dc80510, binding_type=bind, object_type=VK_OBJECT_TYPE_BUFFER, object_handle=0x60310385fd70
timestamp=18011098447666, VA=000080012dcc0000-000080012dcc2000, binding_type=bind, object_type=VK_OBJECT_TYPE_DEVICE_MEMORY, object_handle=0x603103860f90
timestamp=18011098449529, VA=000080012dcc0000-000080012dcc1110, binding_type=bind, object_type=VK_OBJECT_TYPE_BUFFER, object_handle=0x603103860bf0
timestamp=18011098468665, VA=000080012dd00000-000080012dd01000, binding_type=bind, object_type=VK_OBJECT_TYPE_DEVICE_MEMORY, object_handle=0x603103861b50
timestamp=18011098470589, VA=000080012dd00000-000080012dd00510, binding_type=bind, object_type=VK_OBJECT_TYPE_BUFFER, object_handle=0x6031038617e0
timestamp=18011098488593, VA=000080012dd40000-000080012dd42000, binding_type=bind, object_type=VK_OBJECT_TYPE_DEVICE_MEMORY, object_handle=0x6031035929e0
timestamp=18011098490166, VA=000080012dd40000-000080012dd41b40, binding_type=bind, object_type=VK_OBJECT_TYPE_BUFFER, object_handle=0x6031035925a0
timestamp=18011098513500, VA=000080012dd80000-000080012dd82000, binding_type=bind, object_type=VK_OBJECT_TYPE_DEVICE_MEMORY, object_handle=0x6031035935f0
timestamp=18011098515163, VA=000080012dd80000-000080012dd81b00, binding_type=bind, object_type=VK_OBJECT_TYPE_BUFFER, object_handle=0x603103592f60
timestamp=18011098535982, VA=000080012ddc0000-000080012ddc4000, binding_type=bind, object_type=VK_OBJECT_TYPE_DEVICE_MEMORY, object_handle=0x6031035941b0
timestamp=18011098537615, VA=000080012ddc0000-000080012ddc31d0, binding_type=bind, object_type=VK_OBJECT_TYPE_BUFFER, object_handle=0x603103593b10
timestamp=18011098562472, VA=000080012de00000-000080012de02000, binding_type=bind, object_type=VK_OBJECT_TYPE_DEVICE_MEMORY, object_handle=0x603103594b20
timestamp=18011098564336, VA=000080012de00000-000080012de01b00, binding_type=bind, object_type=VK_OBJECT_TYPE_BUFFER, object_handle=0x6031035946d0
timestamp=18011098586537, VA=000080012de40000-000080012de45000, binding_type=bind, object_type=VK_OBJECT_TYPE_DEVICE_MEMORY, object_handle=0x6031035956a0
timestamp=18011098588261, VA=000080012de40000-000080012de44fa0, binding_type=bind, object_type=VK_OBJECT_TYPE_BUFFER, object_handle=0x603103595280
timestamp=18011098623176, VA=000080012de80000-000080012de81000, binding_type=bind, object_type=VK_OBJECT_TYPE_DEVICE_MEMORY, object_handle=0x6031035e8bf0
timestamp=18011098625230, VA=000080012de80000-000080012de805a0, binding_type=bind, object_type=VK_OBJECT_TYPE_BUFFER, object_handle=0x6031035e8530
timestamp=18011098644176, VA=000080012dec0000-000080012dec2000, binding_type=bind, object_type=VK_OBJECT_TYPE_DEVICE_MEMORY, object_handle=0x6031035e9750
timestamp=18011098645759, VA=000080012dec0000-000080012dec12f0, binding_type=bind, object_type=VK_OBJECT_TYPE_BUFFER, object_handle=0x6031035e93b0
timestamp=18011098666698, VA=000080012df00000-000080012df01000, binding_type=bind, object_type=VK_OBJECT_TYPE_DEVICE_MEMORY, object_handle=0x6031035ea240
timestamp=18011098668281, VA=000080012df00000-000080012df005a0, binding_type=bind, object_type=VK_OBJECT_TYPE_BUFFER, object_handle=0x6031035e9c50
timestamp=18011098686836, VA=000080012df40000-000080012df42000, binding_type=bind, object_type=VK_OBJECT_TYPE_DEVICE_MEMORY, object_handle=0x6031035eac20
timestamp=18011098688409, VA=000080012df40000-000080012df41e40, binding_type=bind, object_type=VK_OBJECT_TYPE_BUFFER, object_handle=0x6031035ea7e0
timestamp=18011098719638, VA=000080012df80000-000080012df84000, binding_type=bind, object_type=VK_OBJECT_TYPE_DEVICE_MEMORY, object_handle=0x6031035eb8b0
timestamp=18011098721231, VA=000080012df80000-000080012df83600, binding_type=bind, object_type=VK_OBJECT_TYPE_BUFFER, object_handle=0x6031035eb220
timestamp=18011098745467, VA=000080012dfc0000-000080012dfc6000, binding_type=bind, object_type=VK_OBJECT_TYPE_DEVICE_MEMORY, object_handle=0x6031035ec220
timestamp=18011098747280, VA=000080012dfc0000-000080012dfc5fc0, binding_type=bind, object_type=VK_OBJECT_TYPE_BUFFER, object_handle=0x6031035ebdd0
timestamp=18011098772488, VA=000080012e000000-000080012e004000, binding_type=bind, object_type=VK_OBJECT_TYPE_DEVICE_MEMORY, object_handle=0x603103906780
timestamp=18011098774141, VA=000080012e000000-000080012e003600, binding_type=bind, object_type=VK_OBJECT_TYPE_BUFFER, object_handle=0x6031039061a0
timestamp=18011098803426, VA=000080012e040000-000080012e04a000, binding_type=bind, object_type=VK_OBJECT_TYPE_DEVICE_MEMORY, object_handle=0x6031039071e0
timestamp=18011098805340, VA=000080012e040000-000080012e049920, binding_type=bind, object_type=VK_OBJECT_TYPE_BUFFER, object_handle=0x603103906da0
timestamp=18011098833122, VA=000080012e080000-000080012e081000, binding_type=bind, object_type=VK_OBJECT_TYPE_DEVICE_MEMORY, object_handle=0x603103907ca0
timestamp=18011098834615, VA=000080012e080000-000080012e0806c0, binding_type=bind, object_type=VK_OBJECT_TYPE_BUFFER, object_handle=0x603103907830
timestamp=18011098854683, VA=000080012e0c0000-000080012e0c2000, binding_type=bind, object_type=VK_OBJECT_TYPE_DEVICE_MEMORY, object_handle=0x603103908870
timestamp=18011098857007, VA=000080012e0c0000-000080012e0c16b0, binding_type=bind, object_type=VK_OBJECT_TYPE_BUFFER, object_handle=0x6031039081e0
timestamp=18011098876323, VA=000080012e100000-000080012e101000, binding_type=bind, object_type=VK_OBJECT_TYPE_DEVICE_MEMORY, object_handle=0x6031039091e0
timestamp=18011098878347, VA=000080012e100000-000080012e1006c0, binding_type=bind, object_type=VK_OBJECT_TYPE_BUFFER, object_handle=0x603103908dc0
timestamp=18011098904296, VA=000080012e140000-000080012e143000, binding_type=bind, object_type=VK_OBJECT_TYPE_DEVICE_MEMORY, object_handle=0x603103611d70
timestamp=18011098906180, VA=000080012e140000-000080012e142440, binding_type=bind, object_type=VK_OBJECT_TYPE_BUFFER, object_handle=0x603103909830
timestamp=18011098948299, VA=000080012e180000-000080012e187000, binding_type=bind, object_type=VK_OBJECT_TYPE_DEVICE_MEMORY, object_handle=0x6031036129b0
timestamp=18011098949952, VA=000080012e180000-000080012e186c00, binding_type=bind, object_type=VK_OBJECT_TYPE_BUFFER, object_handle=0x603103612310
timestamp=18011098974629, VA=000080012e1c0000-000080012e1cc000, binding_type=bind, object_type=VK_OBJECT_TYPE_DEVICE_MEMORY, object_handle=0x603103613320
timestamp=18011098976292, VA=000080012e1c0000-000080012e1cbba0, binding_type=bind, object_type=VK_OBJECT_TYPE_BUFFER, object_handle=0x603103612ed0
timestamp=18011099019323, VA=000080012e200000-000080012e207000, binding_type=bind, object_type=VK_OBJECT_TYPE_DEVICE_MEMORY, object_handle=0x603103613d20
timestamp=18011099021236, VA=000080012e200000-000080012e206c00, binding_type=bind, object_type=VK_OBJECT_TYPE_BUFFER, object_handle=0x6031036138e0
timestamp=18011099051884, VA=000080012e240000-000080012e253000, binding_type=bind, object_type=VK_OBJECT_TYPE_DEVICE_MEMORY, object_handle=0x603103614ec0
timestamp=18011099053607, VA=000080012e240000-000080012e252c20, binding_type=bind, object_type=VK_OBJECT_TYPE_BUFFER, object_handle=0x603103614370
timestamp=18011099090827, VA=000080012e280000-000080012e281000, binding_type=bind, object_type=VK_OBJECT_TYPE_DEVICE_MEMORY, object_handle=0x603103615820
timestamp=18011099092410, VA=000080012e280000-000080012e280900, binding_type=bind, object_type=VK_OBJECT_TYPE_BUFFER, object_handle=0x6031036153e0
timestamp=18011099111506, VA=000080012e2c0000-000080012e2c2000, binding_type=bind, object_type=VK_OBJECT_TYPE_DEVICE_MEMORY, object_handle=0x60310355a960
timestamp=18011099112999, VA=000080012e2c0000-000080012e2c1e30, binding_type=bind, object_type=VK_OBJECT_TYPE_BUFFER, object_handle=0x60310355a540
timestamp=18011099133578, VA=000080012e300000-000080012e301000, binding_type=bind, object_type=VK_OBJECT_TYPE_DEVICE_MEMORY, object_handle=0x60310355b3a0
timestamp=18011099135051, VA=000080012e300000-000080012e300900, binding_type=bind, object_type=VK_OBJECT_TYPE_BUFFER, object_handle=0x60310355af50
timestamp=18011099153335, VA=000080012e340000-000080012e344000, binding_type=bind, object_type=VK_OBJECT_TYPE_DEVICE_MEMORY, object_handle=0x60310355bda0
timestamp=18011099155139, VA=000080012e340000-000080012e343040, binding_type=bind, object_type=VK_OBJECT_TYPE_BUFFER, object_handle=0x60310355b960
timestamp=18011099205143, VA=000080012e380000-000080012e38e000, binding_type=bind, object_type=VK_OBJECT_TYPE_DEVICE_MEMORY, object_handle=0x6031036ca030
timestamp=18011099206896, VA=000080012e380000-000080012e38d800, binding_type=bind, object_type=VK_OBJECT_TYPE_BUFFER, object_handle=0x6031036c9990
timestamp=18011099239097, VA=000080012e3c0000-000080012e3d8000, binding_type=bind, object_type=VK_OBJECT_TYPE_DEVICE_MEMORY, object_handle=0x6031036ca960
timestamp=18011099240650, VA=000080012e3c0000-000080012e3d7360, binding_type=bind, object_type=VK_OBJECT_TYPE_BUFFER, object_handle=0x6031036ca520
timestamp=18011099278801, VA=000080012e400000-000080012e40e000, binding_type=bind, object_type=VK_OBJECT_TYPE_DEVICE_MEMORY, object_handle=0x6031036cb420
timestamp=18011099280545, VA=000080012e400000-000080012e40d800, binding_type=bind, object_type=VK_OBJECT_TYPE_BUFFER, object_handle=0x6031036cafb0
timestamp=18011099316242, VA=000080012e440000-000080012e466000, binding_type=bind, object_type=VK_OBJECT_TYPE_DEVICE_MEMORY, object_handle=0x60310355c9f0
timestamp=18011099317765, VA=000080012e440000-000080012e465220, binding_type=bind, object_type=VK_OBJECT_TYPE_BUFFER, object_handle=0x60310355c360
timestamp=18011099363892, VA=000080012e480000-000080012e481000, binding_type=bind, object_type=VK_OBJECT_TYPE_DEVICE_MEMORY, object_handle=0x60310355d320
timestamp=18011099365575, VA=000080012e480000-000080012e480d80, binding_type=bind, object_type=VK_OBJECT_TYPE_BUFFER, object_handle=0x60310355ced0
timestamp=18011099387436, VA=000080012e4c0000-000080012e4c3000, binding_type=bind, object_type=VK_OBJECT_TYPE_DEVICE_MEMORY, object_handle=0x60310355dce0
timestamp=18011099388969, VA=000080012e4c0000-000080012e4c2d30, binding_type=bind, object_type=VK_OBJECT_TYPE_BUFFER, object_handle=0x60310355d890
timestamp=18011099409979, VA=000080012e500000-000080012e501000, binding_type=bind, object_type=VK_OBJECT_TYPE_DEVICE_MEMORY, object_handle=0x60310381d480
timestamp=18011099411421, VA=000080012e500000-000080012e500d80, binding_type=bind, object_type=VK_OBJECT_TYPE_BUFFER, object_handle=0x60310355e2d0
timestamp=18011099432261, VA=000080012e540000-000080012e545000, binding_type=bind, object_type=VK_OBJECT_TYPE_DEVICE_MEMORY, object_handle=0x60310381dd10
timestamp=18011099433914, VA=000080012e540000-000080012e544840, binding_type=bind, object_type=VK_OBJECT_TYPE_BUFFER, object_handle=0x60310381d9a0
timestamp=18011099461065, VA=000080012e580000-000080012e581000, binding_type=bind, object_type=VK_OBJECT_TYPE_DEVICE_MEMORY, object_handle=0x60310381e760
timestamp=18011099462538, VA=000080012e580000-000080012e580480, binding_type=bind, object_type=VK_OBJECT_TYPE_BUFFER, object_handle=0x60310381e310
timestamp=18011099481052, VA=000080012e5c0000-000080012e5c1000, binding_type=bind, object_type=VK_OBJECT_TYPE_DEVICE_MEMORY, object_handle=0x60310381f1e0
timestamp=18011099482515, VA=000080012e5c0000-000080012e5c0f30, binding_type=bind, object_type=VK_OBJECT_TYPE_BUFFER, object_handle=0x60310381ed70
timestamp=18011099509757, VA=000080012e600000-000080012e601000, binding_type=bind, object_type=VK_OBJECT_TYPE_DEVICE_MEMORY, object_handle=0x60310381fc20
timestamp=18011099511530, VA=000080012e600000-000080012e600480, binding_type=bind, object_type=VK_OBJECT_TYPE_BUFFER, object_handle=0x60310381f7e0
timestamp=18011099531417, VA=000080012e640000-000080012e642000, binding_type=bind, object_type=VK_OBJECT_TYPE_DEVICE_MEMORY, object_handle=0x603103820620
timestamp=18011099533361, VA=000080012e640000-000080012e641840, binding_type=bind, object_type=VK_OBJECT_TYPE_BUFFER, object_handle=0x6031038201e0
timestamp=18011099564389, VA=000080012e680000-000080012e681000, binding_type=bind, object_type=VK_OBJECT_TYPE_DEVICE_MEMORY, object_handle=0x6031037a5d90
timestamp=18011099566103, VA=000080012e680000-000080012e680920, binding_type=bind, object_type=VK_OBJECT_TYPE_BUFFER, object_handle=0x6031035e0f10
timestamp=18011099588525, VA=000080012e6c0000-000080012e6c2000, binding_type=bind, object_type=VK_OBJECT_TYPE_DEVICE_MEMORY, object_handle=0x6031035e12c0
timestamp=18011099589988, VA=000080012e6c0000-000080012e6c1e80, binding_type=bind, object_type=VK_OBJECT_TYPE_BUFFER, object_handle=0x6031037a6290
timestamp=18011099609404, VA=000080012e700000-000080012e701000, binding_type=bind, object_type=VK_OBJECT_TYPE_DEVICE_MEMORY, object_handle=0x6031037a6f60
timestamp=18011099610887, VA=000080012e700000-000080012e700920, binding_type=bind, object_type=VK_OBJECT_TYPE_BUFFER, object_handle=0x6031037a6b20
timestamp=18011099629021, VA=000080012e740000-000080012e744000, binding_type=bind, object_type=VK_OBJECT_TYPE_DEVICE_MEMORY, object_handle=0x6031037a7a20
timestamp=18011099630464, VA=000080012e740000-000080012e7430c0, binding_type=bind, object_type=VK_OBJECT_TYPE_BUFFER, object_handle=0x6031037a75b0
timestamp=18011099652616, VA=000080012e780000-000080012e781000, binding_type=bind, object_type=VK_OBJECT_TYPE_DEVICE_MEMORY, object_handle=0x6031037a84a0
timestamp=18011099654179, VA=000080012e780000-000080012e780d80, binding_type=bind, object_type=VK_OBJECT_TYPE_BUFFER, object_handle=0x6031037a8010
timestamp=18011099672483, VA=000080012e7c0000-000080012e7c2000, binding_type=bind, object_type=VK_OBJECT_TYPE_DEVICE_MEMORY, object_handle=0x603103624fd0
timestamp=18011099674066, VA=000080012e7c0000-000080012e7c1e50, binding_type=bind, object_type=VK_OBJECT_TYPE_BUFFER, object_handle=0x6031037a8ab0
timestamp=18011099696448, VA=000080012e800000-000080012e801000, binding_type=bind, object_type=VK_OBJECT_TYPE_DEVICE_MEMORY, object_handle=0x6031036256e0
timestamp=18011099698071, VA=000080012e800000-000080012e800d80, binding_type=bind, object_type=VK_OBJECT_TYPE_BUFFER, object_handle=0x603103625290
timestamp=18011099722137, VA=000080012e840000-000080012e844000, binding_type=bind, object_type=VK_OBJECT_TYPE_DEVICE_MEMORY, object_handle=0x6031036260e0
timestamp=18011099723720, VA=000080012e840000-000080012e843080, binding_type=bind, object_type=VK_OBJECT_TYPE_BUFFER, object_handle=0x603103625ca0
timestamp=18011099749388, VA=000080012e880000-000080012e881000, binding_type=bind, object_type=VK_OBJECT_TYPE_DEVICE_MEMORY, object_handle=0x603103626cc0
timestamp=18011099750881, VA=000080012e880000-000080012e880950, binding_type=bind, object_type=VK_OBJECT_TYPE_BUFFER, object_handle=0x6031036266e0
timestamp=18011099769456, VA=000080012e8c0000-000080012e8c2000, binding_type=bind, object_type=VK_OBJECT_TYPE_DEVICE_MEMORY, object_handle=0x603103627720
timestamp=18011099770979, VA=000080012e8c0000-000080012e8c1f20, binding_type=bind, object_type=VK_OBJECT_TYPE_BUFFER, object_handle=0x6031036272e0
timestamp=18011099794864, VA=000080012e900000-000080012e901000, binding_type=bind, object_type=VK_OBJECT_TYPE_DEVICE_MEMORY, object_handle=0x603103628160
timestamp=18011099796406, VA=000080012e900000-000080012e900950, binding_type=bind, object_type=VK_OBJECT_TYPE_BUFFER, object_handle=0x603103627d20
timestamp=18011099816444, VA=000080012e940000-000080012e944000, binding_type=bind, object_type=VK_OBJECT_TYPE_DEVICE_MEMORY, object_handle=0x6031035b7ce0
timestamp=18011099818097, VA=000080012e940000-000080012e9431c0, binding_type=bind, object_type=VK_OBJECT_TYPE_BUFFER, object_handle=0x6031036287b0
timestamp=18011099842804, VA=000080012e980000-000080012e982000, binding_type=bind, object_type=VK_OBJECT_TYPE_DEVICE_MEMORY, object_handle=0x6031035b8870
timestamp=18011099844367, VA=000080012e980000-000080012e981b00, binding_type=bind, object_type=VK_OBJECT_TYPE_BUFFER, object_handle=0x6031035b8200
timestamp=18011099864214, VA=000080012e9c0000-000080012e9c4000, binding_type=bind, object_type=VK_OBJECT_TYPE_DEVICE_MEMORY, object_handle=0x6031035b91e0
timestamp=18011099865807, VA=000080012e9c0000-000080012e9c3510, binding_type=bind, object_type=VK_OBJECT_TYPE_BUFFER, object_handle=0x6031035b8d90
timestamp=18011099889211, VA=000080012ea00000-000080012ea02000, binding_type=bind, object_type=VK_OBJECT_TYPE_DEVICE_MEMORY, object_handle=0x6031035b9c60
timestamp=18011099890834, VA=000080012ea00000-000080012ea01b00, binding_type=bind, object_type=VK_OBJECT_TYPE_BUFFER, object_handle=0x6031035b97f0
timestamp=18011099919428, VA=000080012ea40000-000080012ea46000, binding_type=bind, object_type=VK_OBJECT_TYPE_DEVICE_MEMORY, object_handle=0x6031035ba8f0
timestamp=18011099921031, VA=000080012ea40000-000080012ea454e0, binding_type=bind, object_type=VK_OBJECT_TYPE_BUFFER, object_handle=0x6031035ba260
timestamp=18011099949315, VA=000080012ea80000-000080012ea81000, binding_type=bind, object_type=VK_OBJECT_TYPE_DEVICE_MEMORY, object_handle=0x6031035bb260
timestamp=18011099950928, VA=000080012ea80000-000080012ea80990, binding_type=bind, object_type=VK_OBJECT_TYPE_BUFFER, object_handle=0x6031035bae10
timestamp=18011099971937, VA=000080012eac0000-000080012eac3000, binding_type=bind, object_type=VK_OBJECT_TYPE_DEVICE_MEMORY, object_handle=0x6031035bbce0
timestamp=18011099973590, VA=000080012eac0000-000080012eac2010, binding_type=bind, object_type=VK_OBJECT_TYPE_BUFFER, object_handle=0x6031035bb870
timestamp=18011099999158, VA=000080012eb00000-000080012eb01000, binding_type=bind, object_type=VK_OBJECT_TYPE_DEVICE_MEMORY, object_handle=0x6031035f13a0
timestamp=18011100009869, VA=000080012eb00000-000080012eb00990, binding_type=bind, object_type=VK_OBJECT_TYPE_BUFFER, object_handle=0x6031035f0f50
timestamp=18011100030908, VA=000080012eb40000-000080012eb44000, binding_type=bind, object_type=VK_OBJECT_TYPE_DEVICE_MEMORY, object_handle=0x6031035f20f0
timestamp=18011100032531, VA=000080012eb40000-000080012eb43340, binding_type=bind, object_type=VK_OBJECT_TYPE_BUFFER, object_handle=0x6031035f1bb0
timestamp=18011100060133, VA=000080012eb80000-000080012eb84000, binding_type=bind, object_type=VK_OBJECT_TYPE_DEVICE_MEMORY, object_handle=0x6031035f2b60
timestamp=18011100061877, VA=000080012eb80000-000080012eb83600, binding_type=bind, object_type=VK_OBJECT_TYPE_BUFFER, object_handle=0x6031035f2710
timestamp=18011100089438, VA=000080012ebc0000-000080012ebc7000, binding_type=bind, object_type=VK_OBJECT_TYPE_DEVICE_MEMORY, object_handle=0x6031035f37b0
timestamp=18011100090941, VA=000080012ebc0000-000080012ebc6290, binding_type=bind, object_type=VK_OBJECT_TYPE_BUFFER, object_handle=0x6031035f3120
timestamp=18011100122721, VA=000080012ec00000-000080012ec04000, binding_type=bind, object_type=VK_OBJECT_TYPE_DEVICE_MEMORY, object_handle=0x6031035f4160
timestamp=18011100124414, VA=000080012ec00000-000080012ec03600, binding_type=bind, object_type=VK_OBJECT_TYPE_BUFFER, object_handle=0x6031035f3d20
timestamp=18011100147518, VA=000080012ec40000-000080012ec4a000, binding_type=bind, object_type=VK_OBJECT_TYPE_DEVICE_MEMORY, object_handle=0x603103901180
timestamp=18011100149071, VA=000080012ec40000-000080012ec49da0, binding_type=bind, object_type=VK_OBJECT_TYPE_BUFFER, object_handle=0x6031035f47b0
timestamp=18011100183345, VA=000080012ec80000-000080012ec81000, binding_type=bind, object_type=VK_OBJECT_TYPE_DEVICE_MEMORY, object_handle=0x6031035f4d00
timestamp=18011100184908, VA=000080012ec80000-000080012ec80a20, binding_type=bind, object_type=VK_OBJECT_TYPE_BUFFER, object_handle=0x603103901650
timestamp=18011100208182, VA=000080012ecc0000-000080012ecc3000, binding_type=bind, object_type=VK_OBJECT_TYPE_DEVICE_MEMORY, object_handle=0x6031039023a0
timestamp=18011100209765, VA=000080012ecc0000-000080012ecc21f0, binding_type=bind, object_type=VK_OBJECT_TYPE_BUFFER, object_handle=0x603103901f30
timestamp=18011100230374, VA=000080012ed00000-000080012ed01000, binding_type=bind, object_type=VK_OBJECT_TYPE_DEVICE_MEMORY, object_handle=0x603103902de0
timestamp=18011100232197, VA=000080012ed00000-000080012ed00a20, binding_type=bind, object_type=VK_OBJECT_TYPE_BUFFER, object_handle=0x6031039029a0
timestamp=18011100250372, VA=000080012ed40000-000080012ed44000, binding_type=bind, object_type=VK_OBJECT_TYPE_DEVICE_MEMORY, object_handle=0x603103903820
timestamp=18011100252435, VA=000080012ed40000-000080012ed43640, binding_type=bind, object_type=VK_OBJECT_TYPE_BUFFER, object_handle=0x6031039033e0
timestamp=18011100294445, VA=000080012ed80000-000080012ed87000, binding_type=bind, object_type=VK_OBJECT_TYPE_DEVICE_MEMORY, object_handle=0x603103904260
timestamp=18011100296108, VA=000080012ed80000-000080012ed86c00, binding_type=bind, object_type=VK_OBJECT_TYPE_BUFFER, object_handle=0x603103903e10
timestamp=18011100324331, VA=000080012edc0000-000080012edcc000, binding_type=bind, object_type=VK_OBJECT_TYPE_DEVICE_MEMORY, object_handle=0x603103904f30
timestamp=18011100326044, VA=000080012edc0000-000080012edcbd80, binding_type=bind, object_type=VK_OBJECT_TYPE_BUFFER, object_handle=0x603103904870
timestamp=18011100354949, VA=000080012ee00000-000080012ee07000, binding_type=bind, object_type=VK_OBJECT_TYPE_DEVICE_MEMORY, object_handle=0x603103639d10
timestamp=18011100356702, VA=000080012ee00000-000080012ee06c00, binding_type=bind, object_type=VK_OBJECT_TYPE_BUFFER, object_handle=0x6031036399c0
timestamp=18011100386017, VA=000080012ee40000-000080012ee53000, binding_type=bind, object_type=VK_OBJECT_TYPE_DEVICE_MEMORY, object_handle=0x60310363a720
timestamp=18011100387600, VA=000080012ee40000-000080012ee52f20, binding_type=bind, object_type=VK_OBJECT_TYPE_BUFFER, object_handle=0x60310363a2e0
timestamp=18011100433937, VA=000080012ee80000-000080012ee81000, binding_type=bind, object_type=VK_OBJECT_TYPE_DEVICE_MEMORY, object_handle=0x60310363b430
timestamp=18011100435560, VA=000080012ee80000-000080012ee80b40, binding_type=bind, object_type=VK_OBJECT_TYPE_BUFFER, object_handle=0x60310363ad70
timestamp=18011100458864, VA=000080012eec0000-000080012eec3000, binding_type=bind, object_type=VK_OBJECT_TYPE_DEVICE_MEMORY, object_handle=0x60310363bda0
timestamp=18011100460548, VA=000080012eec0000-000080012eec25b0, binding_type=bind, object_type=VK_OBJECT_TYPE_BUFFER, object_handle=0x60310363b980
timestamp=18011100482218, VA=000080012ef00000-000080012ef01000, binding_type=bind, object_type=VK_OBJECT_TYPE_DEVICE_MEMORY, object_handle=0x60310363c7e0
timestamp=18011100484653, VA=000080012ef00000-000080012ef00b40, binding_type=bind, object_type=VK_OBJECT_TYPE_BUFFER, object_handle=0x60310363c3a0
timestamp=18011100504360, VA=000080012ef40000-000080012ef44000, binding_type=bind, object_type=VK_OBJECT_TYPE_DEVICE_MEMORY, object_handle=0x60310363d3d0
timestamp=18011100506013, VA=000080012ef40000-000080012ef43c40, binding_type=bind, object_type=VK_OBJECT_TYPE_BUFFER, object_handle=0x60310363d030
timestamp=18011100554354, VA=000080012ef80000-000080012ef8e000, binding_type=bind, object_type=VK_OBJECT_TYPE_DEVICE_MEMORY, object_handle=0x603103554e00
timestamp=18011100556067, VA=000080012ef80000-000080012ef8d800, binding_type=bind, object_type=VK_OBJECT_TYPE_BUFFER, object_handle=0x60310363d990
timestamp=18011100587637, VA=000080012efc0000-000080012efd8000, binding_type=bind, object_type=VK_OBJECT_TYPE_DEVICE_MEMORY, object_handle=0x6031035557e0
timestamp=18011100589440, VA=000080012efc0000-000080012efd7360, binding_type=bind, object_type=VK_OBJECT_TYPE_BUFFER, object_handle=0x6031035553a0
timestamp=18011100627933, VA=000080012f000000-000080012f00e000, binding_type=bind, object_type=VK_OBJECT_TYPE_DEVICE_MEMORY, object_handle=0x603103556420
timestamp=18011100629726, VA=000080012f000000-000080012f00d800, binding_type=bind, object_type=VK_OBJECT_TYPE_BUFFER, object_handle=0x603103555fd0
timestamp=18011100661937, VA=000080012f040000-000080012f066000, binding_type=bind, object_type=VK_OBJECT_TYPE_DEVICE_MEMORY, object_handle=0x603103556e60
timestamp=18011100664061, VA=000080012f040000-000080012f065220, binding_type=bind, object_type=VK_OBJECT_TYPE_BUFFER, object_handle=0x603103556a10
timestamp=18011100715337, VA=000080012f080000-000080012f081000, binding_type=bind, object_type=VK_OBJECT_TYPE_DEVICE_MEMORY, object_handle=0x603103557a20
timestamp=18011100716870, VA=000080012f080000-000080012f080d80, binding_type=bind, object_type=VK_OBJECT_TYPE_BUFFER, object_handle=0x6031035575c0
timestamp=18011100739363, VA=000080012f0c0000-000080012f0c3000, binding_type=bind, object_type=VK_OBJECT_TYPE_DEVICE_MEMORY, object_handle=0x603103558460
timestamp=18011100741897, VA=000080012f0c0000-000080012f0c2d30, binding_type=bind, object_type=VK_OBJECT_TYPE_BUFFER, object_handle=0x603103558010
timestamp=18011100766584, VA=000080012f100000-000080012f101000, binding_type=bind, object_type=VK_OBJECT_TYPE_DEVICE_MEMORY, object_handle=0x603103559010
timestamp=18011100768357, VA=000080012f100000-000080012f100d80, binding_type=bind, object_type=VK_OBJECT_TYPE_BUFFER, object_handle=0x603103558ca0
timestamp=18011100799145, VA=000080012f140000-000080012f145000, binding_type=bind, object_type=VK_OBJECT_TYPE_DEVICE_MEMORY, object_handle=0x603103532060
timestamp=18011100801059, VA=000080012f140000-000080012f144840, binding_type=bind, object_type=VK_OBJECT_TYPE_BUFFER, object_handle=0x603103531c20
timestamp=18011100887943, VA=000080012f180000-000080012f19b000, binding_type=bind, object_type=VK_OBJECT_TYPE_DEVICE_MEMORY, object_handle=0x6031037e5790
timestamp=18011100890006, VA=000080012f180000-000080012f19b000, binding_type=bind, object_type=VK_OBJECT_TYPE_BUFFER, object_handle=0x6031037e5410
timestamp=18011100930653, VA=000080012f1c0000-000080012f1ee000, binding_type=bind, object_type=VK_OBJECT_TYPE_DEVICE_MEMORY, object_handle=0x603103532e50
timestamp=18011100932937, VA=000080012f1c0000-000080012f1edf20, binding_type=bind, object_type=VK_OBJECT_TYPE_BUFFER, object_handle=0x603103532b00
timestamp=18011100983623, VA=000080012f200000-000080012f21b000, binding_type=bind, object_type=VK_OBJECT_TYPE_DEVICE_MEMORY, object_handle=0x603103533a60
timestamp=18011100985386, VA=000080012f200000-000080012f21b000, binding_type=bind, object_type=VK_OBJECT_TYPE_BUFFER, object_handle=0x6031035335f0
timestamp=18011101032906, VA=000080012f240000-000080012f28a000, binding_type=bind, object_type=VK_OBJECT_TYPE_DEVICE_MEMORY, object_handle=0x603103534460
timestamp=18011101035100, VA=000080012f240000-000080012f289820, binding_type=bind, object_type=VK_OBJECT_TYPE_BUFFER, object_handle=0x603103534020
timestamp=18011101103128, VA=000080012f2c0000-000080012f2c2000, binding_type=bind, object_type=VK_OBJECT_TYPE_DEVICE_MEMORY, object_handle=0x6031035351c0
timestamp=18011101104691, VA=000080012f2c0000-000080012f2c1200, binding_type=bind, object_type=VK_OBJECT_TYPE_BUFFER, object_handle=0x603103534c00
timestamp=18011101126552, VA=000080012f300000-000080012f304000, binding_type=bind, object_type=VK_OBJECT_TYPE_DEVICE_MEMORY, object_handle=0x603103535c60
timestamp=18011101128095, VA=000080012f300000-000080012f303c30, binding_type=bind, object_type=VK_OBJECT_TYPE_BUFFER, object_handle=0x603103535810
timestamp=18011101161698, VA=000080012f340000-000080012f342000, binding_type=bind, object_type=VK_OBJECT_TYPE_DEVICE_MEMORY, object_handle=0x6031037468a0
timestamp=18011101163452, VA=000080012f340000-000080012f341200, binding_type=bind, object_type=VK_OBJECT_TYPE_BUFFER, object_handle=0x603103536220
timestamp=18011101186635, VA=000080012f380000-000080012f387000, binding_type=bind, object_type=VK_OBJECT_TYPE_DEVICE_MEMORY, object_handle=0x603103747260
timestamp=18011101188178, VA=000080012f380000-000080012f386040, binding_type=bind, object_type=VK_OBJECT_TYPE_BUFFER, object_handle=0x603103536420
timestamp=18011101212764, VA=000080012f3c0000-000080012f3d4000, binding_type=bind, object_type=VK_OBJECT_TYPE_DEVICE_MEMORY, object_handle=0x603103747c60
timestamp=18011101214558, VA=000080012f3c0000-000080012f3d4000, binding_type=bind, object_type=VK_OBJECT_TYPE_BUFFER, object_handle=0x603103747820
timestamp=18011101235898, VA=000080012f400000-000080012f403000, binding_type=bind, object_type=VK_OBJECT_TYPE_DEVICE_MEMORY, object_handle=0x603103748660
timestamp=18011101239395, VA=000080012f400000-000080012f403000, binding_type=bind, object_type=VK_OBJECT_TYPE_BUFFER, object_handle=0x603103748220
timestamp=18011101258340, VA=000080012f440000-000080012f441000, binding_type=bind, object_type=VK_OBJECT_TYPE_DEVICE_MEMORY, object_handle=0x6031035cb2a0
timestamp=18011101259883, VA=000080012f440000-000080012f440050, binding_type=bind, object_type=VK_OBJECT_TYPE_BUFFER, object_handle=0x6031035cae80
timestamp=18011101283959, VA=000080012f480000-000080012f481000, binding_type=bind, object_type=VK_OBJECT_TYPE_DEVICE_MEMORY, object_handle=0x60310374a6a0
timestamp=18011101286223, VA=000080012f480000-000080012f4801b0, binding_type=bind, object_type=VK_OBJECT_TYPE_BUFFER, object_handle=0x6031035cb860
timestamp=18011101306992, VA=000080012f4c0000-000080012f4c1000, binding_type=bind, object_type=VK_OBJECT_TYPE_DEVICE_MEMORY, object_handle=0x603103540a90
timestamp=18011101308715, VA=000080012f4c0000-000080012f4c01b0, binding_type=bind, object_type=VK_OBJECT_TYPE_BUFFER, object_handle=0x60310374adc0
timestamp=18011101330626, VA=000080012f500000-000080012f501000, binding_type=bind, object_type=VK_OBJECT_TYPE_DEVICE_MEMORY, object_handle=0x6031035412d0
timestamp=18011101333642, VA=000080012f500000-000080012f500100, binding_type=bind, object_type=VK_OBJECT_TYPE_BUFFER, object_handle=0x603103540f50
timestamp=18011101347739, VA=000080012f540000-000080012f541000, binding_type=bind, object_type=VK_OBJECT_TYPE_DEVICE_MEMORY, object_handle=0x603103569220
timestamp=18011101349191, VA=000080012f540000-000080012f540050, binding_type=bind, object_type=VK_OBJECT_TYPE_BUFFER, object_handle=0x603103568de0
timestamp=18011101380530, VA=000080012f580000-000080012f583000, binding_type=bind, object_type=VK_OBJECT_TYPE_DEVICE_MEMORY, object_handle=0x60310362f4e0
timestamp=18011101383426, VA=000080012f580000-000080012f583000, binding_type=bind, object_type=VK_OBJECT_TYPE_BUFFER, object_handle=0x6031035697e0
timestamp=18011101406359, VA=000080012f5c0000-000080012f5c6000, binding_type=bind, object_type=VK_OBJECT_TYPE_DEVICE_MEMORY, object_handle=0x60310353b4e0
timestamp=18011101407932, VA=000080012f5c0000-000080012f5c5520, binding_type=bind, object_type=VK_OBJECT_TYPE_BUFFER, object_handle=0x6031035699e0
timestamp=18011101472404, VA=000080012f600000-000080012f760000, binding_type=bind, object_type=VK_OBJECT_TYPE_DEVICE_MEMORY, object_handle=0x6031035435e0
timestamp=18011101477874, VA=000080012f600000-000080012f760000, binding_type=bind, object_type=VK_OBJECT_TYPE_IMAGE, object_handle=0x6031037eda70
timestamp=18011101528720, VA=000080012f780000-000080012f8e0000, binding_type=bind, object_type=VK_OBJECT_TYPE_DEVICE_MEMORY, object_handle=0x603103544a10
timestamp=18011101531094, VA=000080012f780000-000080012f8e0000, binding_type=bind, object_type=VK_OBJECT_TYPE_IMAGE, object_handle=0x603103543e60
timestamp=18011101623679, VA=000080012fa00000-0000800131080000, binding_type=bind, object_type=VK_OBJECT_TYPE_DEVICE_MEMORY, object_handle=0x603103520950
timestamp=18011101627916, VA=000080012fa00000-0000800131080000, binding_type=bind, object_type=VK_OBJECT_TYPE_IMAGE, object_handle=0x60310351fd90
timestamp=18011101950735, VA=0000800131200000-0000800132880000, binding_type=bind, object_type=VK_OBJECT_TYPE_DEVICE_MEMORY, object_handle=0x60310356f770
timestamp=18011101955774, VA=0000800131200000-0000800132880000, binding_type=bind, object_type=VK_OBJECT_TYPE_IMAGE, object_handle=0x60310356ec60
timestamp=18011102315552, VA=000080012f900000-000080012f901000, binding_type=bind, object_type=VK_OBJECT_TYPE_DEVICE_MEMORY, object_handle=0x6031035724e0
timestamp=18011102319579, VA=000080012f900000-000080012f900060, binding_type=bind, object_type=VK_OBJECT_TYPE_BUFFER, object_handle=0x60310305edb0
timestamp=18011102341390, VA=000080012f940000-000080012f941000, binding_type=bind, object_type=VK_OBJECT_TYPE_DEVICE_MEMORY, object_handle=0x603103572e60
timestamp=18011102343885, VA=000080012f940000-000080012f9401e0, binding_type=bind, object_type=VK_OBJECT_TYPE_BUFFER, object_handle=0x603103572a20
timestamp=18011109714980, VA=000080012f980000-000080012f98a000, binding_type=bind, object_type=VK_OBJECT_TYPE_DEVICE_MEMORY, object_handle=0x7391dc017bd0
timestamp=18011109727413, VA=000080012f980000-000080012f989fc0, binding_type=bind, object_type=VK_OBJECT_TYPE_BUFFER, object_handle=0x7391dc016010
timestamp=18011109801934, VA=000080012f9c0000-000080012f9d2000, binding_type=bind, object_type=VK_OBJECT_TYPE_DEVICE_MEMORY, object_handle=0x7391dc018420
timestamp=18011109806362, VA=000080012f9c0000-000080012f9d15c0, binding_type=bind, object_type=VK_OBJECT_TYPE_BUFFER, object_handle=0x7391dc017fe0
timestamp=18011132598385, VA=0000800000084000-0000800000088000, binding_type=bind, object_type=VK_OBJECT_TYPE_COMMAND_BUFFER, object_handle=0x6031032bbae0
timestamp=18011133324733, VA=00008000001ad000-00008000001b1000, binding_type=bind, object_type=VK_OBJECT_TYPE_COMMAND_BUFFER, object_handle=0x6031032c1660
timestamp=18011155829224, VA=00008000001b1000-00008000001b5000, binding_type=bind, object_type=VK_OBJECT_TYPE_COMMAND_BUFFER, object_handle=0x6031032c71e0
timestamp=18011156065018, VA=00008000001b5000-00008000001b9000, binding_type=bind, object_type=VK_OBJECT_TYPE_COMMAND_BUFFER, object_handle=0x6031032ccf20
timestamp=18011173486555, VA=00008000001b9000-00008000001bd000, binding_type=bind, object_type=VK_OBJECT_TYPE_COMMAND_BUFFER, object_handle=0x6031034549f0
timestamp=18011173689677, VA=00008000001bd000-00008000001c1000, binding_type=bind, object_type=VK_OBJECT_TYPE_COMMAND_BUFFER, object_handle=0x6031034589b0
timestamp=18011259022526, VA=0000800132a00000-0000800134a00000, binding_type=bind, object_type=VK_OBJECT_TYPE_DEVICE_MEMORY, object_handle=0x7391dc03ac50
timestamp=18011259034839, VA=0000800132a00000-0000800134a00000, binding_type=bind, object_type=VK_OBJECT_TYPE_IMAGE, object_handle=0x7391dc0210c0
timestamp=18011263985645, VA=0000800131080000-0000800131088000, binding_type=bind, object_type=VK_OBJECT_TYPE_DEVICE_MEMORY, object_handle=0x7391dc10c320
timestamp=18011263997658, VA=0000800131080000-0000800131088000, binding_type=bind, object_type=VK_OBJECT_TYPE_IMAGE, object_handle=0x7391dc022b70
timestamp=18011264347136, VA=00008001310c0000-00008001310c8000, binding_type=bind, object_type=VK_OBJECT_TYPE_DEVICE_MEMORY, object_handle=0x7391dc10c3e0
timestamp=18011264353308, VA=00008001310c0000-00008001310c8000, binding_type=bind, object_type=VK_OBJECT_TYPE_IMAGE, object_handle=0x7391dc025470
timestamp=18011264658623, VA=0000800131100000-0000800131108000, binding_type=bind, object_type=VK_OBJECT_TYPE_DEVICE_MEMORY, object_handle=0x7391dc10c4a0
timestamp=18011264663662, VA=0000800131100000-0000800131108000, binding_type=bind, object_type=VK_OBJECT_TYPE_IMAGE, object_handle=0x7391dc0c5ab0
timestamp=18011264917651, VA=0000800131140000-0000800131146000, binding_type=bind, object_type=VK_OBJECT_TYPE_DEVICE_MEMORY, object_handle=0x7391dc10c560
timestamp=18011264922390, VA=0000800131140000-0000800131146000, binding_type=bind, object_type=VK_OBJECT_TYPE_IMAGE, object_handle=0x7391dc0c8170
timestamp=18011265171178, VA=0000800131180000-0000800131186000, binding_type=bind, object_type=VK_OBJECT_TYPE_DEVICE_MEMORY, object_handle=0x7391dc10cd70
timestamp=18011265175717, VA=0000800131180000-0000800131186000, binding_type=bind, object_type=VK_OBJECT_TYPE_IMAGE, object_handle=0x7391dc0cb2b0
timestamp=18011265410529, VA=00008001311c0000-00008001311c6000, binding_type=bind, object_type=VK_OBJECT_TYPE_DEVICE_MEMORY, object_handle=0x7391dc1ad0f0
timestamp=18011265415178, VA=00008001311c0000-00008001311c6000, binding_type=bind, object_type=VK_OBJECT_TYPE_IMAGE, object_handle=0x7391dc0cd930
timestamp=18011267897313, VA=00008000001c1000-00008000001c5000, binding_type=bind, object_type=VK_OBJECT_TYPE_COMMAND_BUFFER, object_handle=0x60310345da30
timestamp=18011268118891, VA=00008000001c5000-00008000001c9000, binding_type=bind, object_type=VK_OBJECT_TYPE_COMMAND_BUFFER, object_handle=0x6031034635b0
timestamp=18011275639938, VA=0000800132880000-000080013290c000, binding_type=bind, object_type=VK_OBJECT_TYPE_DEVICE_MEMORY, object_handle=0x7391dc1ad630
timestamp=18011275649316, VA=0000800132880000-000080013290c000, binding_type=bind, object_type=VK_OBJECT_TYPE_IMAGE, object_handle=0x7391dc0d64c0
timestamp=18011276075388, VA=0000800134a00000-0000800134b60000, binding_type=bind, object_type=VK_OBJECT_TYPE_DEVICE_MEMORY, object_handle=0x7391dc10c7a0
timestamp=18011276081139, VA=0000800134a00000-0000800134b60000, binding_type=bind, object_type=VK_OBJECT_TYPE_IMAGE, object_handle=0x7391dc0da7f0
timestamp=18011277503198, VA=00008000001c9000-00008000001cd000, binding_type=bind, object_type=VK_OBJECT_TYPE_COMMAND_BUFFER, object_handle=0x603103469130
timestamp=18011277701822, VA=00008000001cd000-00008000001d1000, binding_type=bind, object_type=VK_OBJECT_TYPE_COMMAND_BUFFER, object_handle=0x60310346ecb0
timestamp=18011285145494, VA=00008000001d1000-00008000001d5000, binding_type=bind, object_type=VK_OBJECT_TYPE_COMMAND_BUFFER, object_handle=0x603103474830
timestamp=18011285719895, VA=0000800000116000-00008000001ac100, binding_type=unbind, object_type=VK_OBJECT_TYPE_COMMAND_BUFFER, object_handle=0x6031032b5f60
timestamp=18011285762866, VA=00008000000ca000-0000800000115080, binding_type=unbind, object_type=VK_OBJECT_TYPE_COMMAND_BUFFER, object_handle=0x6031032b5f60
timestamp=18011285796850, VA=000080000005e000-0000800000083840, binding_type=unbind, object_type=VK_OBJECT_TYPE_COMMAND_BUFFER, object_handle=0x6031032b5f60
timestamp=18011285821677, VA=000080000004b000-000080000005dc20, binding_type=unbind, object_type=VK_OBJECT_TYPE_COMMAND_BUFFER, object_handle=0x6031032b5f60
timestamp=18011285844270, VA=0000800000041000-000080000004a610, binding_type=unbind, object_type=VK_OBJECT_TYPE_COMMAND_BUFFER, object_handle=0x6031032b5f60
timestamp=18011285864899, VA=000080000003d000-0000800000041000, binding_type=unbind, object_type=VK_OBJECT_TYPE_COMMAND_BUFFER, object_handle=0x6031032b5f60
timestamp=18011916772843, VA=0000800134c00000-0000800135b00000, binding_type=bind, object_type=VK_OBJECT_TYPE_DEVICE_MEMORY, object_handle=0x7391cc004cd0
timestamp=18011916791899, VA=0000800134c00000-0000800135b00000, binding_type=bind, object_type=VK_OBJECT_TYPE_IMAGE, object_handle=0x7391cc004120
timestamp=18013631225280, VA=0000800135c00000-0000800136910000, binding_type=bind, object_type=VK_OBJECT_TYPE_DEVICE_MEMORY, object_handle=0x7391cc008380
timestamp=18013631237243, VA=0000800135c00000-0000800136910000, binding_type=bind, object_type=VK_OBJECT_TYPE_IMAGE, object_handle=0x7391cc0077a0
timestamp=18013720171416, VA=0000800132940000-0000800132941000, binding_type=bind, object_type=VK_OBJECT_TYPE_DEVICE_MEMORY, object_handle=0x7391dc06b420
timestamp=18013720182507, VA=0000800132940000-0000800132941000, binding_type=bind, object_type=VK_OBJECT_TYPE_IMAGE, object_handle=0x7391dc088520
timestamp=18013911462466, VA=0000800132980000-0000800132981000, binding_type=bind, object_type=VK_OBJECT_TYPE_DEVICE_MEMORY, object_handle=0x7391dc05d9f0
timestamp=18013911472795, VA=0000800132980000-0000800132981000, binding_type=bind, object_type=VK_OBJECT_TYPE_IMAGE, object_handle=0x7391dc06ee90
timestamp=18013919877778, VA=00008001329c0000-00008001329c1000, binding_type=bind, object_type=VK_OBJECT_TYPE_DEVICE_MEMORY, object_handle=0x7391dc0ab630
timestamp=18013919890822, VA=00008001329c0000-00008001329c1000, binding_type=bind, object_type=VK_OBJECT_TYPE_IMAGE, object_handle=0x7391dc08ab70
timestamp=18013920497745, VA=0000800134b80000-0000800134b81000, binding_type=bind, object_type=VK_OBJECT_TYPE_DEVICE_MEMORY, object_handle=0x7391dc082550
timestamp=18013920507894, VA=0000800134b80000-0000800134b81000, binding_type=bind, object_type=VK_OBJECT_TYPE_IMAGE, object_handle=0x7391dc08b6e0
timestamp=18013927490227, VA=0000800134bc0000-0000800134bc1000, binding_type=bind, object_type=VK_OBJECT_TYPE_DEVICE_MEMORY, object_handle=0x7391dc0ed5b0
timestamp=18013927502160, VA=0000800134bc0000-0000800134bc1000, binding_type=bind, object_type=VK_OBJECT_TYPE_IMAGE, object_handle=0x7391dc07c0b0
timestamp=18025193120390, VA=0000800135b00000-0000800135b01000, binding_type=bind, object_type=VK_OBJECT_TYPE_DEVICE_MEMORY, object_handle=0x7391dc1539a0
timestamp=18025193128926, VA=0000800135b00000-0000800135b00120, binding_type=bind, object_type=VK_OBJECT_TYPE_BUFFER, object_handle=0x7391dc1f7f60
timestamp=18025193167028, VA=0000800135b40000-0000800135b41000, binding_type=bind, object_type=VK_OBJECT_TYPE_DEVICE_MEMORY, object_handle=0x7391dc099be0
timestamp=18025193170605, VA=0000800135b40000-0000800135b40780, binding_type=bind, object_type=VK_OBJECT_TYPE_BUFFER, object_handle=0x7391dc08a790
timestamp=18025193198488, VA=0000800135b80000-0000800135b81000, binding_type=bind, object_type=VK_OBJECT_TYPE_DEVICE_MEMORY, object_handle=0x7391dc1e65f0
timestamp=18025193200712, VA=0000800135b80000-0000800135b80090, binding_type=bind, object_type=VK_OBJECT_TYPE_BUFFER, object_handle=0x7391dc08a3f0
timestamp=18025193227021, VA=0000800135bc0000-0000800135bc1000, binding_type=bind, object_type=VK_OBJECT_TYPE_DEVICE_MEMORY, object_handle=0x7391dc1659e0
timestamp=18025193229446, VA=0000800135bc0000-0000800135bc03c0, binding_type=bind, object_type=VK_OBJECT_TYPE_BUFFER, object_handle=0x7391dc080f60
timestamp=18025193254273, VA=0000800136940000-0000800136941000, binding_type=bind, object_type=VK_OBJECT_TYPE_DEVICE_MEMORY, object_handle=0x7391dc140ea0
timestamp=18025193256507, VA=0000800136940000-0000800136940090, binding_type=bind, object_type=VK_OBJECT_TYPE_BUFFER, object_handle=0x7391dc10efd0
timestamp=18025193280722, VA=0000800136980000-0000800136981000, binding_type=bind, object_type=VK_OBJECT_TYPE_DEVICE_MEMORY, object_handle=0x7391dc07db50
timestamp=18025193282706, VA=0000800136980000-00008001369803c0, binding_type=bind, object_type=VK_OBJECT_TYPE_BUFFER, object_handle=0x7391dc065bc0
timestamp=18025193306671, VA=00008001369c0000-00008001369c1000, binding_type=bind, object_type=VK_OBJECT_TYPE_DEVICE_MEMORY, object_handle=0x7391dc15b530
timestamp=18025193308545, VA=00008001369c0000-00008001369c0090, binding_type=bind, object_type=VK_OBJECT_TYPE_BUFFER, object_handle=0x7391dc1d6cb0
timestamp=18025193343250, VA=0000800136a00000-0000800136a01000, binding_type=bind, object_type=VK_OBJECT_TYPE_DEVICE_MEMORY, object_handle=0x7391dc1e76a0
timestamp=18025193345484, VA=0000800136a00000-0000800136a003c0, binding_type=bind, object_type=VK_OBJECT_TYPE_BUFFER, object_handle=0x7391dc045b80
timestamp=18025193370191, VA=0000800136a40000-0000800136a41000, binding_type=bind, object_type=VK_OBJECT_TYPE_DEVICE_MEMORY, object_handle=0x7391dc1e9020
timestamp=18025193372165, VA=0000800136a40000-0000800136a40090, binding_type=bind, object_type=VK_OBJECT_TYPE_BUFFER, object_handle=0x7391dc07e430
timestamp=18025193402281, VA=0000800136a80000-0000800136a81000, binding_type=bind, object_type=VK_OBJECT_TYPE_DEVICE_MEMORY, object_handle=0x7391dc154170
timestamp=18025193405447, VA=0000800136a80000-0000800136a803c0, binding_type=bind, object_type=VK_OBJECT_TYPE_BUFFER, object_handle=0x7391dc129a90
timestamp=18025206550318, VA=0000800136ac0000-0000800136ac1000, binding_type=bind, object_type=VK_OBJECT_TYPE_DEVICE_MEMORY, object_handle=0x7391dc11ed90
timestamp=18025206559035, VA=0000800136ac0000-0000800136ac0030, binding_type=bind, object_type=VK_OBJECT_TYPE_BUFFER, object_handle=0x7391dc0b4090
timestamp=18025206593620, VA=0000800136b00000-0000800136b01000, binding_type=bind, object_type=VK_OBJECT_TYPE_DEVICE_MEMORY, object_handle=0x7391dc1874e0
timestamp=18025206596705, VA=0000800136b00000-0000800136b000f0, binding_type=bind, object_type=VK_OBJECT_TYPE_BUFFER, object_handle=0x7391dc086740
timestamp=18025206630018, VA=0000800136b40000-0000800136b41000, binding_type=bind, object_type=VK_OBJECT_TYPE_DEVICE_MEMORY, object_handle=0x7391dc09cdd0
timestamp=18025206632733, VA=0000800136b40000-0000800136b40010, binding_type=bind, object_type=VK_OBJECT_TYPE_BUFFER, object_handle=0x7391dc07b800
timestamp=18025206662670, VA=0000800136b80000-0000800136b81000, binding_type=bind, object_type=VK_OBJECT_TYPE_DEVICE_MEMORY, object_handle=0x7391dc1631b0
timestamp=18025206665455, VA=0000800136b80000-0000800136b80050, binding_type=bind, object_type=VK_OBJECT_TYPE_BUFFER, object_handle=0x7391dc05f820
timestamp=18025211467881, VA=0000800136bc0000-0000800136bcb000, binding_type=bind, object_type=VK_OBJECT_TYPE_DEVICE_MEMORY, object_handle=0x7391dc186da0
timestamp=18025211477600, VA=0000800136bc0000-0000800136bca2c0, binding_type=bind, object_type=VK_OBJECT_TYPE_BUFFER, object_handle=0x7391dc2bb9a0
timestamp=18025211506314, VA=000080000003d000-00008000000472c0, binding_type=bind, object_type=VK_OBJECT_TYPE_COMMAND_BUFFER, object_handle=0x6031032c1660
timestamp=18025211584180, VA=0000800136c00000-0000800136c1d000, binding_type=bind, object_type=VK_OBJECT_TYPE_DEVICE_MEMORY, object_handle=0x7391dc177660
timestamp=18025211587216, VA=0000800136c00000-0000800136c1cc30, binding_type=bind, object_type=VK_OBJECT_TYPE_BUFFER, object_handle=0x7391dc2bba20
timestamp=18025211653551, VA=0000800136c40000-0000800136c41000, binding_type=bind, object_type=VK_OBJECT_TYPE_DEVICE_MEMORY, object_handle=0x7391dc1ff720
timestamp=18025211656236, VA=0000800136c40000-0000800136c40510, binding_type=bind, object_type=VK_OBJECT_TYPE_BUFFER, object_handle=0x7391dc2bbaa0
timestamp=18025211670643, VA=0000800000048000-000080000005c580, binding_type=bind, object_type=VK_OBJECT_TYPE_COMMAND_BUFFER, object_handle=0x6031032c1660
timestamp=18025211707082, VA=0000800136c80000-0000800136c81000, binding_type=bind, object_type=VK_OBJECT_TYPE_DEVICE_MEMORY, object_handle=0x7391dc1de060
timestamp=18025211710268, VA=0000800136c80000-0000800136c80980, binding_type=bind, object_type=VK_OBJECT_TYPE_BUFFER, object_handle=0x7391dc25af50
timestamp=18025211742358, VA=0000800136cc0000-0000800136cc1000, binding_type=bind, object_type=VK_OBJECT_TYPE_DEVICE_MEMORY, object_handle=0x7391dc072df0
timestamp=18025211744693, VA=0000800136cc0000-0000800136cc0510, binding_type=bind, object_type=VK_OBJECT_TYPE_BUFFER, object_handle=0x7391dc201f80
timestamp=18025211770832, VA=0000800136d00000-0000800136d01000, binding_type=bind, object_type=VK_OBJECT_TYPE_DEVICE_MEMORY, object_handle=0x7391dc1debb0
timestamp=18025211773527, VA=0000800136d00000-0000800136d00980, binding_type=bind, object_type=VK_OBJECT_TYPE_BUFFER, object_handle=0x7391dc1b2460
timestamp=18025211803433, VA=0000800136d40000-0000800136d41000, binding_type=bind, object_type=VK_OBJECT_TYPE_DEVICE_MEMORY, object_handle=0x7391dc14c4f0
timestamp=18025211805617, VA=0000800136d40000-0000800136d40140, binding_type=bind, object_type=VK_OBJECT_TYPE_BUFFER, object_handle=0x7391dc2019c0
timestamp=18025211831606, VA=0000800136d80000-0000800136d81000, binding_type=bind, object_type=VK_OBJECT_TYPE_DEVICE_MEMORY, object_handle=0x7391dc1e7530
timestamp=18025211833570, VA=0000800136d80000-0000800136d80440, binding_type=bind, object_type=VK_OBJECT_TYPE_BUFFER, object_handle=0x7391dc2ef090
timestamp=18025211897491, VA=0000800136dc0000-0000800136dc1000, binding_type=bind, object_type=VK_OBJECT_TYPE_DEVICE_MEMORY, object_handle=0x7391dc1214f0
timestamp=18025211899655, VA=0000800136dc0000-0000800136dc0980, binding_type=bind, object_type=VK_OBJECT_TYPE_BUFFER, object_handle=0x7391dc134e70
timestamp=18025211930723, VA=0000800136e00000-0000800136e02000, binding_type=bind, object_type=VK_OBJECT_TYPE_DEVICE_MEMORY, object_handle=0x7391dc1fd9b0
timestamp=18025211933218, VA=0000800136e00000-0000800136e01810, binding_type=bind, object_type=VK_OBJECT_TYPE_BUFFER, object_handle=0x7391dc2f12b0
timestamp=18025211966050, VA=0000800136e40000-0000800136e41000, binding_type=bind, object_type=VK_OBJECT_TYPE_DEVICE_MEMORY, object_handle=0x7391dc174e90
timestamp=18025211968214, VA=0000800136e40000-0000800136e40120, binding_type=bind, object_type=VK_OBJECT_TYPE_BUFFER, object_handle=0x7391dc09bf20
timestamp=18025211992269, VA=0000800136e80000-0000800136e81000, binding_type=bind, object_type=VK_OBJECT_TYPE_DEVICE_MEMORY, object_handle=0x7391dc17e310
timestamp=18025211994704, VA=0000800136e80000-0000800136e802d0, binding_type=bind, object_type=VK_OBJECT_TYPE_BUFFER, object_handle=0x7391dc2f0060
timestamp=18025212040770, VA=0000800136ec0000-0000800136ec1000, binding_type=bind, object_type=VK_OBJECT_TYPE_DEVICE_MEMORY, object_handle=0x7391dc1670a0
timestamp=18025212043876, VA=0000800136ec0000-0000800136ec05a0, binding_type=bind, object_type=VK_OBJECT_TYPE_BUFFER, object_handle=0x7391dc12d410
timestamp=18025212071098, VA=0000800136f00000-0000800136f02000, binding_type=bind, object_type=VK_OBJECT_TYPE_DEVICE_MEMORY, object_handle=0x7391dc1e81d0
timestamp=18025212073041, VA=0000800136f00000-0000800136f012e0, binding_type=bind, object_type=VK_OBJECT_TYPE_BUFFER, object_handle=0x7391dc2f4930
timestamp=18025212157681, VA=0000800136f40000-0000800136f41000, binding_type=bind, object_type=VK_OBJECT_TYPE_DEVICE_MEMORY, object_handle=0x7391dc133810
timestamp=18025212159734, VA=0000800136f40000-0000800136f40bd0, binding_type=bind, object_type=VK_OBJECT_TYPE_BUFFER, object_handle=0x7391dc153ce0
timestamp=18025212188398, VA=0000800136f80000-0000800136f82000, binding_type=bind, object_type=VK_OBJECT_TYPE_DEVICE_MEMORY, object_handle=0x7391dc22f150
timestamp=18025212190603, VA=0000800136f80000-0000800136f81880, binding_type=bind, object_type=VK_OBJECT_TYPE_BUFFER, object_handle=0x7391dc2f5a60
timestamp=18025212223044, VA=0000800136fc0000-0000800136fc1000, binding_type=bind, object_type=VK_OBJECT_TYPE_DEVICE_MEMORY, object_handle=0x7391dc16a3d0
timestamp=18025212224917, VA=0000800136fc0000-0000800136fc08f0, binding_type=bind, object_type=VK_OBJECT_TYPE_BUFFER, object_handle=0x7391dc1f1d60
timestamp=18025212251768, VA=0000800137000000-0000800137002000, binding_type=bind, object_type=VK_OBJECT_TYPE_DEVICE_MEMORY, object_handle=0x7391dc14a3d0
timestamp=18025212253982, VA=0000800137000000-00008001370016a0, binding_type=bind, object_type=VK_OBJECT_TYPE_BUFFER, object_handle=0x7391dc2f3fa0
timestamp=18025212286123, VA=0000800137040000-0000800137041000, binding_type=bind, object_type=VK_OBJECT_TYPE_DEVICE_MEMORY, object_handle=0x7391dc12bb50
timestamp=18025212287966, VA=0000800137040000-0000800137040980, binding_type=bind, object_type=VK_OBJECT_TYPE_BUFFER, object_handle=0x7391dc179110
timestamp=18025212311861, VA=0000800137080000-0000800137082000, binding_type=bind, object_type=VK_OBJECT_TYPE_DEVICE_MEMORY, object_handle=0x7391dc167d00
timestamp=18025212313735, VA=0000800137080000-00008001370816a0, binding_type=bind, object_type=VK_OBJECT_TYPE_BUFFER, object_handle=0x7391dc233520
timestamp=18025212352247, VA=00008001370c0000-00008001370c3000, binding_type=bind, object_type=VK_OBJECT_TYPE_DEVICE_MEMORY, object_handle=0x7391dc161320
timestamp=18025212354091, VA=00008001370c0000-00008001370c2b20, binding_type=bind, object_type=VK_OBJECT_TYPE_BUFFER, object_handle=0x7391dc182100
timestamp=18025212381983, VA=0000800137100000-000080013710a000, binding_type=bind, object_type=VK_OBJECT_TYPE_DEVICE_MEMORY, object_handle=0x7391dc05eba0
timestamp=18025212383827, VA=0000800137100000-0000800137109950, binding_type=bind, object_type=VK_OBJECT_TYPE_BUFFER, object_handle=0x7391dc2317a0
timestamp=18025212399737, VA=00008000000ca000-00008000000f2b00, binding_type=bind, object_type=VK_OBJECT_TYPE_COMMAND_BUFFER, object_handle=0x6031032c1660
timestamp=18025220995628, VA=0000800137140000-0000800137141000, binding_type=bind, object_type=VK_OBJECT_TYPE_DEVICE_MEMORY, object_handle=0x7391dc200c90
timestamp=18025221010847, VA=0000800137140000-00008001371403b0, binding_type=bind, object_type=VK_OBJECT_TYPE_BUFFER, object_handle=0x7391dc257fd0
timestamp=18025221044330, VA=0000800137180000-0000800137181000, binding_type=bind, object_type=VK_OBJECT_TYPE_DEVICE_MEMORY, object_handle=0x7391dc15f950
timestamp=18025221046865, VA=0000800137180000-0000800137180930, binding_type=bind, object_type=VK_OBJECT_TYPE_BUFFER, object_handle=0x7391dc2bd0e0
timestamp=18025303344647, VA=0000800000048000-000080000005c580, binding_type=unbind, object_type=VK_OBJECT_TYPE_COMMAND_BUFFER, object_handle=0x6031032c1660
timestamp=18025303365467, VA=000080000003d000-00008000000472c0, binding_type=unbind, object_type=VK_OBJECT_TYPE_COMMAND_BUFFER, object_handle=0x6031032c1660
timestamp=18025303382178, VA=00008000001ad000-00008000001b1000, binding_type=unbind, object_type=VK_OBJECT_TYPE_COMMAND_BUFFER, object_handle=0x6031032c1660
timestamp=18025310945896, VA=0000800137200000-0000800137a70000, binding_type=bind, object_type=VK_OBJECT_TYPE_DEVICE_MEMORY, object_handle=0x7391c8004cd0
timestamp=18025310960012, VA=0000800137200000-0000800137a70000, binding_type=bind, object_type=VK_OBJECT_TYPE_IMAGE, object_handle=0x7391c8004160
timestamp=18025314744651, VA=0000800137c00000-0000800139160000, binding_type=bind, object_type=VK_OBJECT_TYPE_DEVICE_MEMORY, object_handle=0x7391dc176b70
timestamp=18025314755822, VA=0000800137c00000-0000800139160000, binding_type=bind, object_type=VK_OBJECT_TYPE_IMAGE, object_handle=0x7391dc327c10
timestamp=18025315025080, VA=0000800137a80000-0000800137b70000, binding_type=bind, object_type=VK_OBJECT_TYPE_DEVICE_MEMORY, object_handle=0x7391c8007b90
timestamp=18025315038144, VA=0000800137a80000-0000800137b70000, binding_type=bind, object_type=VK_OBJECT_TYPE_IMAGE, object_handle=0x7391c8006ff0
timestamp=18025317993882, VA=0000800139200000-0000800139480000, binding_type=bind, object_type=VK_OBJECT_TYPE_DEVICE_MEMORY, object_handle=0x7391c800ac00
timestamp=18025318012066, VA=0000800139200000-0000800139480000, binding_type=bind, object_type=VK_OBJECT_TYPE_IMAGE, object_handle=0x7391c800a040
timestamp=18025339817130, VA=0000800137b80000-0000800137be0000, binding_type=bind, object_type=VK_OBJECT_TYPE_DEVICE_MEMORY, object_handle=0x7391dc1467f0
timestamp=18025339827359, VA=0000800137b80000-0000800137be0000, binding_type=bind, object_type=VK_OBJECT_TYPE_IMAGE, object_handle=0x7391dc2dd650
timestamp=18025339976340, VA=0000800139600000-0000800139b60000, binding_type=bind, object_type=VK_OBJECT_TYPE_DEVICE_MEMORY, object_handle=0x7391dc1fac20
timestamp=18025339980107, VA=0000800139600000-0000800139b60000, binding_type=bind, object_type=VK_OBJECT_TYPE_IMAGE, object_handle=0x7391dc292f80
timestamp=18026578507053, VA=0000800100080000-0000800100081000, binding_type=bind, object_type=VK_OBJECT_TYPE_DEVICE_MEMORY, object_handle=0x7391dc14ae90
timestamp=18026578516811, VA=0000800100080000-0000800100080960, binding_type=bind, object_type=VK_OBJECT_TYPE_BUFFER, object_handle=0x7391dc37aeb0
timestamp=18026578545565, VA=0000800100100000-0000800100102000, binding_type=bind, object_type=VK_OBJECT_TYPE_DEVICE_MEMORY, object_handle=0x7391dc2db130
timestamp=18026578548030, VA=0000800100100000-00008001001018e0, binding_type=bind, object_type=VK_OBJECT_TYPE_BUFFER, object_handle=0x7391dc0d3190
timestamp=18026578644953, VA=00008001371c0000-00008001371c2000, binding_type=bind, object_type=VK_OBJECT_TYPE_DEVICE_MEMORY, object_handle=0x7391dc1d8420
timestamp=18026578647668, VA=00008001371c0000-00008001371c1200, binding_type=bind, object_type=VK_OBJECT_TYPE_BUFFER, object_handle=0x7391dc3127d0
timestamp=18026578679698, VA=0000800139180000-0000800139183000, binding_type=bind, object_type=VK_OBJECT_TYPE_DEVICE_MEMORY, object_handle=0x7391dc39de10
timestamp=18026578682443, VA=0000800139180000-00008001391824c0, binding_type=bind, object_type=VK_OBJECT_TYPE_BUFFER, object_handle=0x7391dc2adb10
timestamp=18026578697692, VA=000080000003d000-0000800000045000, binding_type=bind, object_type=VK_OBJECT_TYPE_COMMAND_BUFFER, object_handle=0x60310346ecb0
timestamp=18026627508055, VA=00008000001cd000-00008000001d1000, binding_type=unbind, object_type=VK_OBJECT_TYPE_COMMAND_BUFFER, object_handle=0x60310346ecb0
timestamp=18028649776779, VA=00008001391c0000-00008001391eb000, binding_type=bind, object_type=VK_OBJECT_TYPE_DEVICE_MEMORY, object_handle=0x7391dc22c770
timestamp=18028649790726, VA=00008001391c0000-00008001391ea640, binding_type=bind, object_type=VK_OBJECT_TYPE_BUFFER, object_handle=0x7391dc2618c0
timestamp=18028649907927, VA=0000800139c00000-0000800139e36000, binding_type=bind, object_type=VK_OBJECT_TYPE_DEVICE_MEMORY, object_handle=0x7391dc2c0330
timestamp=18028649910962, VA=0000800139c00000-0000800139e35320, binding_type=bind, object_type=VK_OBJECT_TYPE_BUFFER, object_handle=0x7391dc34bb30
timestamp=18028650507766, VA=0000800139480000-0000800139499000, binding_type=bind, object_type=VK_OBJECT_TYPE_DEVICE_MEMORY, object_handle=0x7391dc334610
timestamp=18028650520571, VA=0000800139480000-0000800139499000, binding_type=bind, object_type=VK_OBJECT_TYPE_IMAGE, object_handle=0x7391dc31c340
timestamp=18028655199825, VA=00008001394c0000-00008001395c0000, binding_type=bind, object_type=VK_OBJECT_TYPE_DEVICE_MEMORY, object_handle=0x7391dc422ad0
timestamp=18028655209743, VA=00008001394c0000-00008001395c0000, binding_type=bind, object_type=VK_OBJECT_TYPE_IMAGE, object_handle=0x7391dc3b3ed0
timestamp=18028681961946, VA=00008001395c0000-00008001395d9000, binding_type=bind, object_type=VK_OBJECT_TYPE_DEVICE_MEMORY, object_handle=0x7391dc411db0
timestamp=18028681979589, VA=00008001395c0000-00008001395d9000, binding_type=bind, object_type=VK_OBJECT_TYPE_IMAGE, object_handle=0x7391dc476870
timestamp=18028692006847, VA=0000800139b80000-0000800139b99000, binding_type=bind, object_type=VK_OBJECT_TYPE_DEVICE_MEMORY, object_handle=0x7391dc139e70
timestamp=18028692021094, VA=0000800139b80000-0000800139b99000, binding_type=bind, object_type=VK_OBJECT_TYPE_IMAGE, object_handle=0x7391dc4e62d0
